"ST","adk","fumC","gyrB","icd","mdh","purA","recA","lane"
"362","62","100","17","31","5","5","4","15966_8_10"
"69","21","35","27","6","5","5","4","15966_8_11"
"504","76","43","9","36","17","14","10","15966_8_12"
"12","13","13","9","13","16","10","9","15966_8_13"
"69","21","35","27","6","5","5","4","15966_8_14"
"196","6","19","3","16","9","8","6","15966_8_15"
"391","4","26","2","25","59","5","62","15966_8_16"
"391","4","26","2","25","59","5","62","15966_8_17"
"223","6","4","4","18","24","8","14","15966_8_18"
"335","29","12","8","12","15","2","2","15966_8_19"
"73","36","24","9","13","17","11","25","15966_8_1"
"59","27","32","24","29","26","19","22","15966_8_22"
"69","21","35","27","6","5","5","4","15966_8_23"
"5148","83","627","245","404","91","17","181","15966_8_24"
"6425","582","13","9","13","16","10","9","15966_8_25"
"652","6","4","33","132","20","12","7","15966_8_26"
"5148","83","627","245","404","91","17","181","15966_8_27"
"69","21","35","27","6","5","5","4","15966_8_28"
"12","13","13","9","13","16","10","9","15966_8_29"
"12","13","13","9","13","16","10","9","15966_8_2"
"15","15","15","11","15","18","11","11","15966_8_30"
"167","10","11","4","8","8","13","2","15966_8_31"
"131","53","40","47","13","36","28","29","15966_8_32"
"1567","46","26","208","6","4","16","4","15966_8_33"
"10","10","11","4","8","8","8","2","15966_8_34"
"131","53","40","47","13","36","28","29","15966_8_35"
"4656","6","11","4","8","8","18","2","15966_8_36"
"636","13","108","10","97","18","68","93","15966_8_38"
"69","21","35","27","6","5","5","4","15966_8_39"
"52","6","11","5","1","20","8","2","15966_8_3"
"10","10","11","4","8","8","8","2","15966_8_40"
"1567","46","26","208","6","4","16","4","15966_8_41"
"12","13","13","9","13","16","10","9","15966_8_42"
"12","13","13","9","13","16","10","9","15966_8_43"
"405","35","37","29","25","4","5","73","15966_8_44"
"48","6","11","4","8","8","8","2","15966_8_45"
"10","10","11","4","8","8","8","2","15966_8_46"
"131","53","40","47","13","36","28","29","15966_8_47"
"6426","6","29","14","16","11","40","2","15966_8_48"
"10","10","11","4","8","8","8","2","15966_8_49"
"131","53","40","47","13","36","28","29","15966_8_4"
"405","35","37","29","25","4","5","73","15966_8_50"
"62","28","33","25","29","7","11","24","15966_8_51"
"500","6","11","15","9","63","18","7","15966_8_52"
"1312","6","11","4","8","8","78","2","15966_8_53"
"73","36","24","9","13","17","11","25","15966_8_54"
"12","13","13","9","13","16","10","9","15966_8_55"
"73","36","24","9","13","17","11","25","15966_8_56"
"38","4","26","2","25","5","5","19","15966_8_58"
"131","53","40","47","13","36","28","29","15966_8_59"
"361","10","99","5","91","8","7","2","15966_8_5"
"10","10","11","4","8","8","8","2","15966_8_61"
"12","13","13","9","13","16","10","9","15966_8_62"
"648","92","4","87","96","70","58","2","15966_8_63"
"131","53","40","47","13","36","28","29","15966_8_64"
"448","6","6","5","16","11","8","7","15966_8_65"
"410","6","4","12","1","20","18","7","15966_8_66"
"167","10","11","4","8","8","13","2","15966_8_67"
"648","92","4","87","96","70","58","2","15966_8_68"
"391","4","26","2","25","59","5","62","15966_8_69"
"131","53","40","47","13","36","28","29","15966_8_6"
"2279","53","40","47","13","36","8","29","15966_8_70"
"131","53","40","47","13","36","28","29","15966_8_71"
"448","6","6","5","16","11","8","7","15966_8_72"
"280","6","25","7","19","1","2","2","15966_8_73"
"167","10","11","4","8","8","13","2","15966_8_75"
"131","53","40","47","13","36","28","29","15966_8_76"
"391","4","26","2","25","59","5","62","15966_8_77"
"12","13","13","9","13","16","10","9","15966_8_78"
"1163","20","45","56","106","7","50","46","15966_8_79"
"6424","8","7","1","8","8","18","460","15966_8_7"
"131","53","40","47","13","36","28","29","15966_8_80"
"648","92","4","87","96","70","58","2","15966_8_81"
"131","53","40","47","13","36","28","29","15966_8_82"
"131","53","40","47","13","36","28","29","15966_8_84"
"617","10","11","4","8","8","13","73","15966_8_85"
"131","53","40","47","13","36","28","29","15966_8_8"
"4358","6","11","95","104","8","8","2","15966_8_94"
"977","6","188","15","9","63","18","7","15966_8_9"
"501","35","132","2","27","37","5","4","16228_1_16"
"68","33","26","2*","31","5","16","19","16228_1_17"
"12","13","13","9","13","16","10","9","16228_1_20"
"354","85","88","78","29*","59","58","62*","16228_1_22"
"8573","218","755","27","6","5","1","199","16228_1_24"
"1286","10","174","4","8","8","8","2","16228_1_33"
"399","6","4","1","95","69","8","20","16228_1_41"
"131","53","40","47","13","36","28","29","16228_1_42"
"6427","34","36","545","87","67","16","4","16228_1_43"
"2141","101","88","262","281","59","215","196","16228_1_44"
"38","4","26","2","25","5","5","19","16228_1_45"
"636","13","108","10","97","18","68","93","16228_1_46"
"617","10","11","4","8","8","13","73","16228_1_48"
"120","49","4","44","9","11","35","7","16228_1_62"
"131","53*","40*","47*","13*","36*","28*","29*","18090_6_33"
"131","53","40","47","13","36","28","29","18090_6_34"
"131","53","40","47","13","36","28","29","18090_6_35"
"542","112","11","5","12","8","8","86","18090_6_36"
"5940","20","762","41","43","5","32","2","18090_6_37"
"38","4","26","2","25","5","5","19","18090_6_38"
"46","8","7","1","8","8","8","6","18090_6_39"
"617","10","11","4","8","8","13","73","18090_6_40"
"131","53","40","47","13","36","28","29","18090_6_41"
"5941","53","40","47","606","36","28","29","18090_6_42"
"131","53","40","47","13","36","28","29","18090_6_43"
"131","53","40","47","13","36","28","29","18090_6_44"
"58","6","4","4","16","24","8","14","18090_6_45"
"101","43","41","15","18","11","7","6","18090_6_48"
"58","6","4","4","16","24","8","14","18090_6_50"
"206","6","7","5","1","8","18","2","18090_6_51"
"641","9","6","33","131","24","8","7","18090_6_52"
"10","10","11","4","8","8","8","2","18090_6_53"
"744","10","11","135","8","8","8","2","18090_6_55"
"131","53","40","47","13","36","28","29","18090_6_56"
"44","10","11","4","8","8","8","7","18090_6_57"
"1602","136","11","4","1","8","18","2","18090_6_58"
"405","35","37","29","25","4","5","73","18090_6_59"
"3045","34","36","28","353","28","16","4","18090_6_60"
"10","10","11","4","8","8","8","2","18090_6_61"
"88","6","4","12","1","20","12","7","18090_6_63"
"457","101","88","97","108","26","79","2","18090_6_80"
"131","53","40","47","13","36","28","29","18090_6_81"
"69","21","35","27","6","5","5","4","18090_6_82"
"428","96","40","13","100","23","28","66","18090_6_83"
"38","4","26","2","25","5","5","19","18090_6_84"
"405","35","37","29","25","4","5","73","18090_6_85"
"75","6","6","5","10","20","23","6","18090_6_86"
"44","10","11","4","8","8","8","7","18090_6_87"
"131","53","40","47","13","36","28","29","18090_6_88"
"69","21","35","27","6","5","5","4","18090_6_89"
"442","6","95","33","18","9","8","14","18090_6_90"
"131","53","40","47","13","36","28","29","18090_6_91"
"457","101","88","97","108","26","79","2","18090_6_92"
"354","85","88","78","29","59","58","62","18090_6_93"
"38","4","26","2","25","5","5","19","18090_6_94"
"196","6","19","3","16","9","8","6","18090_6_95"
"131","53","40","47","13","36","28","29","18090_7_10"
"131","53","40","47","13","36","28","29","18090_7_11"
"2003","4","26","2","25","4","5","19","18090_7_12"
"131","53","40","47","13","36","28","29","18090_7_13"
"410","6","4","12","1","20","18","7","18090_7_14"
"405","35","37","29","25","4","5","73","18090_7_15"
"405","35","37","29","25","4","5","73","18090_7_16"
"5942","9","175","33","131","11","8","6","18090_7_17"
"38","4","26","2","25","5","5","19","18090_7_18"
"95","37","38","19","37","17","11","26","18090_7_19"
"2003","4","26","2","25","4","5","19","18090_7_1"
"131","53","40","47","13","36","28","29","18090_7_20"
"648","92","4","87","96","70","58","2","18090_7_21"
"354","85","88","78","29","59","58","62","18090_7_22"
"2186","6","4","5","16","11","8","6","18090_7_23"
"457","101","88","97","108","26","79","2","18090_7_24"
"44","10","11","4","8","8","8","7","18090_7_25"
"131","53","40","47","13","36","28","29","18090_7_26"
"131","53","40","47","13","36","28","29","18090_7_27"
"131","53","40","47","13","36","28","29","18090_7_28"
"131","53","40","47","13","36","28","29","18090_7_29"
"131","53","40","47","13","36","28","29","18090_7_2"
"10","10","11","4","8","8","8","2","18090_7_30"
"410","6","4","12","1","20","18","7","18090_7_31"
"131","53","40","47","13","36","28","29","18090_7_32"
"1193","14","14","10","200","17","7","10","18090_7_33"
"410","6","4","12","1","20","18","7","18090_7_34"
"421","37","38","19","37","17","8","26","18090_7_35"
"131","53","40","47","13","36","28","29","18090_7_36"
"131","53","40","47","13","36","28","29","18090_7_37"
"648","92","4","87","96","70","58","2","18090_7_38"
"2003","4","26","2","25","4","5","19","18090_7_39"
"457","101","88","97","108","26","79","2","18090_7_3"
"457","101","88","97","108","26","79","2","18090_7_40"
"131","53","40","47","13","36","28","29","18090_7_41"
"457","101","88","97","108","26","79","2","18090_7_43"
"127","13","14","19","36","23","11","10","18090_7_44"
"10","10","11","4","8","8","8","2","18090_7_45"
"542","112","11","5","12","8","8","86","18090_7_46"
"6624","528","7","1","8","469","8","6","18090_7_47"
"5943","6","7","5","1","291","8","2","18090_7_48"
"405","35","37","29","25","4","5","73","18090_7_4"
"2003","4","26","2","25","4","5","19","18090_7_50"
"218","10","11","4","12","8","8","2","18090_7_52"
"877","9","175","33","131","24","8","7","18090_7_53"
"48","6","11","4","8","8","8","2","18090_7_54"
"48","6","11","4","8","8","8","2","18090_7_55"
"6622","10","11","4","607","8","8","2","18090_7_56"
"405","35","37","29","25","4","5","73","18090_7_58"
"5944","112","11","485","12","8","8","86","18090_7_59"
"131","53","40","47","13","36","28","29","18090_7_5"
"538","13","40","19","13","36","28","30","18090_7_60"
"4214","112","11","4","12","8","8","86","18090_7_62"
"5945","9","175","33","8","24","8","7","18090_7_63"
"48","6*","11*","4","8","8*","8","2","18090_7_64"
"746","10*","7*","4","8","12","8","2","18090_7_65"
"205","6","23","15","16","9","8","7","18090_7_66"
"10","10*","11*","4*","8*","8*","8*","2*","18090_7_67"
"191","6","29","5","18","11","8","41","18090_7_68"
"2179","9","65","5","18","11","8","6","18090_7_6"
"1642","6","4","5","18","11","8","6","18090_7_70"
"165","10","27","5","10","12","8","2","18090_7_73"
"5558","6","704","69","18","7","23","6","18090_7_75"
"1056","6","19","3","18","9","8","6","18090_7_78"
"1196","6","6","33","26","11","8","2","18090_7_79"
"410","6","4","12","1","20","18","7","18090_7_7"
"847","6","6","5","26","9","13","98","18090_7_80"
"38","4","26","2","25","5","5","19","18090_7_82"
"3268","4","26","2","363","5","5","19","18090_7_85"
"131","53","40","47","13","36","28","29","18090_7_86"
"398","64","7","1","1","8","8","6","18090_7_87"
"131","53","40","47","13","36","28","29","18090_7_88"
"196","6","19","3","16","9","8","6","18090_7_89"
"410","6","4","12","1","20","18","7","18090_7_8"
"1001","6","23","4","18","7","7","6","18090_7_90"
"877","9","175","33","131","24","8","7","18090_7_92"
"410","6","4","12","1","20","18","7","18090_7_93"
"354","85","88","78","29","59","58","62","18090_7_94"
"405","35","37","29","25","4","5","73","18090_7_9"
"48","6","11","4","8","8","8","2","18090_8_11"
"5948","10","767","4","8","8","8","2","18090_8_12"
"20","6","4","3","18","7","7","6","18090_8_13"
"405","35","37","29","25","4","5","73","18090_8_15"
"38","4","26","2","25","5","5","19","18090_8_16"
"410","6","4","12","1","20","18","7","18090_8_17"
"2003","4","26","2","25","4","5","19","18090_8_18"
"93","6","11","4","10","7","8","6","18090_8_19"
"5949","9","6","33","131","470","8","7","18090_8_20"
"1295","6","4","5","9","9","8","2","18090_8_21"
"354","85","88","78","29","59","58","62","18090_8_22"
"354","85","88","78","29","59","58","62","18090_8_23"
"10","10","11","4","8","8","8","2","18090_8_24"
"10","10","11","4","8","8","8","2","18090_8_25"
"88","6","4","12","1","20","12","7","18090_8_26"
"2165","6","23","3","16","9","7","7","18090_8_27"
"410","6","4","12","1","20","18","7","18090_8_28"
"5950","9","6","33","131","24","8","417","18090_8_29"
"34","10","11","4","1","8","8","2","18090_8_2"
"5951","64","23","1","1","8","18","6","18090_8_30"
"654","6","95","5","18","9","8","6","18090_8_33"
"1585","10","11","4","8","8","1","2","18090_8_3"
"5946","6","11","5","8","179","8","2","18090_8_4"
"345","6","4","14","1","20","62","7","18090_8_5"
"716","10","7","4","140","8","8","2","18090_8_6"
"345","6","4","14","1","20","62","7","18090_8_7"
"38","4","26","2","25","5","5","19","18090_8_84"
"5947","529","7","1","8","8","8","6","18090_8_8"
"316","6","23","33","18","11","8","6","6649_2_10"
"4","6","5","4","8","8","8","2","6649_2_11"
"2353","6","5","4","107","8","8","2","6649_2_12"
"182","6","58","54","54","1","2","47","6649_2_13"
"2332","274","4","96","1","24","8","6","6649_2_14"
"2332","274","4","96","1","24","8","6","6649_2_15"
"4","6","5","4","8","8","8","2","6649_2_16"
"2332","274","4","96","1","24","8","6","6649_2_17"
"443","6","19","15","16","9","8","7","6649_2_18"
"2353","6","5","4","107","8","8","2","6649_2_19"
"2353","6","5","4","107","8","8","2","6649_2_1"
"443","6","19","15","16","9","8","7","6649_2_20"
"398","64","7","1","1","8","8","6","6649_2_21"
"5532","274","4","96","1","432","8","6","6649_2_22"
"443","6","19","15","16","9","8","7","6649_2_23"
"173","6","6","15","16","42","46","7","6649_2_24"
"2353","6","5","4","107","8","8","2","6649_2_3"
"4","6","5","4","8","8","8","2","6649_2_4"
"4","6","5","4","8","8","8","2","6649_2_5"
"443","6","19","15","16","9","8","7","6649_2_6"
"316","6","23","33","18","11","8","6","6649_2_7"
"182","6","58","54","54","1","2","47","6649_2_8"
"182","6","58","54","54","1","2","47","6649_2_9"
"10","10","11","4","8","8","8","2","6732_2_10"
"443","6","19","15","16","9","8","7","6732_2_11"
"94","41","6","5","16","11","8","7","6732_2_12"
"182","6","58","54","54","1","2","47","6732_2_13"
"10","10","11","4","8","8","8","2","6732_2_14"
"443","6","19","15","16","9","8","7","6732_2_15"
"182","6","58","54","54","1","2","47","6732_2_16"
"316","6","23","33","18","11","8","6","6732_2_17"
"173","6","6","15","16","42","46","7","6732_2_18"
"2332","274","4","96","1","24","8","6","6732_2_19"
"2353","6","5","4","107","8","8","2","6732_2_1"
"4","6","5","4","8","8","8","2","6732_2_20"
"443","6","19","15","16","9","8","7","6732_2_21"
"173","6","6","15","16","42","46","7","6732_2_22"
"443","6","19","15","16","9","8","7","6732_2_23"
"3853","9","4","4","16","24","8","7","6732_2_24"
"1497","64","7","1","1","8","18","6","6732_2_2"
"2353","6","5","4","107","8","8","2","6732_2_3"
"398","64","7","1","1","8","8","6","6732_2_4"
"2353","6","5","4","107","8","8","2","6732_2_5"
"2332","274","4","96","1","24","8","6","6732_2_6"
"443","6","19","15","16","9","8","7","6732_2_7"
"2353","6","5","4","107","8","8","2","6732_2_8"
"443","6","19","15","16","9","8","7","6732_2_9"
"23","6","4","12","1","20","13","7","6753_7_10"
"4","6","5","4","8","8","8","2","6753_7_11"
"96","10","11","5","38","7","8","2","6753_7_12"
"4","6","5","4","8","8","8","2","6753_7_13"
"443","6*","19*","15*","16*","9","8","7","6753_7_14"
"58","6","4","4","16","24","8","14","6753_7_15"
"278","9","23","64","18","11","8","6","6753_7_16"
"10","10","11","4","8","8","8","2","6753_7_17"
"1312","6","11","4","8","8","78","2","6753_7_18"
"5305","435","6","15","16","42","46","7","6753_7_19"
"2353","6","5","4","107","8","8","2","6753_7_1"
"4","6","5","4","8","8","8","2","6753_7_20"
"5584","52","54","46","48","438","40","38","6753_7_21"
"398","64","7","1","1","8","8","6","6753_7_22"
"448","6","6","5","16","11","8","7","6753_7_23"
"398","64","7","1","1","8","8","6","6753_7_24"
"96","10","11","5","38","7","8","2","6753_7_2"
"443","6","19","15","16","9","8","7","6753_7_3"
"10","10","11","4","8","8","8","2","6753_7_4"
"173","6","6","15","16","42","46","7","6753_7_5"
"173","6","6","15","16","42","46","7","6753_7_6"
"4","6","5","4","8","8","8","2","6753_7_7"
"173","6","6","15","16","42","46","7","6753_7_8"
"5286","6","4","441","1","20","13","7","6753_7_9"
"5272","6","651","15","16","42","46","7","6753_8_10"
"443","6","19","15","16","9","8","7","6753_8_11"
"398","64","7","1","1","8","8","6","6753_8_12"
"5239","10","641","4","8","8","8","2","6753_8_13"
"206","6","7","5","1","8","18","2","6753_8_14"
"316","6","23","33","18","11","8","6","6753_8_15"
"443","6","19","15","16","9","8","7","6753_8_16"
"1380","35","35","61","52","5","5","4","6753_8_17"
"4","6","5","4","8","8","8","2","6753_8_18"
"5607","6","4","4","16","24","8","387","6753_8_19"
"398","64","7","1","1","8","8","6","6753_8_1"
"58","6","4","4","16","24","8","14","6753_8_20"
"223","6","4","4","18","24","8","14","6753_8_21"
"1497","64","7","1","1","8","18","6","6753_8_22"
"443","6","19","15","16","9","8","7","6753_8_23"
"5305","435","6","15","16","42","46","7","6753_8_24"
"4","6","5","4","8","8","8","2","6753_8_2"
"398","64","7","1","1","8","8","6","6753_8_3"
"5272","6","651","15","16","42","46","7","6753_8_4"
"2353","6","5","4","107","8","8","2","6753_8_5"
"410","6","4","12","1","20","18","7","6753_8_6"
"3854","6","5","4","8","8","18","2","6753_8_7"
"316","6","23","33","18","11","8","6","6753_8_8"
"398","64","7","1","1","8","8","6","6753_8_9"
"2353","6","5","4","107","8","8","2","7067_5_10"
"7","9","8","5","1","11","8","7","7067_5_11"
"5348","6","5","4","107","8","8","360","7067_5_12"
"443","6","19","15","16","9","8","7","7067_5_13"
"4","6","5","4","8","8","8","2","7067_5_14"
"1308","6","6","33","1","24","8","7","7067_5_15"
"4","6","5","4","8","8","8","2","7067_5_16"
"443","6","19","15","16","9","8","7","7067_5_17"
"5344","445","19","15","16","9","8","7","7067_5_18"
"443","6","19","15","16","9","8","7","7067_5_19"
"4","6","5","4","8","8","8","2","7067_5_1"
"443","6","19","15","16","9","8","7","7067_5_20"
"10","10","11","4","8","8","8","2","7067_5_21"
"2353","6","5","4","107","8","8","2","7067_5_22"
"173","6","6","15","16","42","46","7","7067_5_23"
"4","6","5","4","8","8","8","2","7067_5_24"
"443","6","19","15","16","9","8","7","7067_5_25"
"5305","435","6","15","16","42","46","7","7067_5_26"
"173","6","6","15","16","42","46","7","7067_5_27"
"443","6","19","15","16","9","8","7","7067_5_28"
"173","6","6","15","16","42","46","7","7067_5_29"
"182","6*","58*","54*","54*","1*","2*","47*","7067_5_2"
"1312","6","11*","4","8*","8*","78*","2*","7067_5_4"
"2353","6","5","4","107","8","8","2","7067_5_6"
"117","20","45","41","43","5","32","2","7067_5_7"
"23","6*","4*","12*","1","20*","13*","7","7067_5_8"
"7","9","8","5","1","11","8","7","7067_5_9"
"4","6","5","4","8","8","8","2","7114_1_10"
"443","6","19","15","16","9","8","7","7114_1_11"
"5305","435","6","15","16","42","46","7","7114_1_12"
"5270","433","4","12","1","9","2","7","7114_1_16"
"295","6","4","12","1","9","2","7","7114_1_17"
"10","10","11","4","8","8","8","2","7114_1_18"
"443","6","19","15","16","9","8","7","7114_1_19"
"443","6","19","15","16","9","8","7","7114_1_1"
"443","6","19","15","16","9","8","7","7114_1_20"
"443","6","19","15","16","9","8","7","7114_1_21"
"182","6","58","54","54","1","2","47","7114_1_22"
"1490","9","6","204","131","24","8","7","7114_1_23"
"173","6","6","15","16","42","46","7","7114_1_24"
"405","35","37","29","25","4","5","73","7114_1_25"
"1490","9","6","204","131","24","8","7","7114_1_26"
"443","6","19","15","16","9","8","7","7114_1_2"
"173","6","6","15","16","42","46","7","7114_1_3"
"423","6","4","33","1","20","12","7","7114_1_4"
"4","6","5","4","8","8","8","2","7114_1_5"
"182","6","58","54","54","1","2","47","7114_1_6"
"443","6","19","15","16","9","8","7","7114_1_7"
"173","6","6","15","16","42","46","7","7114_1_8"
"5795","6","4","12","1","20","13","407","7114_1_9"
"1312","6","11","4","8","8","78","2","7521_1_10"
"410","6","4","12","1","20","18","7","7521_1_11"
"5265","10","11","4","8","8","8","352","7521_1_12"
"5265","10","11","4","8","8","8","352","7521_1_13"
"23","6","4","12*","1","20*","13*","7","7521_1_14"
"940","6","6","22","16","11","1","7","7521_1_15"
"3855","6","11","15","9","63","5","7","7521_1_16"
"641","9","6","33","131","24","8","7","7521_1_17"
"100","10","27","5","10","12","9","2","7521_1_18"
"731","6","122","57","1","8","8","81","7521_1_19"
"94","41","6","5","16","11","8","7","7521_1_1"
"5264","10","11","438","8","8","8","351","7521_1_20"
"5264","10","11","438","8","8","8","351","7521_1_21"
"23","6","4","12","1","20","13","7","7521_1_22"
"3856","10","7","5","8","8","8","2","7521_1_23"
"5314","10","657","4","8","8","8","2","7521_1_25"
"3857","9","6","162","131","24","8","7","7521_1_26"
"182","6","58","54","54","1","2","47","7521_1_27"
"5428","142","24","19","14","422","94","2","7521_1_28"
"641","9","6","33","131","24","8","7","7521_1_29"
"398","64","7","1","1","8","8","6","7521_1_2"
"3857","9","6","162","131","24","8","7","7521_1_30"
"1139","8","7","1","8","8","18","6","7521_1_31"
"165","10","27","5","10","12","8","2","7521_1_32"
"165","10","27","5","10","12","8","2","7521_1_33"
"295","6","4","12","1","9","2","7","7521_1_34"
"1684","10","11","5","10","7","8","2","7521_1_35"
"2340","6","4","4","16","24","8","208","7521_1_37"
"5505","10","11","461","10","7","8","2","7521_1_38"
"165","10","27","5","10","12","8","2","7521_1_39"
"394","21","35","61","52","5","5","4","7521_1_3"
"616","6","4","12","16","24","8","14","7521_1_40"
"173","6","6","15","16","42","46","7","7521_1_41"
"641","9","6","33","131","24","8","7","7521_1_42"
"93","6","11","4","10","7","8","6","7521_1_43"
"295","6","4","12","1","9","2","7","7521_1_44"
"5302","10","11","5","10","7","383","2","7521_1_45"
"5505","10","11","461*","10","7","8*","2","7521_1_46"
"4","6","5","4","8","8","8","2","7521_1_4"
"10","10","11","4","8","8","8","2","7521_1_5"
"731","6","122","57","1","8","8","81","7521_1_6"
"94","41","6","5","16","11","8","7","7521_1_7"
"94","41","6","5","16","11","8","7","7521_1_8"
"1312","6","11","4","8","8","78","2","7521_1_9"
"3857","9","6","162","131","24","8","7","7521_2_49"
"3858","9","6","33","131","9","8","7","7521_2_50"
"3858","9","6","33","131","9","8","7","7521_2_51"
"1290","10","189","4","8","8","2","2","7521_2_52"
"641","9","6","33","131","24","8","7","7521_2_53"
"5653","6","4","12","587","20","12","7","7521_2_54"
"165","10","27","5","10","12","8","2","7521_2_55"
"398","64","7","1","1","8","8","6","7521_2_56"
"443","6","19","15","16","9","8","7","7521_2_57"
"940","6","6","22","16","11","1","7","7521_2_58"
"46","8","7","1","8","8","8","6","7521_2_59"
"940","6","6","22","16","11","1","7","7521_2_60"
"2340","6","4","4","16","24","8","208","7521_2_62"
"641","9","6","33","131","24","8","7","7521_2_63"
"155","6","4","14","16","24","8","14","7521_2_64"
"101","43","41","15","18","11","7","6","7521_2_65"
"3855","6","11","15","9","63","5","7","7521_2_66"
"155","6","4","14","16","24","8","14","7521_2_67"
"155","6","4","14","16","24","8","14","7521_2_68"
"101","43","41","15","18","11","7","6","7521_2_69"
"5264","10","11","438*","8*","8","8","351","7521_2_70"
"641","9","6","33","131","24","8","7","7521_2_71"
"278","9","23","64","18","11","8","6","7521_2_73"
"1312","6","11","4","8","8","78","2","7521_2_74"
"2368","275","357","1","1","8","8","6","7521_2_76"
"2368","275","357","1","1","8","8","6","7521_2_77"
"295","6","4","12","1","9","2","7","7521_2_78"
"1325","6*","219","5","9","9","8","2","7521_2_79"
"43","24","11","4","8","8","8","2","7521_2_80"
"2368","275","357","1","1","8","8","6","7521_2_81"
"2368","275","357","1","1","8","8","6","7521_2_82"
"5379","10","7","5","541","8","8","2","7521_2_83"
"48","6","11","4","8","8","8","2","7521_2_84"
"165","10","27","5","10","12","8","2","7521_2_85"
"2368","275","357","1","1","8","8","6","7521_2_86"
"48","6","11","4","8","8","8","2","7521_2_87"
"2368","275","357","1","1","8","8","6","7521_2_89"
"3859","1","51","22","6","130","5","181","7521_2_90"
"295","6","4","12","1","9","2","7","7521_2_91"
"5379","10","7","5","541","8","8","2","7521_2_92"
"747","52","54","46","48","35","40","38","7521_2_93"
"167","10","11","4","8","8","13","2","7521_2_94"
"88","6","4","12","1","20","12","7","7521_2_95"
"2368","275","357","1","1","8","8","6","7521_2_96"
"94","41","6","5","16","11","8","7","7521_3_10"
"94","41","6","5","16","11","8","7","7521_3_11"
"94","41","6","5","16","11","8","7","7521_3_12"
"1312","6","11","4","8","8","78","2","7521_3_14"
"1312","6","11","4","8","8","78","2","7521_3_15"
"316","6","23","33","18","11","8","6","7521_3_16"
"940","6","6","22","16","11","1","7","7521_3_17"
"747","52","54","46","48","35","40","38","7521_3_1"
"750","10","27","5","10","12","109","2","7521_3_21"
"23","6","4","12","1","20","13","7","7521_3_22"
"10","10","11","4","8","8","8","2","7521_3_23"
"1494","1","4","44","9","11","35","7","7521_3_24"
"5367","6","549","12","1","9","2","7","7521_3_25"
"1303","10","7","4","8","12","35","2","7521_3_26"
"5349","64","668","5","537","409","8","6","7521_3_27"
"5349","64","668","5","537","409","8","6","7521_3_28"
"731","6","122","57","1","8","8","81","7521_3_29"
"5385","10","674","5","10","7","8","2","7521_3_2"
"731","6","122","57","1","8","8","81","7521_3_30"
"609","8","7","1","8","8","7","6","7521_3_31"
"205","6","23","15","16","9","8","7","7521_3_32"
"10","10","11","4","8","8","8","2","7521_3_33"
"750","10","27","5","10","12","109","2","7521_3_34"
"940","6","6","22","16","11","1","7","7521_3_35"
"165","10","27","5","10","12","8","2","7521_3_36"
"5427","10","682","5","10","12","8","2","7521_3_37"
"100","10","27","5","10","12","9","2","7521_3_38"
"3860","10","11","5","10","12","8","2","7521_3_39"
"120","49","4","44","9","11","35","7","7521_3_3"
"5287","434","4","44","9","11","35","7","7521_3_40"
"173","6","6","15","16","42","46","7","7521_3_41"
"218","10","11","4","12","8","8","2","7521_3_42"
"173","6","6","15","16","42","46","7","7521_3_43"
"10","10","11","4","8","8","8","2","7521_3_44"
"731","6*","122*","57*","1*","8","8","81","7521_3_45"
"5336","4*","22*","151*","25*","377*","5*","19*","7521_3_46"
"295","6","4","12","1","9","2","7","7521_3_47"
"5483","10","693","4","8","8","8","2","7521_3_48"
"2368","275","357","1","1","8","8","6","7521_3_4"
"2368","275","357","1","1","8","8","6","7521_3_5"
"2368","275","357","1","1","8","8","6","7521_3_6"
"2368","275","357","1","1","8","8","6","7521_3_7"
"500","6","11","15","9","63","18","7","7521_3_8"
"2368","275","357","1","1","8","8","6","7521_3_9"
"100","10","27","5","10","12","9","2","7521_4_49"
"2332","274","4","96","1","24","8","6","7521_4_50"
"23","6","4","12","1","20","13","7","7521_4_51"
"3861","8","7","1","8","20","7","6","7521_4_52"
"88","6","4","12","1","20","12","7","7521_4_53"
"100","10","27","5","10","12","9","2","7521_4_54"
"101","43","41","15","18","11","7","6","7521_4_55"
"5336","4","22","151","25","377","5","19","7521_4_56"
"23","6","4","12","1","20","13","7","7521_4_57"
"205","6","23","15","16","9","8","7","7521_4_58"
"1312","6","11","4","8","8","78","2","7521_4_59"
"206","6","7","5","1","8","18","2","7521_4_60"
"23","6","4","12","1","20","13","7","7521_4_61"
"3188","6","23","33","1","7","8","156","7521_4_62"
"641","9","6","33","131","24","8","7","7521_4_63"
"38","4","26","2","25","5","5","19","7521_4_64"
"5594","52","54","469","324","35","40","386","7521_4_65"
"3862","16","4","15","102","9","73","6","7521_4_66"
"2353","6","5","4","107","8","8","2","7521_4_67"
"3863","6","6","3","231","9","8","7","7521_4_68"
"200","6","4","5","26","7","8","14","7521_4_69"
"394","21","35","61","52","5","5","4","7521_4_70"
"173","6","6","15*","16","42","46*","7","7521_4_71"
"5460","10","688","5","8","8","7","2","7521_4_72"
"155","6","4","14","16","24","8","14","7521_4_73"
"23","6","4","12","1","20","13","7","7521_4_74"
"616","6","4","12","16","24","8","14","7521_4_76"
"316","6","23","33","18","11","8","6","7521_4_77"
"2758","10*","27","5","8","8","8","2","7521_4_78"
"5396","457","23","64","18","11","8","6","7521_4_79"
"5396","457","23","64","18","11","8","6","7521_4_80"
"5396","457","23","64","18","11","8","6","7521_4_81"
"2353","6","5","4","107","8","8","2","7521_4_82"
"328","9","23","81","18","11","8","6","7521_4_83"
"1312","6","11","4","8","8","78","2","7521_4_84"
"5396","457","23","64","18","11","8","6","7521_4_85"
"3864","6","4","33","1","131","12","7","7521_4_86"
"94","41","6","5","16","11","8","7","7521_4_87"
"94","41","6","5","16","11","8","7","7521_4_88"
"94","41","6","5","16","11","8","7","7521_4_89"
"46","8","7","1","8","8","8","6","7521_4_91"
"218","10","11","4","12","8","8","2","7521_4_93"
"10","10","11","4","8","8","8","2","7521_4_94"
"349","34*","36*","39*","87*","67*","16*","4*","7521_4_95"
"43","24","11","4","8","8","8","2","7521_4_96"
"5326","6","664","3","7","7","7","6","7553_7_61"
"29","6","4","12","16","9","7","7","7553_7_62"
"5339","10","11","4","8","408","8","2","7553_7_63"
"29","6","4","12","16","9","7","7","7553_7_64"
"4554","76","24","244","89","17","14","79","7553_7_65"
"10","10","11","4","8","8","8","2","7553_7_66"
"4554","76","24","244","89","17","14","79","7553_7_67"
"2089","6","153","261","91","7","78","6","7553_7_68"
"328","9","23","81","18","11","8","6","7553_7_69"
"328","9","23","81","18","11","8","6","7553_7_70"
"382","10","27","13","10","12","8","49","7553_7_71"
"3","6","4","3","7","7","7","6","7553_7_72"
"23","6","4","12","1","20","13","7","7554_4_13"
"940","6","6","22","16","11","1","7","7554_4_14"
"328","9","23","81","18","11","8","6","7554_4_15"
"328","9","23","81","18","11","8","6","7554_4_16"
"316","6","23","33","18","11","8","6","7554_4_18"
"1312","6","11","4","8","8","78","2","7554_4_19"
"4550","6","4","12","476","9","7","7","7748_7_10"
"517","109","65","5","1","9","13","14","7748_7_11"
"517","109","65","5","1","9","13","14","7748_7_12"
"517","109","65","5","1","9","13","14","7748_7_13"
"34","10","11","4","1","8","8","2","7748_7_14"
"10","10","11","4","8","8","8","2","7748_7_15"
"34","10","11","4","1","8","8","2","7748_7_16"
"29","6","4","12","16","9","7","7","7748_7_17"
"517","109","65","5","1","9","13","14","7748_7_18"
"337","6","19","15","18","9","8","6","7748_7_19"
"5426","6","4","12","16","66","7","7","7748_7_1"
"583","15","24","10","46","17","37","36","7748_7_20"
"40","6","4","5","26","20","8","14","7748_7_21"
"301","78","27","5","10","12","8","2","7748_7_22"
"517","109","65","5","1","9","13","14","7748_7_23"
"5251","6","4","12","523","9","143","7","7748_7_24"
"5342","444","14","13","13","17","11","13","7748_7_25"
"29","6","4","12","16","9","7","7","7748_7_26"
"2144","6","6","15","56","11","26","6","7748_7_27"
"335","29","12","8","12","15","2","2","7748_7_28"
"443","6","19","15","16","9","8","7","7748_7_29"
"5488","29","12","8","12","428","2","2","7748_7_2"
"517","109","65","5","1","9","13","14","7748_7_30"
"5618","9","23","81","18","11","306","6","7748_7_31"
"301","78","27","5","10","12","8","2","7748_7_32"
"4424","377","224","253","448","344","17","289","7748_7_33"
"443","6","19","15","16","9","8","7","7748_7_34"
"517","109","65","5","1","9","13","14","7748_7_35"
"803","13","24","19","22","17","10","2","7748_7_36"
"328","9","23","81","18","11","8","6","7748_7_37"
"3","6","4","3","7","7","7","6","7748_7_38"
"443","6","19","15","16","9","8","7","7748_7_39"
"5445","13","686","13","22","17","36","15","7748_7_3"
"517","109","65","5","1","9","13","14","7748_7_40"
"443","6","19","15","16","9","8","7","7748_7_41"
"10","10","11","4","8","8","8","2","7748_7_42"
"10","10","11","4","8","8","8","2","7748_7_43"
"3","6","4","3","7","7","7","6","7748_7_44"
"3","6","4","3","7","7","7","6","7748_7_46"
"328","9","23","81","18","11","8","6","7748_7_47"
"29","6","4","12","16","9","7","7","7748_7_48"
"517","109","65","5","1","9","13","14","7748_7_4"
"517","109","65*","5","1","9","13","14","7748_7_5"
"442","6","95","33","18","9","8","14","7748_7_6"
"2346","129","15","13","150","91","14","25","7748_7_7"
"10","10","11","4","8","8","8","2","7748_7_8"
"5426","6","4","12","16","66","7","7","7748_7_9"
"301","78","27","5","10","12","8","2","7790_1_49"
"335","29","12","8","12","15","2","2","7790_1_50"
"378","10","11","4","1","8","66","2","7790_1_51"
"328","9","23","81","18","11","8","6","7790_1_52"
"302","79","84","71","78","52","57","2","7790_1_53"
"10","10","11","4","8","8","8","2","7790_1_54"
"34","10","11","4","1","8","8","2","7790_1_56"
"5553","478","7","5","8","7","8","2","7790_1_57"
"121","13","21","13","22","17","36","15","7790_1_58"
"517","109","65","5","1","9","13","14","7790_1_59"
"583","15","24","10","46","17","37","36","7790_1_60"
"40","6","4","5","26","20","8","14","7790_1_61"
"121","13","21","13","22","17","36","15","7790_1_62"
"5330","10","11","4","1","8","66","357","7790_1_63"
"3","6","4","3","7","7","7","6","7790_1_64"
"3","6","4","3","7","7","7","6","7790_1_65"
"3","6","4","3","7","7","7","6","7790_1_66"
"4590","78","590","5","10","12","8","2","7790_1_67"
"517","109","65","5","1","9","13*","14","7790_1_68"
"378","10","11","4","1","8","66","2","7790_1_69"
"5241","109","65","13","1","9","13","14","7790_1_70"
"335","29","12","8","12","15","2","2","7790_1_71"
"381","6","4","12","92","24","18","7","7790_1_72"
"121","13","21","13","22","17","36","15","7790_1_73"
"5485","109","65","5","558","9","13","14","7790_1_74"
"10","10","11","4","8","8","8","2","7790_1_75"
"10","10","11","4","8","8","8","2","7790_1_76"
"301","78","27","5","10","12","8","2","7790_1_77"
"40","6","4","5","26","20","8","14","7790_1_79"
"29","6","4","12","16","9","7","7","7790_1_80"
"517","109","65","5","1","9","13","14","7790_1_81"
"301","78","27","5","10","12","8","2","7790_1_82"
"301","78","27","5","10","12","8","2","7790_1_83"
"5353","10","669","4","8","8","8","2","7790_1_84"
"29","6","4","12","16","9","7","7","7790_1_85"
"5353","10","669","4","8","8","8","2","7790_1_86"
"5353","10","669","4","8","8","8","2","7790_1_87"
"29","6","4","12","16","9","7","7","7790_1_88"
"517","109","65","5","1","9","13","14","7790_1_89"
"10","10","11","4","8","8","8","2","7790_1_90"
"121","13","21","13","22","17","36","15","7790_1_91"
"517","109","65","5","1","9","13","14","7790_1_92"
"5508","6","23","462","26","9","7","7","7790_1_93"
"29","6","4","12","16","9","7","7","7790_1_94"
"517","109","65","5","1","9","13","14","7790_1_95"
"328","9","23","81","18","11","8","6","7790_1_96"
"2353","6","5","4","107","8","8","2","7978_7_51"
"2353","6","5","4","107","8","8","2","7978_7_52"
"48","6","11*","4","8*","8*","8","2*","8036_3_88"
"394","21","35","61","52","5","5","4","8036_3_89"
"34","10","11","4","1","8","8","2","8036_3_90"
"131","53","40","47","13","36","28","29","8036_3_92"
"2345","10","7","4","12","8","18","2","8036_3_93"
"29","6","4","12","16","9","7","7","8205_3_10"
"5582","6","710","69","8","24","18","20","8205_3_11"
"328","9","23","81","18","11","8","6","8205_3_12"
"301","78","27","5","10","12","8","2","8205_3_14"
"2089","6","153","261","91","7","78","6","8205_3_17"
"29","6","4","12","16","9","7","7","8205_3_18"
"29","6","4","12","16","9","7","7","8205_3_19"
"123","50","47","19","37","17","30","2","8205_3_1"
"328","9","23","81","18","11","8","6","8205_3_20"
"5241","109","65","13","1","9","13","14","8205_3_21"
"3","6","4","3","7","7","7","6","8205_3_22"
"5381","13","21","13","543","17","36","15","8205_3_23"
"328","9","23","81","18","11","8","6","8205_3_24"
"517","109","65","5","1","9","13","14","8205_3_25"
"378","10","11","4","1","8","66","2","8205_3_26"
"40","6","4","5","26","20","8","14","8205_3_27"
"328","9","23","81","18","11","8","6","8205_3_28"
"335","29","12","8","12","15","2","2","8205_3_29"
"378","10","11","4","1","8","66","2","8205_3_2"
"328","9","23","81","18","11","8","6","8205_3_30"
"10","10","11","4","8","8","8","2","8205_3_31"
"589","13","39","13","13","18","10","79","8205_3_32"
"328","9","23","81","18","11","8","6","8205_3_33"
"4554","76","24","244","89","17","14","79","8205_3_34"
"121","13","21","13","22","17","36","15","8205_3_35"
"121","13","21","13","22","17","36","15","8205_3_36"
"21","16","4","12","16","9","7","7","8205_3_37"
"5241","109","65","13","1","9","13","14","8205_3_38"
"3","6","4","3","7","7","7","6","8205_3_39"
"517","109","65","5","1","9","13","14","8205_3_3"
"2678","13","14","19","22","17","14","203","8205_3_40"
"382","10","27","13","10","12","8","49","8205_3_41"
"5406","6","679","12","16","9","7","7","8205_3_42"
"5553","478","7","5","8","7","8","2","8205_3_44"
"10","10","11","4","8","8","8","2","8205_3_45"
"328","9","23","81","18","11","8","6","8205_3_46"
"328","9","23","81","18","11","8","6","8205_3_47"
"378","10","11","4","1","8","66","2","8205_3_48"
"378","10","11","4","1","8","66","2","8205_3_49"
"517","109","65","5","1","9","13","14","8205_3_4"
"5241","109","65","13","1","9","13","14","8205_3_50"
"328","9","23","81","18","11","8","6","8205_3_51"
"589","13","39","13","13","18","10","79","8205_3_52"
"5543","10","699","4","8","8","8","2","8205_3_53"
"121","13","21","13","22","17","36","15","8205_3_54"
"4554","76","24","244","89","17","14","79","8205_3_55"
"121","13","21","13","22","17","36","15","8205_3_56"
"301","78","27","5","10","12","8","2","8205_3_57"
"328","9","23","81","18","11","8","6","8205_3_58"
"4550","6","4","12","476","9","7","7","8205_3_59"
"517","109","65","5","1","9","13","14","8205_3_5"
"29","6","4","12","16","9","7","7","8205_3_60"
"517","109","65","5","1","9","13","14","8205_3_61"
"121","13","21","13","22","17","36","15","8205_3_62"
"382","10","27","13","10","12","8","49","8205_3_63"
"5480","6","4","12","476","427","7","7","8205_3_64"
"40","6","4","5","26","20","8","14","8205_3_65"
"5241","109","65","13","1","9","13","14","8205_3_66"
"5234","6","4","12","16","9","7","88","8205_3_67"
"517","109","65*","5","1","9","13","14","8205_3_68"
"337","6","19","15","18","9","8","6","8205_3_69"
"517","109","65","5","1","9","13","14","8205_3_6"
"5353","10","669","4","8","8","8","2","8205_3_70"
"442","6","95","33","18","9","8","14","8205_3_71"
"443","6","19","15","16","9","8","7","8205_3_72"
"328","9","23","81","18","11","8","6","8205_3_74"
"5241","109","65","13","1","9","13","14","8205_3_75"
"328","9","23","81","18","11","8","6","8205_3_76"
"517","109","65","5","1","9","13","14","8205_3_77"
"382","10","27","13","10","12","8","49","8205_3_78"
"4550","6","4","12","476","9","7","7","8205_3_79"
"40","6","4","5","26","20","8","14","8205_3_7"
"5251","6","4","12","523","9","143","7","8205_3_80"
"301","78","27","5","10","12","8","2","8205_3_81"
"295","6","4","12","1","9","2","7","8205_3_82"
"3188","6","23","33","1","7","8","156","8205_3_83"
"3188","6","23","33","1","7","8","156","8205_3_84"
"2705","10","11","4","10","7","8","2","8205_3_85"
"155","6","4","14","16","24","8","14","8205_3_87"
"349","34*","36*","39","87","67","16*","4","8205_3_89"
"17","6","4","3","17","7","7","6","8205_3_8"
"354","85","88","78","29","59","58","62","8205_3_92"
"34","10","11","4","1","8","8","2","8205_3_9"
"40","6","4","5","26","20","8","14","8205_8_70"
"337","6","19","15","18","9","8","6","8205_8_71"
"378","10","11","4","1","8","66","2","8205_8_72"
"40","6","4","5","26","20","8","14","8205_8_73"
"382","10","27","13","10","12","8","49","8205_8_74"
"378","10","11","4","1","8","66","2","8205_8_75"
"121","13","21","13","22","17","36","15","8205_8_76"
"29","6","4","12","16","9","7","7","8205_8_77"
"40","6","4","5","26","20","8","14","8205_8_79"
"3","6","4","3","7","7","7","6","8205_8_80"
"121","13","21","13","22","17","36","15","8205_8_81"
"2089","6","153","261","91","7","78","6","8205_8_82"
"2089","6","153","261","91","7","78","6","8205_8_83"
"381","6","4","12","92","24","18","7","8205_8_84"
"328","9","23","81","18","11","8","6","8205_8_85"
"1312","6","11","4","8","8","78","2","8630_6_92"
"10","10","11","4","8","8","8","2","8630_6_94"
"218","10","11","4","12","8","8","2","8630_6_96"
"3931","6*","11","4","8","331","78","2","9475_4_58"
"3931","6","11","4","8","331","78","2","9475_4_59"
"3931","6","11","4","8","331","78","2","9475_4_60"
"3931","6","11","4","8","331","78","2","9475_4_61"
"3931","6*","11","4*","8","331*","78*","2*","9475_4_62"
"5238","6","11","4","518","8","78","2","9475_4_63"
"5238","6","11","4","518","8","78","2","9475_4_64"
"5238","6","11","4","518","8","78","2","9475_4_65"
"5238","6","11","4","518","8","78","2","9475_4_66"
"182","6","58","54","54","1","2","47","9475_4_67"
"182","6","58","54","54","1","2","47","9475_4_68"
"1312","6","11","4","8","8","78","2","9475_4_69"
"1312","6","11","4","8","8","78","2","9475_4_70"
"182","6","58","54","54","1","2","47","9475_4_74"
"316","6","23","33","18","11","8","6","9475_4_75"
"1312","6","11","4","8","8","78","2","9475_4_76"
"316","6","23","33","18","11","8","6","9475_4_77"
