File_ID,Accession,Strain_ID,Strain_Name,%Coverage_NTUH-K2044_Chromosome,Mean_Read_Depth,%Mapped_NTUH-K2044_Chromosome, Assembled_Bases , N50 ,Phylogroup,KpI_Lineage,ST,Contributor,Country_isolated,Year_isolated,Acquisition,Source_Host,Infection_status,Specimen_type,Sample_note,Clinical_note
5193_6_5,ERS011858,SKP000530,KpV513,94,68,90," 5,169,368 "," 195,048 ",KpI,38,60,Chris Whitehouse,USA,2006,NA,Monkey,NA,unknown,Subcutaneous abscess,Abdominal abscesses  chronic peritonitis and mesenteric lymphadentis
5193_6_9,ERS011862,SKP000533,7085,94,68,89," 5,168,898 "," 268,190 ",KpI,38,60,Chris Whitehouse,USA,2009,NA,Monkey,NA,intestinal,rectal swab,Healthy
5193_6_11,ERS011864,SKP000535,812079,87,74,87," 4,852,378 "," 101,142 ",KpI,5,65,Chris Whitehouse,USA,2008,NA,Sea mammal,NA,respiratory,Pleural fluid,pleuritis and suppurative bronchopneumonia
5193_6_12,ERS011865,SKP000536,85997,89,88,88," 4,942,525 "," 101,082 ",KpI,5,65,Chris Whitehouse,USA,2008,NA,Sea mammal,NA,sterile,amniotic fluid,Amniotic fluid
5193_6_8,ERS011861,SKP000532,206535,94,82,84," 5,297,254 "," 220,832 ",KpI,27,111,Chris Whitehouse,USA,2008,NA,Monkey,NA,intestinal,rectal swab,Healthy
5193_6_6,ERS011859,SKP000531,MM50237,94,66,87," 5,290,185 "," 252,108 ",KpI,26,198,Chris Whitehouse,USA,2008,NA,Monkey,NA,respiratory,Oral swab,Healthy
5193_6_10,ERS011863,SKP000534,Kp-Miami,93,54,76," 5,612,117 "," 153,808 ",KpI,73,769,Chris Whitehouse,USA,2008,NA,Human,Human_invasive,liver,liver,Liver/brain abscesses; Kp positive blood cultures and co-infection with dengue virus
5197_7_4,ERS011869,SKP000556,LF 7160,100,110,83," 5,590,069 "," 126,564 ",KpI,11,15,David Dance,Laos,2007,Unknown,Human,Human_invasive,respiratory,Pleural fluid,-
5193_7_1,ERS011878,SKP000602,U 12567,94,57,80," 5,680,516 "," 175,145 ",KpI,11,15,David Dance,Laos,2008,Unknown,Human,Human_infection,urine,urine,UTI
5197_8_8,ERS011897,SKP000692,ST 752,93,45,83," 5,351,090 "," 158,689 ",KpI,4,15,David Dance,Laos,2008,Nosocomial,Human,Human_invasive,sterile,blood,Septicaemia
5197_8_2,ERS011891,SKP000659,UI 6717,93,47,82," 5,479,122 "," 160,991 ",KpI,20,17,David Dance,Laos,2005,Community,Human,Human_invasive,sterile,blood,Septicaemia
5197_7_3,ERS011868,SKP000550,Pus 9314/2,99,111,90," 5,605,187 "," 236,752 ",KpI,10,23,David Dance,Laos,2008,Unknown,Human,Human_invasive,unknown,pus,Parotid abscess
5197_7_8,ERS011873,SKP000577,Pus 15987,100,157,93," 5,451,830 "," 221,672 ",KpI,10,23,David Dance,Laos,2009,Unknown,Human,Human_infection,sterile,pus,Pus  lymph node (superficial pus)
5197_8_9,ERS011898,SKP000702,UI 12780,94,41,62," 10,232,351 "," 24,165 ",KpI,13,25,David Dance,Laos,2008,Unknown,Human,Human_invasive,sterile,blood,Septicaemia
5193_7_11,ERS011888,SKP000641,UI 4650,94,57,64," 11,697,819 "," 14,929 ",KpI,13,25,David Dance,Laos,Unknown,Unknown,Human,Human_invasive,sterile,blood,-
5197_7_1,ERS011866,SKP000537,AF 3927,94,91,82," 5,392,186 "," 238,907 ",KpI,15,35,David Dance,Laos,2006,Unknown,Human,Human_invasive,intestinal,Ascitic fluid,-
5197_8_6,ERS011895,SKP000688,UI 10871,93,28,83," 5,445,654 "," 70,393 ",KpI,17,48,David Dance,Laos,2007,Community,Human,Human_invasive,sterile,blood,Septicaemia  pneumonia
5197_7_6,ERS011871,SKP000571,Pus 15007,94,138,88," 5,342,071 "," 295,718 ",KpI,24,133,David Dance,Laos,2009,Unknown,Human,Human_invasive,respiratory,Pleural fluid,-
5193_7_2,ERS011879,SKP000608,U 13792/2,91,67,84," 5,344,758 "," 246,183 ",KpI,18,273,David Dance,Laos,2009,Community,Human,Human_infection,urine,urine,-
5197_8_1,ERS011890,SKP000650,UI 6167,93,25,75," 5,585,774 "," 70,479 ",KpI,150,515,David Dance,Laos,2005,Community,Human,Human_invasive,sterile,blood,Septicaemia
5193_7_3,ERS011880,SKP000613,U 16821,92,56,84," 5,340,598 "," 209,506 ",KpI,54,530,David Dance,Laos,2009,Community,Human,Human_infection,urine,urine,UTI
5193_7_5,ERS011882,SKP000616,UI 522,92,66,88," 5,251,535 "," 289,334 ",KpI,119,587,David Dance,Laos,2000,Community,Human,Human_invasive,sterile,blood,-
5197_8_11,ERS011900,SKP000710,UI 14245,92,44,84," 5,275,963 "," 126,521 ",KpI,153,749,David Dance,Laos,Unknown,Unknown,Human,Human_invasive,sterile,blood,-
5197_7_2,ERS011867,SKP000541,Pus 4878,95,75,87," 5,421,430 "," 172,792 ",KpI,122,791,David Dance,Laos,2007,Unknown,Human,Human_invasive,respiratory,Pleural fluid,Pleural effusion
5193_7_9,ERS011886,SKP000629,UI 3324,92,59,83," 5,447,120 "," 250,239 ",KpI,70,1190,David Dance,Laos,2003,Nosocomial,Human,Human_invasive,sterile,blood,Septicaemia
5193_7_6,ERS011883,SKP000619,UI 2213,94,54,87," 5,481,764 "," 127,025 ",KpI,15,35*,David Dance,Laos,2002,Community,Human,Human_invasive,sterile,blood,-
5197_8_12,ERS011901,SKP000723,UI 15398,91,21,77," 5,296,590 "," 45,953 ",KpI,39,592?,David Dance,Laos,2009,Community,Human,Human_invasive,sterile,blood,Septicaemia
5197_8_4,ERS011893,SKP000673,UI 8601,92,116,75," 5,516,196 "," 146,081 ",KpI,62,70*,David Dance,Laos,2006,Nosocomial,Human,Human_invasive,sterile,blood,Septicaemia
5193_7_10,ERS011887,SKP000638,UI 4256,85,47,53," 5,582,889 "," 108,314 ",KpII,NA,745*,David Dance,Laos,2003,Nosocomial,Human,NA,sterile,blood,-
5193_7_8,ERS011885,SKP000627,UI 2877,85,55,52," 5,497,624 "," 169,799 ",KpII,NA,746*,David Dance,Laos,2002,Unknown,Human,NA,sterile,blood,-
5197_7_5,ERS011870,SKP000569,Pus 13542,88,61,58," 5,962,697 "," 162,013 ",KpIII,NA,748*,David Dance,Laos,2009,Unknown,Human,Human_invasive,sterile,pus,Pus  right knee (deep pus)
5197_8_5,ERS011894,SKP000680,UI 9552,86,60,62," 5,148,711 "," 237,147 ",KpII,NA,750*,David Dance,Laos,2007,Community,Human,NA,sterile,blood,Septicaemia
5197_8_3,ERS011892,SKP000663,UI 7631,84,20,64," 5,047,529 "," 64,491 ",KpII,NA,close to 489,David Dance,Laos,2006,Community,Human,NA,sterile,blood,Septicaemia; cholangitis
5150_2_11,ERS005763,SKP000043,AJ097,94,169,67," 5,493,800 "," 66,102 ",KpI,4,14,Dick Strugnell,Australia,2002,Nosocomial,Human,Human_infection,urine,urine,UTI
5150_2_10,ERS005762,SKP000042,AJ094,94,81,64," 5,491,663 "," 71,206 ",KpI,4,14,Dick Strugnell,Australia,2002,Community,Human,Human_infection,respiratory,sputum,Pneumonia
5150_5_11,ERS005787,SKP000097,AJ289,94,55,60," 5,737,683 "," 111,257 ",KpI,4,14,Dick Strugnell,Australia,2002,Nosocomial,Human,Human_invasive,sterile,blood,Bacteremia
5150_5_12,ERS005788,SKP000098,AJ290,94,17,76," 5,607,431 "," 20,682 ",KpI,4,14,Dick Strugnell,Australia,2002,Nosocomial,Human,Human_invasive,sterile,blood,Bacteremia
5150_2_8,ERS005760,SKP000039,AJ083,93,74,73," 5,461,153 "," 25,395 ",KpI,9,20,Dick Strugnell,Australia,2002,Community,Human,Human_infection,urine,urine,UTI
5150_2_4,ERS005755,SKP000057,AJ148,92,75,70," 5,177,836 "," 55,752 ",KpI,9,20,Dick Strugnell,Australia,2002,Nosocomial,Human,Human_infection,urine,urine,UTI
5150_3_1,ERS005765,SKP000061,AJ155,99,32,73," 5,617,290 "," 47,425 ",KpI,10,23,Dick Strugnell,Australia,2002,Community,Human,Human_infection,unknown,wound,Wound
5150_1_3,ERS005743,SKP000026,AJ049,92,50,60," 5,808,770 "," 65,292 ",KpI,149,30,Dick Strugnell,Australia,2001,Nosocomial,Human,Human_infection,unknown,wound,Wound
5150_1_4,ERS005744,SKP000028,AJ054,92,54,73," 5,294,469 "," 155,843 ",KpI,7,36,Dick Strugnell,Australia,2001,Community,Human,Human_infection,urine,urine,UTI
5150_3_7,ERS005772,SKP000068,AJ170,92,25,78," 5,406,956 "," 48,703 ",KpI,22,37,Dick Strugnell,Australia,2002,Community,Human,Human_invasive,sterile,blood,Bacteremia
5150_3_11,ERS005775,SKP000075,AJ205,92,40,73," 5,332,881 "," 63,102 ",KpI,2,43,Dick Strugnell,Australia,2002,Nosocomial,Human,Human_infection,unknown,wound,Wound
5150_3_3,ERS005767,SKP000078,AJ211,92,42,63," 5,279,405 "," 91,162 ",KpI,2,43,Dick Strugnell,Australia,2002,Nosocomial,Human,Human_infection,respiratory,sputum,Pneumonia
5150_5_4,ERS005780,SKP000102,AJ303,93,29,71," 5,472,267 "," 44,636 ",KpI,17,48,Dick Strugnell,Australia,2002,Nosocomial,Human,Human_infection,urine,urine,UTI
5150_5_8,ERS005784,SKP000088,AJ256,93,26,65," 5,611,349 "," 41,637 ",KpI,17,48,Dick Strugnell,Australia,2002,Nosocomial,Human,Human_infection,urine,urine,UTI
5150_3_2,ERS005766,SKP000077,AJ210,93,25,64," 5,589,618 "," 39,131 ",KpI,53,66,Dick Strugnell,Australia,2002,Community,Human,Human_invasive,sterile,blood,Bacteremia
5150_5_10,ERS005786,SKP000095,AJ281,92,29,66," 5,558,648 "," 28,076 ",KpI,33,152,Dick Strugnell,Australia,2002,Community,Human,Human_invasive,sterile,blood,Bacteremia
5150_5_5,ERS005781,SKP000083,AJ218,92,29,70," 5,611,306 "," 51,845 ",KpI,19,184,Dick Strugnell,Australia,2002,Community,Human,Human_infection,urine,urine,UTI
5150_5_9,ERS005785,SKP000094,AJ278,91,35,77," 5,100,355 "," 48,545 ",KpI,56,200,Dick Strugnell,Australia,2002,Community,Human,Human_infection,urine,urine,UTI
5150_2_7,ERS005759,SKP000038,AJ082,92,189,75," 5,255,282 "," 94,335 ",KpI,65,290,Dick Strugnell,Australia,2002,Community,Human,Human_infection,urine,urine,UTI
5150_2_3,ERS005756,SKP000055,AJ146,92,68,60," 5,382,789 "," 76,529 ",KpI,90,292,Dick Strugnell,Australia,2002,Nosocomial,Human,Human_infection,respiratory,sputum,Pneumonia
5150_2_12,ERS005764,SKP000044,AJ099,93,22,76," 5,187,392 "," 23,947 ",KpI,34,294,Dick Strugnell,Australia,2002,Nosocomial,Human,Human_infection,unknown,IV Catheter,NA
5150_3_10,ERS005774,SKP000073,AJ196,94,28,78," 5,454,163 "," 29,586 ",KpI,104,310,Dick Strugnell,Australia,2002,Community,Human,Human_infection,respiratory,sputum,Pneumonia
5150_1_7,ERS005747,SKP000016,AJ026,83,20,42," 5,628,651 "," 53,091 ",KpIII,NA,695,Dick Strugnell,Australia,2001,Nosocomial,Human,NA,respiratory,sputum,Pneumonia
5150_3_8,ERS005771,SKP000071,AJ182,83,20,40," 5,683,776 "," 43,393 ",KpIII,NA,695,Dick Strugnell,Australia,2002,Nosocomial,Human,NA,urine,urine,UTI
5150_1_9,ERS005749,SKP000019,AJ031,92,26,58," 5,379,489 "," 30,012 ",KpI,67,747,Dick Strugnell,Australia,2001,Community,Human,Human_infection,urine,urine,UTI
5150_3_5,ERS005768,SKP000062,AJ156,91,27,61," 5,785,669 "," 29,606 ",KpI,101,750,Dick Strugnell,Australia,2002,Community,Human,Human_infection,respiratory,sputum,Pneumonia
5150_5_3,ERS005779,SKP000101,AJ299,92,126,74," 5,159,536 "," 161,385 ",KpI,100,753,Dick Strugnell,Australia,2002,Community,Human,Human_invasive,sterile,blood,Bacteremia
5150_1_11,ERS005751,SKP000021,AJ034,92,44,67," 5,401,976 "," 80,560 ",KpI,21,1109,Dick Strugnell,Australia,2001,Nosocomial,Human,Human_infection,urine,urine,UTI
5150_1_2,ERS005742,SKP000025,AJ048,92,35,65," 5,404,133 "," 61,362 ",KpI,21,1109,Dick Strugnell,Australia,2001,Nosocomial,Human,Human_infection,urine,urine,UTI
5150_5_1,ERS005777,SKP000081,AJ214,91,36,70," 5,229,490 "," 119,094 ",KpI,46,1059*,Dick Strugnell,Australia,2002,Nosocomial,Human,Human_invasive,sterile,blood,Bacteremia
5150_2_6,ERS005758,SKP000033,AJ064,92,30,75," 5,439,976 "," 27,913 ",KpI,21,1109?,Dick Strugnell,Australia,2001,Nosocomial,Human,Human_infection,urine,urine,UTI
5150_2_1,ERS005752,SKP000029,AJ055,82,59,32," 5,651,574 "," 61,391 ",KpII,NA,369*,Dick Strugnell,Australia,2001,Community,Human,NA,urine,urine,UTI
5150_2_5,ERS005757,SKP000030,AJ056,93,67,68," 5,573,792 "," 50,578 ",KpI,140,611*,Dick Strugnell,Australia,2001,Community,Human,Human_infection,respiratory,sputum,Pneumonia
5150_1_10,ERS005750,SKP000020,AJ033,91,29,54," 5,750,124 "," 24,036 ",KpI,145,745*,Dick Strugnell,Australia,2001,Nosocomial,Human,Human_infection,respiratory,sputum,Pneumonia
5150_1_8,ERS005748,SKP000017,AJ027,84,24,39," 5,391,220 "," 35,440 ",KpIII,NA,746*,Dick Strugnell,Australia,2001,Nosocomial,Human,NA,sterile,blood,Bacteremia
5150_2_2,ERS005754,SKP000053,AJ135,87,70,35," 5,787,035 "," 68,458 ",KpIII,NA,748*,Dick Strugnell,Australia,2002,Nosocomial,Human,NA,respiratory,sputum,Pneumonia
5150_3_6,ERS005770,SKP000063,AJ158,92,37,84," 5,116,655 "," 39,330 ",KpI,139,751*,Dick Strugnell,Australia,2002,Community,Human,Human_infection,urine,urine,UTI
5150_3_9,ERS005773,SKP000072,AJ188,92,33,83," 5,211,471 "," 54,715 ",KpI,60,DLV-1007,Dick Strugnell,Australia,2002,Nosocomial,Human,Human_infection,urine,urine,UTI
5150_5_2,ERS005778,SKP000099,AJ292,86,43,45," 5,409,757 "," 85,183 ",KpIII,NA,DLV-363,Dick Strugnell,Australia,2002,Community,Human,NA,sterile,blood,Bacteremia
5150_5_7,ERS005783,SKP000085,AJ229,92,39,72," 5,281,361 "," 57,875 ",KpI,110,SLV-1402,Dick Strugnell,Australia,2002,Nosocomial,Human,Human_infection,urine,urine,UTI
5150_1_5,ERS005745,SKP000009,AJ006,92,44,58," 5,600,435 "," 55,651 ",KpI,47,SLV-26,Dick Strugnell,Australia,2001,Nosocomial,Human,Human_invasive,sterile,blood,Bacteremia
5235_5_12,ERS012021,SKP000858,09-370B,92,55,67," 7,396,492 "," 18,869 ",KpI,6,11,Heiman Wertheim,Vietnam,2009,Nosocomial,Human,Human_infection,respiratory,sputum,pneumonia
5193_1_4,ERS011797,SKP000209,07-0003m,98,120,95," 5,493,189 "," 152,379 ",KpI,10,23,Heiman Wertheim,Vietnam,2007,Community,Human,Human_invasive,sterile,blood,liver abscess
5235_8_2,ERS011784,SKP000110,08-049B,99,99,78," 5,626,286 "," 99,619 ",KpI,10,23,Heiman Wertheim,Vietnam,2008,Community,Human,Human_infection,respiratory,sputum,pneumonia
5235_6_8,ERS012029,SKP000865,2358m,99,58,85," 5,725,884 "," 62,759 ",KpI,10,23,Heiman Wertheim,Vietnam,2008,Community,Human,Human_invasive,sterile,blood,pneumonia
5193_1_8,ERS011801,SKP000252,08-475T,99,104,91," 5,696,496 "," 231,893 ",KpI,10,23,Heiman Wertheim,Vietnam,2009,Community,Human,Human_invasive,sterile,CSF,meningitis
5235_8_5,ERS011787,SKP000122,24m,94,24,66," 5,494,585 "," 21,398 ",KpI,13,25,Heiman Wertheim,Vietnam,2008,Community,Human,Human_invasive,liver,pus,liver abscess
5235_6_3,ERS012024,SKP000861,09-2985m,94,51,81," 5,417,040 "," 15,401 ",KpI,13,25,Heiman Wertheim,Vietnam,2009,Community,Human,Human_invasive,sterile,blood,liver
5235_6_1,ERS012022,SKP000859,09-2801m,94,21,72," 5,852,321 "," 4,345 ",KpI,38,60,Heiman Wertheim,Vietnam,2009,Community,Human,Human_invasive,sterile,blood,sepsis
5235_6_5,ERS012026,SKP000863,311G,92,30,79," 5,665,040 "," 15,167 ",KpI,5,65,Heiman Wertheim,Vietnam,2008,Nosocomial,Human,Unknown,urine,urine,NA
5235_6_6,ERS012027,SKP000864,620m,93,39,70," 5,862,996 "," 30,844 ",KpI,5,65,Heiman Wertheim,Vietnam,2009,Community,Human,Human_invasive,sterile,blood,sepsis
5235_6_10,ERS012031,SKP000867,805m,94,136,74," 5,531,070 "," 65,854 ",KpI,95,86,Heiman Wertheim,Vietnam,2009,Community,Human,Human_invasive,sterile,blood,pneumonia
5235_5_3,ERS012012,SKP000850,09-400B,92,82,75," 6,104,757 "," 32,807 ",KpI,27,111,Heiman Wertheim,Vietnam,2009,Nosocomial,Human,Human_infection,respiratory,sputum,pneumonia
5235_6_2,ERS012023,SKP000860,09-341B,92,110,76," 5,542,718 "," 13,444 ",KpI,18,147,Heiman Wertheim,Vietnam,2009,Nosocomial,Human,Human_infection,respiratory,sputum,pneumonia
5235_8_10,ERS011792,SKP000140,08-109P,88,16,44," 5,728,940 "," 17,773 ",KpIII,NA,197,Heiman Wertheim,Vietnam,2008,Community,Human,NA,sterile,pus,sepsis
5193_1_9,ERS011802,SKP000256,08-058D,93,92,73," 5,783,538 "," 173,263 ",KpI,8,231,Heiman Wertheim,Vietnam,2008,Nosocomial,Human,Human_infection,respiratory,sputum,pneumonia
5193_1_11,ERS011804,SKP000263,08-1177m,93,91,82," 5,689,048 "," 304,891 ",KpI,8,231,Heiman Wertheim,Vietnam,2008,Community,Human,Human_invasive,sterile,blood,a-le abscess
5235_5_4,ERS012013,SKP000851,09-406B,93,52,67," 7,233,381 "," 10,297 ",KpI,8,231,Heiman Wertheim,Vietnam,2009,Community,Human,Human_infection,respiratory,sputum,pneumonia
5193_1_5,ERS011798,SKP000224,09-0079m,93,81,71," 5,898,225 "," 182,523 ",KpI,8,231,Heiman Wertheim,Vietnam,2009,Community,Human,Human_invasive,sterile,blood,liver
5235_5_2,ERS012011,SKP000849,09-2503m,92,190,80," 5,300,739 "," 47,680 ",KpI,39,592,Heiman Wertheim,Vietnam,2009,Community,Human,Human_invasive,sterile,blood,liver
5235_5_6,ERS012015,SKP000853,09-309B,92,14,72," 5,648,718 "," 35,170 ",KpI,36,764,Heiman Wertheim,Vietnam,2009,Nosocomial,Human,Human_infection,respiratory,sputum,pneumonia
5235_5_5,ERS012014,SKP000852,09-2006m,95,68,78," 5,667,400 "," 55,665 ",KpI,68,778,Heiman Wertheim,Vietnam,2009,Community,Human,Human_invasive,sterile,blood,liver
5235_8_6,ERS011788,SKP000129,08-0116m,93,67,68," 5,632,495 "," 79,694 ",KpI,97,219*?,Heiman Wertheim,Vietnam,2008,Community,Human,Human_invasive,sterile,blood,pneumonia
5193_1_6,ERS011799,SKP000245,07-2034m ,99,73,92," 5,661,912 "," 36,860 ",KpI,10,23?,Heiman Wertheim,Vietnam,2007,Community,Human,Human_invasive,sterile,blood,pneumonia
5193_1_1,ERS011794,SKP000176,59M,93,51,73," 5,805,776 "," 55,552 ",KpI,8,231?,Heiman Wertheim,Vietnam,2008,Community,Human,Human_invasive,liver,pus,liver abscess
5235_8_4,ERS011786,SKP000121,08-0345m,92,80,69," 5,494,793 "," 99,846 ",KpI,14,309*,Heiman Wertheim,Vietnam,2008,Community,Human,Human_invasive,sterile,blood,liver abscess
5235_8_9,ERS011791,SKP000139,09-286G,93,99,71," 5,429,351 "," 162,601 ",KpI,61,499*,Heiman Wertheim,Vietnam,2009,Community,Human,Unknown,urine,urine,liver
5235_8_8,ERS011790,SKP000136,71B,93,110,64," 5,502,262 "," 62,357 ",KpI,12,656*,Heiman Wertheim,Vietnam,2007,Community,Human,Human_infection,respiratory,sputum,Pneumonia
5235_6_9,ERS012030,SKP000866,558m,95,114,80," 5,558,422 "," 85,662 ",KpI,83,660*,Heiman Wertheim,Vietnam,2009,Community,Human,Human_invasive,sterile,blood,liver abscess
5235_5_10,ERS012019,SKP000856,09-439B,86,62,40," 7,975,263 "," 1,627 ",KpII,NA,776*,Heiman Wertheim,Vietnam,2009,Community,Human,NA,respiratory,sputum,pneumonia
5235_5_11,ERS012020,SKP000857,09-332B,92,48,78," 5,557,516 "," 47,322 ",KpI,3,777*,Heiman Wertheim,Vietnam,2009,Community,Human,Human_infection,respiratory,sputum,pneumonia
5235_5_8,ERS012017,SKP000854,09-2072m,91,74,80," 5,180,984 "," 42,113 ",KpI,59,DLV-749,Heiman Wertheim,Vietnam,2009,Nosocomial,Human,Human_invasive,sterile,blood,liver
5193_1_10,ERS011803,SKP000260,1892m,88,56,59," 5,742,106 "," 170,455 ",KpIII,NA,SLV-344,Heiman Wertheim,Vietnam,2008,Community,Human,NA,sterile,blood,pneumonia
5235_8_3,ERS011785,SKP000112,71M,94,39,69," 5,376,260 "," 33,992 ",KpI,133,SLV-806,Heiman Wertheim,Vietnam,2008,Community,Human,Human_invasive,liver,pus,liver abscess
5299_7_8,ERS012053,SKP000887,2033,93,49,82," 5,295,515 "," 122,728 ",KpI,11,15,Juliette Severin,Indonesia,2005,Unknown,Human,Unknown,urine,urine,NA
5299_7_4,ERS012049,SKP000884,1897,92,34,71," 5,764,050 "," 100,972 ",KpI,9,20,Juliette Severin,Indonesia,2005,Unknown,Human,Human_invasive,sterile,blood,NA
5235_7_8,ERS012041,SKP000876,1612,94,83,71," 5,699,593 "," 18,913 ",KpI,7,36,Juliette Severin,Indonesia,2005,Unknown,Human,Human_invasive,sterile,blood,NA
5235_7_2,ERS012035,SKP000871,1555,92,71,72," 5,799,561 "," 42,455 ",KpI,2,43,Juliette Severin,Indonesia,2005,Unknown,Human,Unknown,urine,urine,NA
5235_7_11,ERS012044,SKP000879,1765,92,89,77," 5,631,251 "," 75,634 ",KpI,2,43,Juliette Severin,Indonesia,2005,Unknown,Human,Human_invasive,sterile,blood,NA
5235_7_9,ERS012042,SKP000877,1753,92,83,78," 5,636,935 "," 44,068 ",KpI,2,43,Juliette Severin,Indonesia,2005,Unknown,Human,Human_invasive,sterile,blood,NA
5235_7_10,ERS012043,SKP000878,1764,92,64,77," 5,649,344 "," 53,072 ",KpI,2,43,Juliette Severin,Indonesia,2005,Unknown,Human,Human_invasive,sterile,blood,NA
5235_6_11,ERS012032,SKP000868,1517,93,88,69," 5,854,017 "," 33,536 ",KpI,89,107,Juliette Severin,Indonesia,2005,Unknown,Human,Human_invasive,sterile,blood,NA
5299_7_5,ERS012050,SKP000885,1993,92,33,67," 5,776,339 "," 145,863 ",KpI,52,482,Juliette Severin,Indonesia,2005,Unknown,Human,Human_invasive,sterile,blood,NA
5235_7_3,ERS012036,SKP000872,1557,93,27,65," 5,822,681 "," 15,356 ",KpI,35,495,Juliette Severin,Indonesia,2005,Unknown,Human,Unknown,urine,urine,NA
5235_7_4,ERS012037,SKP000873,1576,93,83,62," 5,767,122 "," 68,111 ",KpI,35,495,Juliette Severin,Indonesia,2005,Unknown,Human,Human_invasive,sterile,blood,NA
5299_7_1,ERS012046,SKP000881,1824,92,77,67," 5,556,504 "," 101,498 ",KpI,148,780,Juliette Severin,Indonesia,2005,Unknown,Human,Human_invasive,sterile,blood,NA
5299_7_6,ERS012051,SKP000886,2024,91,70,71," 5,564,839 "," 107,037 ",KpI,113,1411,Juliette Severin,Indonesia,2005,Unknown,Human,Human_invasive,sterile,blood,NA
5235_7_1,ERS012034,SKP000870,1524,92,38,81," 5,470,443 "," 57,777 ",KpI,2,43*,Juliette Severin,Indonesia,2005,Unknown,Human,Unknown,urine,urine,NA
5299_7_3,ERS012048,SKP000883,1896,91,33,72," 5,477,509 "," 125,206 ",KpI,84,520*,Juliette Severin,Indonesia,2005,Unknown,Human,Human_invasive,sterile,blood,NA
5299_7_2,ERS012047,SKP000882,1884,93,48,85," 5,226,250 "," 93,233 ",KpI,11,709*,Juliette Severin,Indonesia,2005,Unknown,Human,Human_invasive,sterile,blood,NA
5235_7_12,ERS012045,SKP000880,1789,92,57,73," 5,657,030 "," 109,658 ",KpI,3,777*,Juliette Severin,Indonesia,2005,Unknown,Human,Human_invasive,sterile,CSF,NA
5235_7_5,ERS012038,SKP000874,1585,91,58,73," 5,690,259 "," 60,960 ",KpI,23,close to 497,Juliette Severin,Indonesia,2005,Unknown,Human,Human_invasive,sterile,blood,NA
5235_7_6,ERS012039,SKP000875,1586,91,26,76," 5,739,334 "," 47,137 ",KpI,23,close to 497,Juliette Severin,Indonesia,2005,Unknown,Human,Human_invasive,sterile,blood,NA
5235_6_12,ERS012033,SKP000869,1523,91,48,68," 5,911,222 "," 49,021 ",KpI,50,DLV-54,Juliette Severin,Indonesia,2005,Unknown,Human,Human_invasive,sterile,blood,NA
5299_7_9,ERS012054,SKP000888,1522,92,44,72," 5,621,919 "," 100,669 ",KpI,114,SLV_1271,Juliette Severin,Indonesia,2005,Unknown,Human,Human_invasive,sterile,blood,NA
5193_8_3,ERS011904,SKP000726,DU4033/04,93,92,80," 5,492,415 "," 127,338 ",KpI,6,11,Li Yang Hsu,Singapore,2004,Nosocomial,Human,Human_infection,urine,urine,UTI
5193_8_6,ERS011907,SKP000730,DU10252/04,94,58,82," 5,487,342 "," 96,348 ",KpI,6,11,Li Yang Hsu,Singapore,2004,Nosocomial,Human,Human_infection,urine,urine,Catheter-related UTI
5193_8_1,ERS011902,SKP000724,DM23092/04,93,67,75," 5,543,577 "," 144,423 ",KpI,6,11,Li Yang Hsu,Singapore,2004,Nosocomial,Human,Human_infection,unknown,foot,Wound infection
5193_8_10,ERS011911,SKP000734,DU38032/05,89,58,79," 5,341,559 "," 130,355 ",KpI,6,11,Li Yang Hsu,Singapore,2005,Nosocomial,Human,Human_infection,urine,urine,Catheter-related UTI
5193_8_5,ERS011906,SKP000729,DR5092/05,92,53,78," 5,552,606 "," 144,455 ",KpI,6,11,Li Yang Hsu,Singapore,2005,Nosocomial,Human,Human_carriage,intestinal,gastric aspirate,Colonization
5193_8_8,ERS011909,SKP000732,DU33062/05,93,80,81," 5,600,881 "," 129,884 ",KpI,11,15,Li Yang Hsu,Singapore,2005,Nosocomial,Human,Human_carriage,urine,urine,Urine colonization
5193_8_4,ERS011905,SKP000727,DB11802/05,93,63,75," 5,649,090 "," 114,889 ",KpI,20,17,Li Yang Hsu,Singapore,2005,Nosocomial,Human,Human_invasive,sterile,blood,Bacteremia
5151_2_1,ERS011914,SKP000737,DM16912/02,99,59,90," 5,557,950 "," 229,539 ",KpI,10,23,Li Yang Hsu,Singapore,2002,Community,Human,Human_invasive,liver,liver,liver abscess
5151_2_2,ERS011915,SKP000738,DM17138/03,99,98,88," 5,652,074 "," 206,296 ",KpI,10,23,Li Yang Hsu,Singapore,2003,Community,Human,Human_invasive,unknown,thigh,necrotizing fasciitis - thigh
5151_2_4,ERS011917,SKP000740,DM11825/05,99,48,88," 5,599,176 "," 123,739 ",KpI,10,23,Li Yang Hsu,Singapore,2005,Community,Human,Human_invasive,liver,liver,liver abscess
5193_8_2,ERS011903,SKP000725,DB44834/96,92,86,68," 5,972,771 "," 100,001 ",KpI,25,42,Li Yang Hsu,Singapore,1996,Nosocomial,Human,Human_invasive,sterile,blood,Bacteremia
5151_2_5,ERS011918,SKP000741,DB270/04,93,47,70," 5,729,773 "," 174,751 ",KpI,17,48,Li Yang Hsu,Singapore,2004,Nosocomial,Human,Human_invasive,sterile,blood,Bacteremia
5193_8_11,ERS011912,SKP000735,DM1159/01,93,79,80," 5,527,934 "," 227,429 ",KpI,5,65,Li Yang Hsu,Singapore,2001,Community,Human,Human_invasive,unknown,vitreous,endophthalmitis
5193_8_9,ERS011910,SKP000733,DU35427/05,87,51,51," 5,644,407 "," 127,411 ",KpII,NA,138,Li Yang Hsu,Singapore,2005,Nosocomial,Human,NA,urine,urine,Catheter-related UTI
5151_2_8,ERS011921,SKP000743,DX259/08,92,38,73," 5,750,142 "," 156,692 ",KpI,19,184,Li Yang Hsu,Singapore,2008,Community,Human,Human_invasive,sterile,blood,Bacteremia
5151_2_6,ERS011919,SKP000742,DU8882/04,91,38,63," 6,061,740 "," 70,561 ",KpI,94,359,Li Yang Hsu,Singapore,2004,Nosocomial,Human,Human_infection,urine,urine,Catheter-related UTI
5151_2_9,ERS011922,SKP000744,DR85/08,86,39,61," 5,281,875 "," 351,592 ",KpII,NA,734,Li Yang Hsu,Singapore,2008,NA,Environmental,NA,environment,seawater,NA
5151_2_3,ERS011916,SKP000739,DM17337/04,94,67,80," 5,648,032 "," 128,665 ",KpI,69,828,Li Yang Hsu,Singapore,2004,Community,Human,Human_infection,respiratory,chest,chest wall abscess
5151_2_10,ERS011923,SKP000745,DU46543/08,94,31,71," 5,670,988 "," 121,626 ",KpI,24,133*,Li Yang Hsu,Singapore,2008,Nosocomial,Human,Human_infection,urine,urine,UTI
5193_8_12,ERS011913,SKP000736,DR19891/02,92,88,82," 5,494,291 "," 226,806 ",KpI,99,SLV-434,Li Yang Hsu,Singapore,2002,Community,Human,Human_invasive,sterile,brain,brain abscess
Klebsiella_pneumoniae_subsp_pneumoniae_1084,NC_018522,1084,1084,98,NA,96," 5,386,705 "," 5,386,705 ",KpI,10,23,Public,Taiwan,2002,Nosocomial,Human,NA,bacteraemic liver abscess ,,bacteraemic liver abscess 
Klebsiella_pneumoniae_KCTC_2242,NC_017540,KCTC 2242,KCTC 2242,92,NA,88," 5,462,423 "," 5,259,571 ",KpI,43,375,Public,South Korea,,,Human,NA,,,
Klebsiella_pneumoniae_subsp_pneumoniae_HS11286,NC_016838,HS11286,HS11286,93,NA,85," 5,682,322 "," 5,333,942 ",KpI,6,11,Public,China,2011,Nosocomial,Human,NA,respiratory,sputum,
Klebsiella_variicola_At-22,NC_013850,At-22,K. variicola At-22,89,NA,69," 5,458,505 "," 5,458,505 ",KpIII,NA,745*,Public,South America,2003-2006,NA,Atta cephalotes fungus garden,NA,,,
Klebsiella_pneumoniae_subsp_pneumoniae_MGH_78578,NC_009648,ATCC 700721,MGH 78578,92,NA,85," 5,694,894 "," 5,315,120 ",KpI,85,38,Public,USA?,1994,Nosocomial,Human,NA,pneumonia,blood,pneumonia
Klebsiella_pneumoniae_342,NC_0011281,342,342,89,NA,64," 5,920,257 "," 5,641,239 ",KpIII,NA,146,Public,,,NA,Plant,NA,,,
Klebsiella_pneumoniae_subsp_pneumoniae_WGLW3,AMLN01,WGLW3,WGLW3,93,NA,87," 5,518,063 "," 405,884 ",KpI,17,48,Public,USA?,,,Human,NA,,,
Klebsiella_pneumoniae_subsp_pneumoniae_WGLW1,AMLL01,WGLW1,WGLW1,92,NA,87," 5,516,480 "," 673,632 ",KpI,17,48,Public,USA,,,Human,NA,,,
Klebsiella_pneumoniae_subsp_pneumoniae_LZ,AJVY01,LZ,LZ,91,NA,87," 5,431,750 "," 118,550 ",KpI,86,1222?,Public,China,2010,NA,Environmental,NA,soil,,
Klebsiella_pneumoniae_subsp_pneumoniae_LCT-KP214,AJHE01,LCT-KP214,LCT-KP214,90,NA,84," 5,573,211 "," 31,717 ",KpI,17,48,Public,China,,Lab (passaged from CGMCC 1.1736),Human,NA,pneumonia,,
Klebsiella_pneumoniae_1191100241,AFXH01,1191100241,1191100241,92,NA,85," 5,687,314 "," 34,170 ",KpI,37,395,Public,Netherlands,2011,Nosocomial,Human,NA,,,Dutch outbreak
Klebsiella_pneumoniae_1162281,AFQL01,1162281,1162281,93,NA,88," 5,535,020 "," 161,835 ",KpI,24,133*,Public,,,,Human,NA,,,
Klebsiella_sp_MS_92-3,AFBO01,MS_92-3,MS_92-3,91,NA,86," 5,576,613 "," 11,156 ",KpI,1,45*,Public,USA,,,Human,NA,intestinal,gastrointestinal tract,
Klebsiella_pneumoniae_subsp_pneumoniae_JC2877,AJJI01,JC2877,JC2877,91,NA,86," 5,512,347 "," 459,638 ",KpI,158,3,Public,,,,Human,NA,,,
Klebsiella_pneumoniae_JH1,AFQK01,JH1,JH1,92,NA,86," 5,534,249 "," 141,130 ",KpI,48,134?,Public (GlaxoSmithKline culture collection),USA?,,,Human,NA,(clinical),,clinical isolate
Klebsiella_pneumoniae_subsp_rhinoscleromatis_ATCC_13884,ACZD01,ATCC 13884,subsp rhinoscleromatis ATCC 13884,88,NA,83," 5,450,034 "," 565,138 ",KpI,117,67,Public (Human Microbiome Project),Indonesia,1973,Community,Human,Human_infection,rhinoscleroma,granuloma (rhinoscleromatis),rhinoscleroma
Klebsiella_sp_1_1_55,ACXA01,1 1 55,1 1 55,89,NA,69," 5,459,739 "," 1,084,691 ",KpIII,NA,848?,Public (Human Microbiome Project),USA?,,Unknown,Human,NA,intestinal,,isolated from biopsy tissue samples from the ascending colon of a 40 yr old female patient with Crohn's disease in remission. No inflammation was noted for this tissue sample at time of collection.
Klebsiella_sp_4_1_44FAA,ACWO01,4 1 44FAA,4 1 44FAA,91,NA,86," 5,478,883 "," 84,371 ",KpI,138,18?,Public (Human Microbiome Project),USA?,,Unknown,Human,NA,intestinal,,healthy gut biopsy tissue from a 25 year old male patient with Crohn's disease
Klebsiella_pneumoniae_subsp_pneumoniae_KPNIH23,AKAN01,KPNIH23,KPNIH23,92,NA,84," 5,740,386 "," 47,638 ",KpI,6,258,Public (NIH Bethesda),USA,2011,Nosocomial,Human,NA,,,US NIH Outbreak
Klebsiella_pneumoniae_subsp_pneumoniae_KPNIH22,AKAM01,KPNIH22,KPNIH22,92,NA,84," 5,749,696 "," 131,068 ",KpI,6,258,Public (NIH Bethesda),USA,2011,Nosocomial,Human,NA,rectal swab,rectal swab,US NIH Outbreak
Klebsiella_pneumoniae_subsp_pneumoniae_KPNIH21,AKAL01,KPNIH21,KPNIH21,92,NA,84," 5,757,750 "," 117,020 ",KpI,6,258,Public (NIH Bethesda),USA,2011,Nosocomial,Human,NA,rectal swab,rectal swab,US NIH Outbreak
Klebsiella_pneumoniae_subsp_pneumoniae_KPNIH20,AKAK01,KPNIH20,KPNIH20,92,NA,84," 5,724,448 "," 167,325 ",KpI,6,258,Public (NIH Bethesda),USA,2011,Nosocomial,Human,NA,throat,,US NIH Outbreak
Klebsiella_pneumoniae_subsp_pneumoniae_KPNIH19,AKAJ01,KPNIH19,KPNIH19,92,NA,84," 5,715,894 "," 98,646 ",KpI,6,258,Public (NIH Bethesda),USA,2011,Nosocomial,Human,NA,rectal swab,rectal swab,US NIH Outbreak
Klebsiella_pneumoniae_subsp_pneumoniae_KPNIH18,AKAI01,KPNIH18,KPNIH18,92,NA,83," 5,769,474 "," 153,222 ",KpI,6,258,Public (NIH Bethesda),USA,2011,Nosocomial,Human,NA,rectal swab,rectal swab,US NIH Outbreak
Klebsiella_pneumoniae_subsp_pneumoniae_KPNIH17,AKAH01,KPNIH17,KPNIH17,92,NA,84," 5,715,795 "," 158,097 ",KpI,6,258,Public (NIH Bethesda),USA,2011,Nosocomial,Human,NA,,,US NIH Outbreak
Klebsiella_pneumoniae_subsp_pneumoniae_KPNIH16,AKAG01,KPNIH16,KPNIH16,92,NA,84," 5,715,478 "," 158,009 ",KpI,6,258,Public (NIH Bethesda),USA,2011,Nosocomial,Human,NA,throat,,US NIH Outbreak
Klebsiella_pneumoniae_subsp_pneumoniae_KPNIH14,AKAF01,KPNIH14,KPNIH14,92,NA,84," 5,723,355 "," 147,593 ",KpI,6,258,Public (NIH Bethesda),USA,2011,Nosocomial,Human,NA,rectal swab,rectal swab,US NIH Outbreak
Klebsiella_pneumoniae_subsp_pneumoniae_KPNIH12,AKAE01,KPNIH12,KPNIH12,92,NA,84," 5,719,358 "," 149,661 ",KpI,6,258,Public (NIH Bethesda),USA,2011,Nosocomial,Human,NA,rectal swab,rectal swab,US NIH Outbreak
Klebsiella_pneumoniae_subsp_pneumoniae_KPNIH11,AKAD01,KPNIH11,KPNIH11,92,NA,84," 5,714,016 "," 150,495 ",KpI,6,258,Public (NIH Bethesda),USA,2011,Nosocomial,Human,NA,rectal swab,rectal swab,US NIH Outbreak
Klebsiella_pneumoniae_subsp_pneumoniae_KPNIH10,AKAC01,KPNIH10,KPNIH10,92,NA,84," 5,716,118 "," 158,000 ",KpI,6,258,Public (NIH Bethesda),USA,2011,Nosocomial,Human,NA,groin,,US NIH Outbreak
Klebsiella_pneumoniae_subsp_pneumoniae_KPNIH9,AKAB01,KPNIH9,KPNIH9,92,NA,84," 5,720,331 "," 178,365 ",KpI,6,258,Public (NIH Bethesda),USA,2011,Nosocomial,Human,NA,rectal swab,rectal swab,US NIH Outbreak
Klebsiella_pneumoniae_subsp_pneumoniae_KPNIH8,AKAA01,KPNIH8,KPNIH8,92,NA,84," 5,714,705 "," 158,021 ",KpI,6,258,Public (NIH Bethesda),USA,2011,Nosocomial,Human,NA,rectal swab,rectal swab,US NIH Outbreak
Klebsiella_pneumoniae_subsp_pneumoniae_KPNIH7,AJZZ01,KPNIH7,KPNIH7,92,NA,84," 5,723,848 "," 158,114 ",KpI,6,258,Public (NIH Bethesda),USA,2011,Nosocomial,Environmental,NA,ventilator,,US NIH Outbreak
Klebsiella_pneumoniae_subsp_pneumoniae_KPNIH6,AJZY01,KPNIH6,KPNIH6,92,NA,84," 5,714,943 "," 130,041 ",KpI,6,258,Public (NIH Bethesda),USA,2011,Nosocomial,Human,NA,peritoneal fluid,,US NIH Outbreak
Klebsiella_pneumoniae_subsp_pneumoniae_KPNIH5,AJZX01,KPNIH5,KPNIH5,92,NA,84," 5,716,297 "," 126,254 ",KpI,6,258,Public (NIH Bethesda),USA,2011,Nosocomial,Human,NA,peritoneal fluid,,US NIH Outbreak
Klebsiella_pneumoniae_subsp_pneumoniae_KPNIH4,AJZW01,KPNIH4,KPNIH4,92,NA,84," 5,718,058 "," 120,800 ",KpI,6,258,Public (NIH Bethesda),USA,2011,Nosocomial,Human,NA,peritoneal fluid,,US NIH Outbreak
Klebsiella_pneumoniae_subsp_pneumoniae_KPNIH2,AJZV01,KPNIH2,KPNIH2,92,NA,84," 5,724,800 "," 154,879 ",KpI,6,258,Public (NIH Bethesda),USA,2011,Nosocomial,Human,NA,wound,,US NIH Outbreak
Klebsiella_pneumoniae_subsp_pneumoniae_KPNIH1,AJZU01,KPNIH1,KPNIH1,92,NA,84," 5,723,756 "," 158,289 ",KpI,6,258,Public (NIH Bethesda),USA,2011,Nosocomial,Human,NA,groin,skin lesion,US NIH Outbreak
Klebsiella_pneumoniae_NTUH-K2044,NC_012731,NTUH-K2044,NTUH-K2044,100,NA,96," 5,472,672 "," 5,248,520 ",KpI,10,23,Public (Yang-Ming University VYM Genome Research Center),Taiwan,,,Human,NA,liver abscess and meningitis,liver abscess,liver abscess
5235_1_8,ERS011981,SKP000815,QMP M1-964,93,49,73," 5,552,664 "," 5,687 ",KpI,11,15,Ruth Zadoks,USA,2007,Community,Human,Unknown,intestinal biopsy,ileum,
5235_2_1,ERS011986,SKP000820,QMP M1-972,92,91,66," 5,807,924 "," 32,585 ",KpI,9,20,Ruth Zadoks,USA,2007,Community,Human,Unknown,intestinal biopsy,ileum,
5151_5_8,ERS011945,SKP000791,QMP M1-761,91,59,67," 5,476,750 "," 35,107 ",KpI,127,22,Ruth Zadoks,USA,2006,NA,Bovine,Bovine_infection,sterile,milk,clinical mastitis
5151_5_7,ERS011944,SKP000790,QMP M1-728,91,62,69," 5,435,476 "," 26,096 ",KpI,146,34,Ruth Zadoks,USA,2006,NA,Bovine,Bovine_infection,sterile,milk,clinical mastitis
5151_5_1,ERS011938,SKP000784,QMP M1-557,92,41,61," 5,647,869 "," 6,905 ",KpI,15,35,Ruth Zadoks,USA,2005,NA,Bovine,Bovine_infection,sterile,milk,subclinical mastitis
5193_1_7,ERS011800,SKP000748,QMP B2-170,92,103,87," 5,379,229 "," 220,530 ",KpI,2,43,Ruth Zadoks,USA,2006,NA,Bovine,Bovine_infection,sterile,milk,subclinical mastitis
5235_1_2,ERS011975,SKP000809,QMP M1-891,94,78,82," 5,298,506 "," 5,761 ",KpI,1,45,Ruth Zadoks,USA,2007,Community,Human,Human_infection,urine,urine,UTI
5235_8_7,ERS011789,SKP000747,QMP B2-090,93,48,67," 5,670,413 "," 76,853 ",KpI,5,65,Ruth Zadoks,USA,2006,NA,Bovine,Bovine_infection,sterile,milk,subclinical mastitis
5193_6_7,ERS011860,SKP000752,QMP B2-228,93,55,67," 5,571,880 "," 255,286 ",KpI,33,105,Ruth Zadoks,USA,2006,NA,Bovine,Bovine_infection,sterile,milk,subclinical mastitis
5151_6_1,ERS011950,SKP000772,QMP M1-200,94,45,81," 5,511,410 "," 150,735 ",KpI,151,116,Ruth Zadoks,USA,2005,NA,Bovine,Bovine_infection,sterile,milk,clinical mastitis
5197_7_7,ERS011872,SKP000753,QMP B2-248,93,103,87," 5,353,039 "," 214,432 ",KpI,22,177,Ruth Zadoks,USA,2006,NA,Bovine,Bovine_carriage,intestinal,faeces,healthy
5151_3_2,ERS011927,SKP000761,QMP B2-563,92,74,85," 5,324,956 "," 94,601 ",KpI,96,178,Ruth Zadoks,USA,2006,NA,Bovine,Bovine_infection,sterile,milk,clinical mastitis
5151_5_2,ERS011939,SKP000785,QMP M1-559,91,96,67," 5,345,615 "," 35,304 ",KpI,107,181,Ruth Zadoks,USA,2005,NA,Bovine,Bovine_infection,sterile,milk,subclinical mastitis
5151_6_4,ERS011953,SKP000775,QMP M1-220,92,38,81," 5,566,873 "," 179,195 ",KpI,64,183,Ruth Zadoks,USA,2005,NA,Bovine,Bovine_infection,sterile,milk,clinical mastitis
5151_6_6,ERS011955,SKP000777,QMP M1-375,92,32,75," 5,824,660 "," 47,570 ",KpI,28,185,Ruth Zadoks,USA,2005,NA,Bovine,Bovine_carriage,intestinal,faeces,healthy
5299_1_3,ERS011964,SKP000798,QMP M1-822,92,41,65," 5,863,361 "," 13,824 ",KpI,28,185,Ruth Zadoks,USA,2006,NA,Bovine,Bovine_infection,sterile,milk,clinical mastitis
5299_1_1,ERS011962,SKP000796,QMP M1-781,92,60,76," 5,562,504 "," 38,466 ",KpI,30,186,Ruth Zadoks,USA,2006,NA,Bovine,Bovine_infection,sterile,milk,clinical mastitis
5151_3_5,ERS011930,SKP000764,QMP M1-030,92,26,81," 5,513,233 "," 26,874 ",KpI,129,187,Ruth Zadoks,USA,2005,NA,Bovine,Bovine_carriage,intestinal,faeces,healthy
5235_3_8,ERS012005,SKP000839,QMP M1-862,93,57,70," 5,751,638 "," 19,056 ",KpI,143,188,Ruth Zadoks,USA,2006,Community,Human,Human_invasive,sterile,blood,NA
5299_1_10,ERS011971,SKP000805,QMP M1-886,92,90,71," 5,502,797 "," 56,876 ",KpI,131,189,Ruth Zadoks,USA,2007,Community,Human,Human_infection,urine,urine,UTI
5235_6_7,ERS012028,SKP000844,QMP Z4-709,91,25,74," 5,571,774 "," 6,280 ",KpI,45,190,Ruth Zadoks,USA,2006,NA,Bovine,Bovine_infection,sterile,milk,clinical mastitis
5151_3_9,ERS011934,SKP000768,QMP M1-044,91,44,83," 5,392,163 "," 43,224 ",KpI,136,191,Ruth Zadoks,USA,2005,NA,Bovine,Bovine_carriage,intestinal,faeces,healthy
5299_7_7,ERS012052,SKP000846,QMP Z4-716,92,33,71," 5,351,685 "," 127,291 ",KpI,74,194,Ruth Zadoks,USA,2006,NA,Bovine,Bovine_infection,sterile,milk,clinical mastitis
5151_2_12,ERS011925,SKP000759,QMP B2-481,89,85,64," 5,617,391 "," 320,574 ",KpIII,NA,197,Ruth Zadoks,USA,2006,NA,Bovine,Bovine_carriage,intestinal,faeces,healthy
5151_3_10,ERS011935,SKP000769,QMP M1-051,93,40,82," 5,491,959 "," 92,894 ",KpI,26,198,Ruth Zadoks,USA,2005,NA,Bovine,Bovine_carriage,intestinal,faeces,healthy
5151_6_8,ERS011957,SKP000779,QMP M1-378,92,118,77," 5,515,997 "," 174,420 ",KpI,152,199,Ruth Zadoks,USA,2005,NA,Bovine,Bovine_carriage,intestinal,faeces,healthy
5193_8_7,ERS011908,SKP000756,QMP B2-288,87,42,65," 5,510,507 "," 230,927 ",KpIII,NA,203,Ruth Zadoks,USA,2006,NA,Bovine,Bovine_carriage,intestinal,faeces,healthy
5151_2_7,ERS011920,SKP000757,QMP B2-340,87,33,65," 5,450,401 "," 189,682 ",KpIII,NA,204,Ruth Zadoks,USA,2006,NA,Bovine,Bovine_carriage,intestinal,faeces,healthy
5151_3_1,ERS011926,SKP000760,QMP B2-483,89,48,61," 5,713,931 "," 85,886 ",KpIII,NA,205,Ruth Zadoks,USA,2006,NA,Bovine,Bovine_carriage,intestinal,faeces,healthy
5151_3_8,ERS011933,SKP000767,QMP M1-043,88,26,60," 5,847,087 "," 54,407 ",KpIII,NA,207,Ruth Zadoks,USA,2005,NA,Bovine,Bovine_carriage,intestinal,faeces,healthy
5151_5_10,ERS011947,SKP000793,QMP M1-765,89,103,52," 5,736,289 "," 64,172 ",KpIII,NA,210,Ruth Zadoks,USA,2006,NA,Bovine,Bovine_carriage,intestinal,faeces,healthy
5235_2_7,ERS011992,SKP000826,QMP M1-414,91,35,77," 5,516,368 "," 17,990 ",KpI,103,211,Ruth Zadoks,USA,2005,NA,Environmental,NA,environment,bedding,NA
5235_2_12,ERS011997,SKP000831,QMP M1-418,92,27,75," 5,610,533 "," 16,999 ",KpI,109,212,Ruth Zadoks,USA,2005,NA,Environmental,NA,environment,bedding,NA
5151_6_5,ERS011954,SKP000776,QMP M1-222,92,34,84," 5,400,760 "," 118,741 ",KpI,106,213,Ruth Zadoks,USA,2005,NA,Bovine,Bovine_infection,sterile,milk,clinical mastitis
5151_6_12,ERS011961,SKP000783,QMP M1-428,87,60,67," 5,408,136 "," 348,860 ",KpIII,NA,214,Ruth Zadoks,USA,2005,NA,Bovine,Bovine_infection,sterile,milk,clinical mastitis
5235_3_6,ERS012003,SKP000837,QMP M1-860,94,15,85," 5,424,579 "," 44,615 ",KpI,81,215,Ruth Zadoks,USA,2006,Community,Human,Human_infection,urine,urine,UTI
5193_5_7,ERS011848,SKP000751,QMP B2-223,92,49,81," 5,424,647 "," 295,261 ",KpI,30,220,Ruth Zadoks,USA,2006,NA,Bovine,Bovine_infection,sterile,milk,subclinical mastitis
5151_6_10,ERS011959,SKP000781,QMP M1-413,92,75,79," 5,449,516 "," 174,400 ",KpI,32,221,Ruth Zadoks,USA,2005,NA,Environmental,NA,environment,bedding,NA
5151_6_11,ERS011960,SKP000782,QMP M1-415,92,49,84," 5,416,623 "," 152,019 ",KpI,32,221,Ruth Zadoks,USA,2005,NA,Environmental,NA,environment,bedding,NA
5193_7_7,ERS011884,SKP000754,QMP B2-252,92,47,80," 5,550,803 "," 240,955 ",KpI,R,222,Ruth Zadoks,USA,2006,NA,Bovine,Bovine_carriage,intestinal,faeces,healthy
5235_2_6,ERS011991,SKP000825,QMP M1-029,92,31,74," 5,768,828 "," 33,212 ",KpI,147,223,Ruth Zadoks,USA,2005,NA,Bovine,Bovine_carriage,intestinal,faeces,healthy
5151_3_6,ERS011931,SKP000765,QMP M1-031,92,25,75," 5,815,728 "," 25,599 ",KpI,76,224,Ruth Zadoks,USA,2005,NA,Bovine,Bovine_carriage,intestinal,faeces,healthy
5299_1_7,ERS011968,SKP000802,QMP M1-882,92,82,80," 5,545,281 "," 52,834 ",KpI,112,225,Ruth Zadoks,USA,2007,Community,Human,Human_infection,urine,urine,UTI
5151_5_3,ERS011940,SKP000786,QMP M1-560,92,47,71," 5,499,733 "," 15,679 ",KpI,78,227,Ruth Zadoks,USA,2005,NA,Bovine,Bovine_infection,sterile,milk,subclinical mastitis
5151_5_4,ERS011941,SKP000787,QMP M1-561,92,88,57," 5,719,227 "," 36,679 ",KpI,29,228,Ruth Zadoks,USA,2005,NA,Bovine,Bovine_infection,sterile,milk,subclinical mastitis
5151_5_5,ERS011942,SKP000788,QMP M1-562,92,45,59," 5,758,881 "," 14,060 ",KpI,29,228,Ruth Zadoks,USA,2005,NA,Bovine,Bovine_infection,sterile,milk,clinical mastitis
5151_6_7,ERS011956,SKP000778,QMP M1-376,93,51,75," 5,518,063 "," 207,754 ",KpI,29,228,Ruth Zadoks,USA,2005,NA,Bovine,Bovine_carriage,intestinal,faeces,healthy
5299_1_4,ERS011965,SKP000799,QMP M1-826,93,51,71," 5,515,572 "," 25,792 ",KpI,29,228,Ruth Zadoks,USA,2006,NA,Bovine,Bovine_infection,sterile,milk,clinical mastitis
5235_2_11,ERS011996,SKP000830,QMP M1-407,92,112,75," 5,639,553 "," 64,199 ",KpI,72,230,Ruth Zadoks,USA,2005,NA,Environmental,NA,environment,bedding,NA
5151_5_11,ERS011948,SKP000794,QMP M1-766,92,64,76," 5,515,740 "," 10,500 ",KpI,66,232,Ruth Zadoks,USA,2006,NA,Bovine,Bovine_carriage,intestinal,faeces,healthy
5151_6_2,ERS011951,SKP000773,QMP M1-217,92,80,82," 5,236,940 "," 122,134 ",KpI,79,234,Ruth Zadoks,USA,2005,NA,Bovine,Bovine_infection,sterile,milk,clinical mastitis
5151_6_3,ERS011952,SKP000774,QMP M1-218,92,34,86," 5,355,824 "," 134,420 ",KpI,88,235,Ruth Zadoks,USA,2005,NA,Bovine,Bovine_infection,sterile,milk,clinical mastitis
5151_6_9,ERS011958,SKP000780,QMP M1-406,92,31,76," 5,705,741 "," 119,087 ",KpI,121,237,Ruth Zadoks,USA,2005,NA,Environmental,NA,environment,bedding,NA
5235_3_5,ERS012002,SKP000836,QMP M1-776,92,33,81," 5,431,085 "," 48,152 ",KpI,116,239,Ruth Zadoks,USA,2006,Community,Human,Human_invasive,sterile,blood,NA
5235_3_9,ERS012006,SKP000840,QMP M1-868,92,28,81," 5,287,321 "," 26,802 ",KpI,141,241,Ruth Zadoks,USA,2006,Community,Human,Human_invasive,sterile,blood,NA
5235_7_7,ERS012040,SKP000845,QMP Z4-712,92,28,79," 5,549,964 "," 29,346 ",KpI,42,242,Ruth Zadoks,USA,2006,NA,Bovine,Bovine_infection,sterile,milk,clinical mastitis
5151_2_11,ERS011924,SKP000758,QMP B2-344,92,74,89," 5,237,665 "," 204,149 ",KpI,130,245,Ruth Zadoks,USA,2006,NA,Bovine,Bovine_carriage,intestinal,faeces,healthy
5299_1_2,ERS011963,SKP000797,QMP M1-821,91,67,76," 5,391,936 "," 62,027 ",KpI,123,246,Ruth Zadoks,USA,2006,NA,Bovine,Bovine_infection,sterile,milk,clinical mastitis
5299_1_8,ERS011969,SKP000803,QMP M1-884,92,85,75," 5,660,548 "," 39,864 ",KpI,41,247,Ruth Zadoks,USA,2007,Community,Human,Human_infection,urine,urine,UTI
5299_1_9,ERS011970,SKP000804,QMP M1-885,91,21,76," 5,702,168 "," 10,648 ",KpI,132,248,Ruth Zadoks,USA,2007,Community,Human,Human_infection,urine,urine,UTI
5299_1_11,ERS011972,SKP000806,QMP M1-887,95,45,76," 5,634,221 "," 88,321 ",KpI,108,249,Ruth Zadoks,USA,2007,Community,Human,Human_infection,urine,urine,UTI
5235_1_1,ERS011974,SKP000808,QMP M1-889,93,24,77," 5,425,687 "," 2,442 ",KpI,58,251,Ruth Zadoks,USA,2007,Community,Human,Human_infection,urine,urine,UTI
5235_1_3,ERS011976,SKP000810,QMP M1-892,93,52,74," 5,443,941 "," 8,362 ",KpI,157,252,Ruth Zadoks,USA,2007,Community,Human,Human_infection,urine,urine,UTI
5235_1_6,ERS011979,SKP000813,QMP M1-896,92,46,72," 5,723,619 "," 20,406 ",KpI,55,255,Ruth Zadoks,USA,2007,Community,Human,Human_infection,urine,urine,UTI
5235_1_7,ERS011980,SKP000814,QMP M1-963,92,96,74," 5,360,436 "," 4,042 ",KpI,82,275,Ruth Zadoks,USA,2007,Community,Human,Human_carriage,intestinal biopsy,ileum,
5235_1_9,ERS011982,SKP000816,QMP M1-965,92,135,73," 5,371,377 "," 6,969 ",KpI,115,276,Ruth Zadoks,USA,2007,Community,Human,Unknown,intestinal biopsy,ileum,
5235_1_10,ERS011983,SKP000817,QMP M1-967,92,63,67," 5,571,451 "," 4,285 ",KpI,120,277,Ruth Zadoks,USA,2007,Community,Human,Unknown,intestinal biopsy,ileum,
5235_1_11,ERS011984,SKP000818,QMP M1-968,92,94,70," 5,671,780 "," 10,648 ",KpI,105,278,Ruth Zadoks,USA,2007,Community,Human,Human_carriage,intestinal biopsy,ileum,
5235_1_12,ERS011985,SKP000819,QMP M1-970,92,35,75," 5,603,600 "," 3,576 ",KpI,135,279,Ruth Zadoks,USA,2007,Community,Human,Unknown,intestinal biopsy,ileum,
5235_2_2,ERS011987,SKP000821,QMP M1-974,92,110,80," 5,372,388 "," 8,138 ",KpI,118,280,Ruth Zadoks,USA,2007,Community,Human,Human_carriage,intestinal biopsy,ileum,
5235_2_3,ERS011988,SKP000822,QMP M1-975,92,59,74," 5,638,758 "," 64,624 ",KpI,124,281,Ruth Zadoks,USA,2007,Community,Human,Human_carriage,intestinal biopsy,ileum,
5235_2_4,ERS011989,SKP000823,QMP M1-977,84,48,41," 5,670,272 "," 12,753 ",KpII,NA,283,Ruth Zadoks,USA,2007,Community,Human,NA,intestinal biopsy,ileum,
5235_2_5,ERS011990,SKP000824,QMP M1-980,92,23,64," 5,786,889 "," 5,975 ",KpI,80,286,Ruth Zadoks,USA,2007,Community,Human,Unknown,intestinal biopsy,ileum,
5235_2_8,ERS011993,SKP000827,QMP M2-389,92,28,71," 5,800,194 "," 13,527 ",KpI,75,289,Ruth Zadoks,USA,2007,NA,Bovine,Bovine_carriage,intestinal,rumen,healthy
5235_3_2,ERS011999,SKP000833,QMP M2-488,93,114,77," 5,473,985 "," 99,188 ",KpI,34,294,Ruth Zadoks,USA,2007,NA,Bovine,Bovine_carriage,intestinal,rumen,healthy
5235_3_4,ERS012001,SKP000835,QMP M2-654,94,105,86," 5,297,390 "," 92,419 ",KpI,111,295,Ruth Zadoks,USA,2007,NA,Bovine,Bovine_carriage,intestinal,rumen,healthy
5235_3_7,ERS012004,SKP000838,QMP M2-684,92,53,81," 5,213,806 "," 40,630 ",KpI,63,298,Ruth Zadoks,USA,2007,NA,Bovine,Bovine_carriage,intestinal,rumen,healthy
5197_2_7,ERS011825,SKP000750,QMP B2-211,92,37,83," 5,437,169 "," 55,588 ",KpI,14,309,Ruth Zadoks,USA,2006,NA,Bovine,Bovine_infection,sterile,milk,subclinical mastitis
5235_3_11,ERS012008,SKP000843,QMP Z4-702,92,58,78," 5,505,746 "," 87,146 ",KpI,134,442,Ruth Zadoks,USA,2006,NA,Bovine,Bovine_infection,sterile,milk,clinical mastitis
5193_2_7,ERS011812,SKP000749,QMP B2-176,92,62,86," 5,209,524 "," 242,234 ",KpI,77,610,Ruth Zadoks,USA,2006,NA,Bovine,Bovine_infection,sterile,milk,subclinical mastitis
5151_5_12,ERS011949,SKP000795,QMP M1-771,90,119,69," 5,187,726 "," 43,027 ",KpI,154,754,Ruth Zadoks,USA,2006,Community,Human,Human_invasive,sterile,blood,NA
5151_3_7,ERS011932,SKP000766,QMP M1-042,92,21,80," 5,581,563 "," 19,353 ",KpI,91,179,Ruth Zadoks,USA,2005,NA,Bovine,Bovine_carriage,intestinal,faeces,healthy
5151_3_11,ERS011936,SKP000770,QMP M1-198,92,21,74," 5,657,914 "," 12,135 ",KpI,49,180,Ruth Zadoks,USA,2005,NA,Bovine,Bovine_infection,sterile,milk,clinical mastitis
5299_1_5,ERS011966,SKP000800,QMP M1-861,84,18,52," 5,689,216 "," 3,818 ",KpIV,NA,196,Ruth Zadoks,USA,2006,Community,Human,Human_invasive,sterile,blood,NA
5151_5_6,ERS011943,SKP000789,QMP M1-726,89,40,58," 5,885,810 "," 15,477 ",KpIII,NA,185,Ruth Zadoks,USA,2006,NA,Bovine,Bovine_infection,sterile,milk,clinical mastitis
5151_5_9,ERS011946,SKP000792,QMP M1-763,87,45,58," 5,665,983 "," 25,536 ",KpIII,NA,237,Ruth Zadoks,USA,2006,NA,Bovine,Bovine_carriage,intestinal,faeces,healthy
5299_1_12,ERS011973,SKP000807,QMP M1-888,88,27,51," 5,764,248 "," 115,601 ",KpIII,NA,250,Ruth Zadoks,USA,2007,Community,Human,Human_infection,urine,urine,UTI
5235_1_4,ERS011977,SKP000811,QMP M1-893,88,82,44," 5,878,970 "," 4,857 ",KpIII,NA,253,Ruth Zadoks,USA,2007,Community,Human,Human_infection,urine,urine,UTI
5197_8_7,ERS011896,SKP000755,QMP B2-282,92,17,72," 5,785,153 "," 16,654 ",KpI,142,256,Ruth Zadoks,USA,2006,NA,Bovine,Bovine_carriage,intestinal,faeces,healthy
5235_5_7,ERS012016,SKP000842,QMP Z4-697,92,10,76," 5,835,791 "," 3,966 ",KpI,14,201,Ruth Zadoks,USA,2006,NA,Bovine,Bovine_infection,sterile,milk,clinical mastitis
5235_1_5,ERS011978,SKP000812,QMP M1-895,92,27,69," 5,583,382 "," 3,062 ",KpI,98,254,Ruth Zadoks,USA,2007,Community,Human,Human_infection,urine,urine,UTI
5235_3_12,ERS012009,SKP000847,QMP Z4-724,92,49,79," 5,486,495 "," 100,356 ",KpI,102,629*,Ruth Zadoks,USA,2006,NA,Bovine,Bovine_infection,sterile,milk,clinical mastitis
5235_3_1,ERS011998,SKP000832,QMP M2-484,92,38,73," 5,824,898 "," 27,651 ",KpI,87,293,Ruth Zadoks,USA,2007,NA,Bovine,Bovine_carriage,intestinal,rumen,healthy
5235_5_1,ERS012010,SKP000848,QMP Z4-726,83,27,48," 5,447,251 "," 20,003 ",KpIV,NA,DLV-761,Ruth Zadoks,USA,2006,NA,Bovine,Bovine_infection,sterile,milk,clinical mastitis
5193_3_6,ERS011835,SKP000449,K290N,92,65,76," 5,521,092 "," 214,929 ",KpI,12,1,Stephen Baker,Vietnam,2005,Nosocomial,Human,Human_carriage,respiratory,nose swab,Carriage
5193_2_2,ERS011807,SKP000322,NCSR101,94,72,81," 5,718,983 "," 129,373 ",KpI,6,11,Stephen Baker,Vietnam,2007,Nosocomial,Human,Human_infection,respiratory,bronchial alveolar lavage,Infection
5197_2_2,ERS011819,SKP000372,K102An,93,90,83," 5,437,504 "," 126,316 ",KpI,4,14,Stephen Baker,Vietnam,2004,Nosocomial,Human,Human_carriage,intestinal,anus swab,Carriage
5193_5_1,ERS011842,SKP000473,D-026-I-b-1,92,49,81," 5,337,416 "," 261,020 ",KpI,9,17,Stephen Baker,Vietnam,2005,Community,Human,Human_carriage,intestinal,stool sample,Carriage
5197_2_11,ERS011828,SKP000413,K262N,91,55,82," 5,466,671 "," 119,697 ",KpI,9,17,Stephen Baker,Vietnam,2005,Nosocomial,Human,Human_carriage,respiratory,nose swab,Carriage
5193_1_12,ERS011805,SKP000301,UV937,92,87,84," 5,457,295 "," 142,976 ",KpI,9,20,Stephen Baker,Vietnam,2003,Nosocomial,Human,Human_infection,respiratory,bronchial alveolar lavage,Infection
5193_3_4,ERS011833,SKP000433,K280N,91,59,81," 5,315,641 "," 135,446 ",KpI,57,34,Stephen Baker,Vietnam,2005,Nosocomial,Human,Human_carriage,respiratory,nose swab,Carriage
5193_6_4,ERS011857,SKP000505,EW-85-R-MAN,94,79,84," 5,430,994 "," 248,737 ",KpI,7,36,Stephen Baker,Vietnam,2006,Community,Human,Human_carriage,intestinal,rectal swab,Carriage
5193_2_8,ERS011813,SKP000339,K21Sp,92,72,77," 5,691,795 "," 183,146 ",KpI,144,42,Stephen Baker,Vietnam,2004,Nosocomial,Human,Human_carriage,respiratory,sputum,Carriage
5197_2_1,ERS011818,SKP000367,K86N,92,77,75," 5,822,172 "," 90,378 ",KpI,25,42,Stephen Baker,Vietnam,2004,Nosocomial,Human,Human_carriage,respiratory,nose swab,Carriage
5193_3_5,ERS011834,SKP000436,K282Ax,93,56,79," 5,532,392 "," 252,402 ",KpI,17,48,Stephen Baker,Vietnam,2005,Nosocomial,Human,Human_carriage,intestinal,axilla swab,Carriage
5193_5_9,ERS011850,SKP000491,EW-20-R-MAC-1,93,59,84," 5,467,368 "," 226,277 ",KpI,93,76,Stephen Baker,Vietnam,2006,Community,Human,Human_carriage,intestinal,rectal swab,Carriage
5193_6_3,ERS011856,SKP000504,EW-68-R-MAC-1,93,71,84," 5,432,631 "," 144,336 ",KpI,27,111,Stephen Baker,Vietnam,2006,Community,Human,Human_carriage,intestinal,rectal swab,Carriage
5193_3_8,ERS011837,SKP000460,K307An,92,99,85," 5,312,309 "," 432,406 ",KpI,18,147,Stephen Baker,Vietnam,2005,Nosocomial,Human,Human_carriage,intestinal,anus swab,Carriage
5197_2_8,ERS011824,SKP000396,K231An,94,64,78," 5,505,967 "," 160,626 ",KpI,51,176,Stephen Baker,Vietnam,2005,Nosocomial,Human,Human_carriage,intestinal,anus swab,Carriage
5193_5_11,ERS011852,SKP000494,EW-33-R-MAC-2,93,68,84," 5,439,455 "," 256,610 ",KpI,44,327,Stephen Baker,Vietnam,2006,Community,Human,Human_carriage,intestinal,rectal swab,Carriage
5193_3_1,ERS011830,SKP000422,K268An,87,44,54," 5,485,380 "," 238,894 ",KpII,NA,334,Stephen Baker,Vietnam,2005,Nosocomial,Human,NA,intestinal,anus swab,Carriage
5197_2_9,ERS011826,SKP000404,K242An,92,56,76," 5,663,605 "," 98,051 ",KpI,37,395,Stephen Baker,Vietnam,2005,Nosocomial,Human,Human_carriage,intestinal,anus swab,Carriage
5197_2_10,ERS011827,SKP000412,K261An,91,57,85," 5,338,181 "," 113,162 ",KpI,128,399,Stephen Baker,Vietnam,2005,Nosocomial,Human,Human_carriage,intestinal,anus swab,Carriage
5193_2_9,ERS011814,SKP000343,K35N,93,65,76," 5,629,028 "," 254,533 ",KpI,16,416,Stephen Baker,Vietnam,2004,Nosocomial,Human,Human_carriage,respiratory,nose swab,Carriage
5193_2_11,ERS011816,SKP000352,K53N,93,49,77," 5,731,057 "," 254,515 ",KpI,16,416,Stephen Baker,Vietnam,2004,Nosocomial,Human,Human_carriage,respiratory,nose swab,Carriage
5193_2_1,ERS011806,SKP000303,UV1172,93,67,78," 5,571,727 "," 189,489 ",KpI,16,416,Stephen Baker,Vietnam,2004,Nosocomial,Human,Human_infection,respiratory,bronchial alveolar lavage,Infection
5197_2_3,ERS011820,SKP000378,K113N,93,97,77," 5,636,151 "," 84,493 ",KpI,31,540,Stephen Baker,Vietnam,2004,Nosocomial,Human,Human_carriage,respiratory,nose swab,Carriage
5193_2_5,ERS011810,SKP000330,UV1625,92,51,72," 5,415,145 "," 116,858 ",KpI,31,540,Stephen Baker,Vietnam,2007,Nosocomial,Human,Human_infection,respiratory,bronchial alveolar lavage,Infection
5193_3_10,ERS011839,SKP000464,B-013-I-a-2,93,72,83," 5,359,353 "," 172,472 ",KpI,126,759,Stephen Baker,Vietnam,2005,Community,Human,Human_carriage,intestinal,stool sample,Carriage
5193_3_12,ERS011841,SKP000470,D-022-I-b-1,91,59,76," 5,359,600 "," 118,223 ",KpI,R,761,Stephen Baker,Vietnam,2005,Community,Human,Human_carriage,intestinal,stool sample,Carriage
5193_3_7,ERS011836,SKP000453,K296N,91,66,81," 5,654,243 "," 86,305 ",KpI,137,762,Stephen Baker,Vietnam,2005,Nosocomial,Human,Human_carriage,respiratory,nose swab,Carriage
5193_3_9,ERS011838,SKP000461,A-003-I-a-1,92,66,81," 5,335,306 "," 203,864 ",KpI,71,763,Stephen Baker,Vietnam,2005,Community,Human,Human_carriage,intestinal,stool sample,Carriage
5193_5_10,ERS011851,SKP000492,EW-29-R-MAG,93,54,81," 5,543,919 "," 177,923 ",KpI,36,764,Stephen Baker,Vietnam,2006,Community,Human,Human_carriage,intestinal,rectal swab,Carriage
5193_5_2,ERS011843,SKP000476,015-CN-2,92,98,87," 5,244,744 "," 262,713 ",KpI,125,765,Stephen Baker,Vietnam,2007,Community,Human,Human_carriage,intestinal,stool sample,Carriage
5193_5_8,ERS011849,SKP000490,EW-20-R-MAG-1,91,77,76," 5,395,018 "," 117,538 ",KpI,155,768,Stephen Baker,Vietnam,2006,Community,Human,Human_carriage,intestinal,rectal swab,Carriage
5197_2_6,ERS011823,SKP000394,K228An,93,67,85," 5,312,658 "," 126,716 ",KpI,92,1269,Stephen Baker,Vietnam,2005,Nosocomial,Human,Human_carriage,intestinal,anus swab,Carriage
5193_5_12,ERS011853,SKP000497,EW-44-R-MAG-1,92,71,85," 5,510,807 "," 129,443 ",KpI,7,36*,Stephen Baker,Vietnam,2006,Community,Human,Human_carriage,intestinal,rectal swab,Carriage
5193_2_10,ERS011815,SKP000347,K38An,87,48,58," 5,289,808 "," 386,001 ",KpII,NA,755*,Stephen Baker,Vietnam,2004,Nosocomial,Human,NA,intestinal,anus swab,Carriage
5193_2_12,ERS011817,SKP000362,K77An,92,61,76," 5,679,027 "," 182,250 ",KpI,40,756*,Stephen Baker,Vietnam,2004,Nosocomial,Human,Human_carriage,intestinal,anus swab,Carriage
5193_2_6,ERS011811,SKP000334,UV1714,92,60,78," 5,777,441 "," 127,754 ",KpI,40,756*,Stephen Baker,Vietnam,2007,Nosocomial,Human,Human_infection,respiratory,bronchial alveolar lavage,Infection
5193_2_3,ERS011808,SKP000326,NCSR130,88,49,57," 5,382,886 "," 244,449 ",KpII,NA,757*,Stephen Baker,Vietnam,2007,Nosocomial,Human,NA,respiratory,bronchial alveolar lavage,Infection
5197_2_12,ERS011829,SKP000417,K263An,85,55,53," 5,585,961 "," 72,134 ",KpII,NA,758*,Stephen Baker,Vietnam,2005,Nosocomial,Human,NA,intestinal,anus swab,Carriage
5193_2_4,ERS011809,SKP000328,BAL073,87,41,52," 5,569,735 "," 173,037 ",KpII,NA,758*,Stephen Baker,Vietnam,2009,Nosocomial,Human,NA,respiratory,bronchial alveolar lavage,Infection
5193_3_11,ERS011840,SKP000467,C-017-I-a-1,85,37,56," 5,212,651 "," 318,216 ",KpII,NA,760*,Stephen Baker,Vietnam,2005,Community,Human,NA,intestinal,stool sample,Carriage
5193_5_4,ERS011845,SKP000482,033-CAZ-1,88,51,56," 5,506,890 "," 261,896 ",KpII,NA,766*,Stephen Baker,Vietnam,2007,Community,Human,NA,intestinal,stool sample,Carriage
5193_5_6,ERS011847,SKP000488,073-CN-2,88,46,55," 5,679,402 "," 83,938 ",KpII,NA,767*,Stephen Baker,Vietnam,2007,Community,Human,NA,intestinal,stool sample,Carriage
5193_6_1,ERS011854,SKP000500,EW-60-R-MAG-2,88,50,58," 5,499,039 "," 153,224 ",KpII,NA,770*,Stephen Baker,Vietnam,2006,Community,Human,NA,intestinal,rectal swab,Carriage
5193_6_2,ERS011855,SKP000503,EW-67-R-MAC,92,65,81," 5,571,524 "," 124,651 ",KpI,156,771*,Stephen Baker,Vietnam,2006,Community,Human,Human_carriage,intestinal,rectal swab,Carriage
5197_2_5,ERS011822,SKP000389,K222Ca,85,31,55," 5,617,638 "," 50,751 ",KpII,NA,772*,Stephen Baker,Vietnam,2005,Nosocomial,Human,NA,unknown,canula swab,Carriage
5197_2_4,ERS011821,SKP000381,K215Ax,86,72,53," 5,675,190 "," 127,780 ",KpII,NA,772*,Stephen Baker,Vietnam,2005,Nosocomial,Human,NA,intestinal,axilla swab,Carriage
5299_7_10,ERS012055,SKP000889,TL125,91,49,80," 5,331,123 "," 112,182 ",KpI,25,42,Trevor Lawley,UK,2009,NA,Mouse,NA,intestinal,feaces,NA