name,AMPH_Ecoli_Bla.assembled,AMPH_Ecoli_Bla.match,AMPH_Ecoli_Bla.ref_seq,AMPH_Ecoli_Bla.pct_id,AMPH_Ecoli_Bla.ctg_cov,AMPH_Ecoli_Bla.novel_var,Aac3_Iva_AGly.assembled,Aac3_Iva_AGly.ref_seq,Aac3_Iva_AGly.pct_id,Aac3_Iva_AGly.ctg_cov,Aac3_Iva_AGly.novel_var,Aac3_VIa_AGly.assembled,Aac3_VIa_AGly.ref_seq,Aac3_VIa_AGly.pct_id,Aac3_VIa_AGly.ctg_cov,Aac3_VIa_AGly.novel_var,AacAad_AGly_3.assembled,AacAad_AGly_3.match,AacAad_AGly_3.ref_seq,AacAad_AGly_3.pct_id,AacAad_AGly_3.ctg_cov,AacAad_AGly_3.novel_var,AadA4_5_AGly.assembled,AadA4_5_AGly.match,AadA4_5_AGly.ref_seq,AadA4_5_AGly.pct_id,AadA4_5_AGly.ctg_cov,AadA_AGly.assembled,AadA_AGly.match,AadA_AGly.ref_seq,AadA_AGly.pct_id,AadA_AGly.ctg_cov,AadA_AGly.novel_var,AmpC1_Ecoli_Bla.assembled,AmpC1_Ecoli_Bla.match,AmpC1_Ecoli_Bla.ref_seq,AmpC1_Ecoli_Bla.pct_id,AmpC1_Ecoli_Bla.ctg_cov,AmpC1_Ecoli_Bla.novel_var,AmpC2_Ecoli_Bla.assembled,AmpC2_Ecoli_Bla.match,AmpC2_Ecoli_Bla.ref_seq,AmpC2_Ecoli_Bla.pct_id,AmpC2_Ecoli_Bla.ctg_cov,AmpC2_Ecoli_Bla.novel_var,Aph3__Ia_AGly.assembled,Aph3__Ia_AGly.match,Aph3__Ia_AGly.ref_seq,Aph3__Ia_AGly.pct_id,Aph3__Ia_AGly.ctg_cov,Aph4_Ia_AGly.assembled,Aph4_Ia_AGly.match,Aph4_Ia_AGly.ref_seq,Aph4_Ia_AGly.pct_id,Aph4_Ia_AGly.ctg_cov,CTX_M_1_Bla.assembled,CTX_M_1_Bla.match,CTX_M_1_Bla.ref_seq,CTX_M_1_Bla.pct_id,CTX_M_1_Bla.ctg_cov,CatA1_Phe.assembled,CatA1_Phe.ref_seq,CatA1_Phe.pct_id,CatA1_Phe.ctg_cov,CatBx_Phe.assembled,CatBx_Phe.match,CatBx_Phe.ref_seq,CatBx_Phe.pct_id,CatBx_Phe.ctg_cov,CatBx_Phe.novel_var,DHA_Bla.assembled,DHA_Bla.match,DHA_Bla.ref_seq,DHA_Bla.pct_id,DHA_Bla.ctg_cov,DfrA1_Tmt_1.assembled,DfrA1_Tmt_1.match,DfrA1_Tmt_1.ref_seq,DfrA1_Tmt_1.pct_id,DfrA1_Tmt_1.ctg_cov,DfrA1_Tmt_1.novel_var,DfrA7_Tmt.assembled,DfrA7_Tmt.match,DfrA7_Tmt.ref_seq,DfrA7_Tmt.pct_id,DfrA7_Tmt.ctg_cov,DfrA8_Tmt.assembled,DfrA8_Tmt.match,DfrA8_Tmt.ref_seq,DfrA8_Tmt.pct_id,DfrA8_Tmt.ctg_cov,MphA_MLS.assembled,MphA_MLS.match,MphA_MLS.ref_seq,MphA_MLS.pct_id,MphA_MLS.ctg_cov,MrdA_Bla.assembled,MrdA_Bla.match,MrdA_Bla.ref_seq,MrdA_Bla.pct_id,MrdA_Bla.ctg_cov,MrdA_Bla.novel_var,OXA_1_Bla.assembled,OXA_1_Bla.match,OXA_1_Bla.ref_seq,OXA_1_Bla.pct_id,OXA_1_Bla.ctg_cov,QnrB_Flq_2.assembled,QnrB_Flq_2.match,QnrB_Flq_2.ref_seq,QnrB_Flq_2.pct_id,QnrB_Flq_2.ctg_cov,Sat_2A_AGly.assembled,Sat_2A_AGly.match,Sat_2A_AGly.ref_seq,Sat_2A_AGly.pct_id,Sat_2A_AGly.ctg_cov,StrA_AGly.assembled,StrA_AGly.match,StrA_AGly.ref_seq,StrA_AGly.pct_id,StrA_AGly.ctg_cov,StrB_AGly.assembled,StrB_AGly.match,StrB_AGly.ref_seq,StrB_AGly.pct_id,StrB_AGly.ctg_cov,SulII_Sul.assembled,SulII_Sul.match,SulII_Sul.ref_seq,SulII_Sul.pct_id,SulII_Sul.ctg_cov,SulII_Sul.novel_var,SulI_Sul.assembled,SulI_Sul.match,SulI_Sul.ref_seq,SulI_Sul.pct_id,SulI_Sul.ctg_cov,TEM_1D_Bla.assembled,TEM_1D_Bla.match,TEM_1D_Bla.ref_seq,TEM_1D_Bla.pct_id,TEM_1D_Bla.ctg_cov,TEM_1D_Bla.novel_var,TetA_Tet.assembled,TetA_Tet.match,TetA_Tet.ref_seq,TetA_Tet.pct_id,TetA_Tet.ctg_cov,TetB_Tet.assembled,TetB_Tet.match,TetB_Tet.ref_seq,TetB_Tet.pct_id,TetB_Tet.ctg_cov,TetB_Tet.novel_var,TetW_Tet.assembled,TetW_Tet.ref_seq,TetW_Tet.pct_id,TetW_Tet.ctg_cov,TetW_Tet.novel_var
./ariba_amr_results/14937_7#80/report.tsv,yes,yes,AMPH_Ecoli_Bla.89__AMPH_Ecoli_Bla__AMPH__615,97.06,60.6,yes,no,NA,NA,NA,NA,no,NA,NA,NA,NA,no,no,NA,NA,NA,NA,yes,yes,AadA4_5_AGly.285__AadA4_5_AGly__AadA5__1497,100.0,84.7,no,no,NA,NA,NA,NA,partial,no,AmpC1_Ecoli_Bla.49__AmpC1_Ecoli_Bla__AmpC1__1670,95.18,8.5,yes,yes,yes,AmpC2_Ecoli_Bla.99__AmpC2_Ecoli_Bla__AmpC2__346,97.8,59.0,yes,no,no,NA,NA,NA,no,no,NA,NA,NA,no,no,NA,NA,NA,no,NA,NA,NA,partial,no,CatBx_Phe.371__CatBx_Phe__CatB4__602,100.0,180.1,no,no,no,NA,NA,NA,no,no,NA,NA,NA,NA,yes,yes,DfrA7_Tmt.433__DfrA7_Tmt__DfrA17__316,100.0,63.7,no,no,NA,NA,NA,yes,yes,MphA_MLS.158__MphA_MLS__MphA__1663,100.0,75.6,yes,yes,MrdA_Bla.16__MrdA_Bla__MrdA__836,98.69,71.6,no,no,no,NA,NA,NA,no,no,NA,NA,NA,no,no,NA,NA,NA,no,no,NA,NA,NA,no,no,NA,NA,NA,no,no,NA,NA,NA,NA,yes,yes,SulI_Sul.225__SulI_Sul__SulI__1616,100.0,71.9,no,no,NA,NA,NA,NA,no,no,NA,NA,NA,no,no,NA,NA,NA,NA,no,NA,NA,NA,NA
./ariba_amr_results/14937_8#40/report.tsv,yes,yes,AMPH_Ecoli_Bla.89__AMPH_Ecoli_Bla__AMPH__615,97.06,45.3,yes,no,NA,NA,NA,NA,no,NA,NA,NA,NA,yes,yes,AacAad_AGly.43__AacAad_AGly__Aac6Ib_cr__1678,99.81,138.6,no,no,no,NA,NA,NA,no,no,NA,NA,NA,NA,no,no,NA,NA,NA,NA,yes,yes,AmpC2_Ecoli_Bla.99__AmpC2_Ecoli_Bla__AmpC2__346,97.8,41.1,yes,no,no,NA,NA,NA,no,no,NA,NA,NA,yes,yes,CTX_M_1_Bla.193__CTX_M_1_Bla__CTX_M_15__150,100.0,181.1,no,NA,NA,NA,interrupted,no,CatBx_Phe.371__CatBx_Phe__CatB4__602,100.0,168.6,no,no,no,NA,NA,NA,no,no,NA,NA,NA,NA,no,no,NA,NA,NA,no,no,NA,NA,NA,yes,yes,MphA_MLS.158__MphA_MLS__MphA__1663,100.0,49.7,yes,yes,MrdA_Bla.16__MrdA_Bla__MrdA__836,98.69,47.1,no,yes,yes,OXA_1_Bla.231__OXA_1_Bla__OXA_1__520,100.0,184.9,no,no,NA,NA,NA,no,no,NA,NA,NA,no,no,NA,NA,NA,no,no,NA,NA,NA,no,no,NA,NA,NA,NA,no,no,NA,NA,NA,no,no,NA,NA,NA,NA,no,no,NA,NA,NA,no,no,NA,NA,NA,NA,no,NA,NA,NA,NA
./ariba_amr_results/14937_8#52/report.tsv,yes,yes,AMPH_Ecoli_Bla.89__AMPH_Ecoli_Bla__AMPH__615,97.06,56.3,yes,no,NA,NA,NA,NA,no,NA,NA,NA,NA,yes,yes,AacAad_AGly.43__AacAad_AGly__Aac6Ib_cr__1678,99.81,31.9,no,yes,yes,AadA4_5_AGly.285__AadA4_5_AGly__AadA5__1497,100.0,37.5,no,no,NA,NA,NA,NA,partial,no,AmpC1_Ecoli_Bla.49__AmpC1_Ecoli_Bla__AmpC1__1670,95.18,5.6,yes,yes,yes,AmpC2_Ecoli_Bla.99__AmpC2_Ecoli_Bla__AmpC2__346,97.8,56.7,yes,no,no,NA,NA,NA,no,no,NA,NA,NA,yes,yes,CTX_M_1_Bla.193__CTX_M_1_Bla__CTX_M_15__150,100.0,39.6,no,NA,NA,NA,interrupted,no,CatBx_Phe.371__CatBx_Phe__CatB4__602,100.0,41.6,no,no,no,NA,NA,NA,no,no,NA,NA,NA,NA,yes,yes,DfrA7_Tmt.433__DfrA7_Tmt__DfrA17__316,100.0,35.1,no,no,NA,NA,NA,no,no,NA,NA,NA,yes,yes,MrdA_Bla.16__MrdA_Bla__MrdA__836,98.69,64.7,no,yes,yes,OXA_1_Bla.231__OXA_1_Bla__OXA_1__520,100.0,36.6,no,no,NA,NA,NA,no,no,NA,NA,NA,no,no,NA,NA,NA,no,no,NA,NA,NA,no,no,NA,NA,NA,NA,no,no,NA,NA,NA,no,no,NA,NA,NA,NA,yes,yes,TetA_Tet.52__TetA_Tet__TetA__1545,100.0,39.2,no,no,NA,NA,NA,NA,no,NA,NA,NA,NA
./ariba_amr_results/14937_8#54/report.tsv,yes,yes,AMPH_Ecoli_Bla.89__AMPH_Ecoli_Bla__AMPH__615,97.06,43.4,yes,no,NA,NA,NA,NA,no,NA,NA,NA,NA,yes,yes,AacAad_AGly.43__AacAad_AGly__Aac6Ib_cr__1678,99.81,27.2,no,no,no,NA,NA,NA,no,no,NA,NA,NA,NA,partial,no,AmpC1_Ecoli_Bla.49__AmpC1_Ecoli_Bla__AmpC1__1670,95.18,7.5,yes,yes,yes,AmpC2_Ecoli_Bla.99__AmpC2_Ecoli_Bla__AmpC2__346,97.8,41.2,yes,no,no,NA,NA,NA,no,no,NA,NA,NA,yes,yes,CTX_M_1_Bla.193__CTX_M_1_Bla__CTX_M_15__150,100.0,88.2,no,NA,NA,NA,interrupted,no,CatBx_Phe.371__CatBx_Phe__CatB4__602,100.0,40.4,no,no,no,NA,NA,NA,no,no,NA,NA,NA,NA,no,no,NA,NA,NA,no,no,NA,NA,NA,yes,yes,MphA_MLS.158__MphA_MLS__MphA__1663,100.0,83.1,yes,yes,MrdA_Bla.16__MrdA_Bla__MrdA__836,98.69,59.9,no,yes,yes,OXA_1_Bla.231__OXA_1_Bla__OXA_1__520,100.0,39.1,no,no,NA,NA,NA,no,no,NA,NA,NA,no,no,NA,NA,NA,no,no,NA,NA,NA,no,no,NA,NA,NA,NA,no,no,NA,NA,NA,no,no,NA,NA,NA,NA,no,no,NA,NA,NA,no,no,NA,NA,NA,NA,no,NA,NA,NA,NA
./ariba_amr_results/14937_8#55/report.tsv,yes,yes,AMPH_Ecoli_Bla.89__AMPH_Ecoli_Bla__AMPH__615,97.06,41.4,yes,no,NA,NA,NA,NA,no,NA,NA,NA,NA,yes,yes,AacAad_AGly.43__AacAad_AGly__Aac6Ib_cr__1678,99.81,34.1,no,yes,yes,AadA4_5_AGly.285__AadA4_5_AGly__AadA5__1497,100.0,44.0,no,no,NA,NA,NA,NA,no,no,NA,NA,NA,NA,yes,yes,AmpC2_Ecoli_Bla.99__AmpC2_Ecoli_Bla__AmpC2__346,97.8,44.9,yes,no,no,NA,NA,NA,no,no,NA,NA,NA,yes,yes,CTX_M_1_Bla.193__CTX_M_1_Bla__CTX_M_15__150,100.0,47.5,no,NA,NA,NA,interrupted,no,CatBx_Phe.371__CatBx_Phe__CatB4__602,100.0,46.8,no,no,no,NA,NA,NA,no,no,NA,NA,NA,NA,yes,yes,DfrA7_Tmt.433__DfrA7_Tmt__DfrA17__316,100.0,37.5,no,no,NA,NA,NA,yes,yes,MphA_MLS.158__MphA_MLS__MphA__1663,100.0,47.3,yes,yes,MrdA_Bla.16__MrdA_Bla__MrdA__836,98.69,49.8,no,yes,yes,OXA_1_Bla.231__OXA_1_Bla__OXA_1__520,100.0,51.1,no,no,NA,NA,NA,no,no,NA,NA,NA,no,no,NA,NA,NA,no,no,NA,NA,NA,no,no,NA,NA,NA,NA,yes,yes,SulI_Sul.225__SulI_Sul__SulI__1616,100.0,45.9,no,no,NA,NA,NA,NA,yes,yes,TetA_Tet.52__TetA_Tet__TetA__1545,100.0,50.1,no,no,NA,NA,NA,NA,no,NA,NA,NA,NA
./ariba_amr_results/14937_8#58/report.tsv,yes,yes,AMPH_Ecoli_Bla.89__AMPH_Ecoli_Bla__AMPH__615,97.06,47.8,yes,no,NA,NA,NA,NA,no,NA,NA,NA,NA,yes,yes,AacAad_AGly.43__AacAad_AGly__Aac6Ib_cr__1678,99.81,34.8,no,yes,yes,AadA4_5_AGly.285__AadA4_5_AGly__AadA5__1497,100.0,41.1,no,no,NA,NA,NA,NA,partial,no,AmpC1_Ecoli_Bla.49__AmpC1_Ecoli_Bla__AmpC1__1670,95.18,6.7,yes,yes,yes,AmpC2_Ecoli_Bla.99__AmpC2_Ecoli_Bla__AmpC2__346,97.8,51.8,yes,no,no,NA,NA,NA,no,no,NA,NA,NA,yes,yes,CTX_M_1_Bla.193__CTX_M_1_Bla__CTX_M_15__150,100.0,42.6,no,NA,NA,NA,interrupted,no,CatBx_Phe.371__CatBx_Phe__CatB4__602,100.0,46.6,no,no,no,NA,NA,NA,no,no,NA,NA,NA,NA,yes,yes,DfrA7_Tmt.433__DfrA7_Tmt__DfrA17__316,100.0,37.8,no,no,NA,NA,NA,no,no,NA,NA,NA,yes,yes,MrdA_Bla.16__MrdA_Bla__MrdA__836,98.69,56.8,no,yes,yes,OXA_1_Bla.231__OXA_1_Bla__OXA_1__520,100.0,46.8,no,no,NA,NA,NA,no,no,NA,NA,NA,no,no,NA,NA,NA,no,no,NA,NA,NA,no,no,NA,NA,NA,NA,no,no,NA,NA,NA,no,no,NA,NA,NA,NA,yes,yes,TetA_Tet.52__TetA_Tet__TetA__1545,100.0,46.5,no,no,NA,NA,NA,NA,no,NA,NA,NA,NA
./ariba_amr_results/14937_8#59/report.tsv,yes,yes,AMPH_Ecoli_Bla.89__AMPH_Ecoli_Bla__AMPH__615,97.06,44.5,yes,no,NA,NA,NA,NA,no,NA,NA,NA,NA,yes,yes,AacAad_AGly.43__AacAad_AGly__Aac6Ib_cr__1678,99.81,40.8,no,yes,yes,AadA4_5_AGly.285__AadA4_5_AGly__AadA5__1497,100.0,43.4,no,no,NA,NA,NA,NA,partial,no,AmpC1_Ecoli_Bla.49__AmpC1_Ecoli_Bla__AmpC1__1670,95.18,5.2,yes,yes,yes,AmpC2_Ecoli_Bla.99__AmpC2_Ecoli_Bla__AmpC2__346,97.8,48.3,yes,no,no,NA,NA,NA,no,no,NA,NA,NA,yes,yes,CTX_M_1_Bla.193__CTX_M_1_Bla__CTX_M_15__150,100.0,47.2,no,NA,NA,NA,interrupted,no,CatBx_Phe.371__CatBx_Phe__CatB4__602,100.0,52.5,no,no,no,NA,NA,NA,no,no,NA,NA,NA,NA,yes,yes,DfrA7_Tmt.433__DfrA7_Tmt__DfrA17__316,100.0,39.9,no,no,NA,NA,NA,yes,yes,MphA_MLS.158__MphA_MLS__MphA__1663,100.0,40.1,yes,yes,MrdA_Bla.16__MrdA_Bla__MrdA__836,98.69,53.1,no,yes,yes,OXA_1_Bla.231__OXA_1_Bla__OXA_1__520,100.0,48.1,no,no,NA,NA,NA,no,no,NA,NA,NA,no,no,NA,NA,NA,no,no,NA,NA,NA,no,no,NA,NA,NA,NA,yes,yes,SulI_Sul.225__SulI_Sul__SulI__1616,100.0,41.8,no,no,NA,NA,NA,NA,yes,yes,TetA_Tet.52__TetA_Tet__TetA__1545,100.0,54.3,no,no,NA,NA,NA,NA,no,NA,NA,NA,NA
./ariba_amr_results/14937_8#6/report.tsv,yes,yes,AMPH_Ecoli_Bla.89__AMPH_Ecoli_Bla__AMPH__615,97.06,61.5,yes,no,NA,NA,NA,NA,no,NA,NA,NA,NA,no,no,NA,NA,NA,NA,yes,yes,AadA4_5_AGly.285__AadA4_5_AGly__AadA5__1497,100.0,133.7,no,no,NA,NA,NA,NA,partial,no,AmpC1_Ecoli_Bla.49__AmpC1_Ecoli_Bla__AmpC1__1670,95.18,6.0,yes,yes,yes,AmpC2_Ecoli_Bla.99__AmpC2_Ecoli_Bla__AmpC2__346,97.8,66.8,yes,no,no,NA,NA,NA,no,no,NA,NA,NA,no,no,NA,NA,NA,no,NA,NA,NA,partial,no,CatBx_Phe.371__CatBx_Phe__CatB4__602,100.0,302.2,no,no,no,NA,NA,NA,no,no,NA,NA,NA,NA,yes,yes,DfrA7_Tmt.433__DfrA7_Tmt__DfrA17__316,100.0,108.1,no,no,NA,NA,NA,yes,yes,MphA_MLS.158__MphA_MLS__MphA__1663,100.0,118.7,yes,yes,MrdA_Bla.16__MrdA_Bla__MrdA__836,98.69,68.5,no,no,no,NA,NA,NA,no,no,NA,NA,NA,no,no,NA,NA,NA,no,no,NA,NA,NA,no,no,NA,NA,NA,no,no,NA,NA,NA,NA,yes,yes,SulI_Sul.225__SulI_Sul__SulI__1616,100.0,121.2,no,no,NA,NA,NA,NA,no,no,NA,NA,NA,no,no,NA,NA,NA,NA,no,NA,NA,NA,NA
./ariba_amr_results/14937_8#60/report.tsv,yes,yes,AMPH_Ecoli_Bla.89__AMPH_Ecoli_Bla__AMPH__615,97.06,48.3,yes,no,NA,NA,NA,NA,no,NA,NA,NA,NA,yes,yes,AacAad_AGly.43__AacAad_AGly__Aac6Ib_cr__1678,99.81,39.4,no,yes,yes,AadA4_5_AGly.285__AadA4_5_AGly__AadA5__1497,100.0,49.5,no,no,NA,NA,NA,NA,partial,no,AmpC1_Ecoli_Bla.49__AmpC1_Ecoli_Bla__AmpC1__1670,95.18,3.6,yes,yes,yes,AmpC2_Ecoli_Bla.99__AmpC2_Ecoli_Bla__AmpC2__346,97.8,45.4,yes,no,no,NA,NA,NA,no,no,NA,NA,NA,yes,yes,CTX_M_1_Bla.193__CTX_M_1_Bla__CTX_M_15__150,100.0,40.7,no,NA,NA,NA,interrupted,no,CatBx_Phe.371__CatBx_Phe__CatB4__602,100.0,55.9,no,no,no,NA,NA,NA,no,no,NA,NA,NA,NA,yes,yes,DfrA7_Tmt.433__DfrA7_Tmt__DfrA17__316,100.0,38.7,no,no,NA,NA,NA,yes,yes,MphA_MLS.158__MphA_MLS__MphA__1663,100.0,40.5,yes,yes,MrdA_Bla.16__MrdA_Bla__MrdA__836,98.69,53.2,no,yes,yes,OXA_1_Bla.231__OXA_1_Bla__OXA_1__520,100.0,49.2,no,no,NA,NA,NA,no,no,NA,NA,NA,no,no,NA,NA,NA,no,no,NA,NA,NA,no,no,NA,NA,NA,NA,yes,yes,SulI_Sul.225__SulI_Sul__SulI__1616,100.0,45.0,no,no,NA,NA,NA,NA,yes,yes,TetA_Tet.52__TetA_Tet__TetA__1545,100.0,52.5,no,no,NA,NA,NA,NA,no,NA,NA,NA,NA
./ariba_amr_results/14937_8#63/report.tsv,yes,yes,AMPH_Ecoli_Bla.89__AMPH_Ecoli_Bla__AMPH__615,97.06,47.4,yes,no,NA,NA,NA,NA,no,NA,NA,NA,NA,yes,yes,AacAad_AGly.43__AacAad_AGly__Aac6Ib_cr__1678,99.81,86.0,no,yes,yes,AadA4_5_AGly.285__AadA4_5_AGly__AadA5__1497,100.0,50.9,no,no,NA,NA,NA,NA,partial,no,AmpC1_Ecoli_Bla.49__AmpC1_Ecoli_Bla__AmpC1__1670,97.22,5.5,yes,yes,yes,AmpC2_Ecoli_Bla.99__AmpC2_Ecoli_Bla__AmpC2__346,97.8,52.8,yes,no,no,NA,NA,NA,no,no,NA,NA,NA,yes,yes,CTX_M_1_Bla.193__CTX_M_1_Bla__CTX_M_15__150,100.0,116.5,no,NA,NA,NA,interrupted,no,CatBx_Phe.371__CatBx_Phe__CatB4__602,100.0,113.4,no,no,no,NA,NA,NA,no,no,NA,NA,NA,NA,yes,yes,DfrA7_Tmt.433__DfrA7_Tmt__DfrA17__316,100.0,41.9,no,no,NA,NA,NA,yes,yes,MphA_MLS.158__MphA_MLS__MphA__1663,100.0,46.7,yes,yes,MrdA_Bla.16__MrdA_Bla__MrdA__836,98.69,56.4,no,yes,yes,OXA_1_Bla.231__OXA_1_Bla__OXA_1__520,100.0,106.7,no,no,NA,NA,NA,no,no,NA,NA,NA,no,no,NA,NA,NA,no,no,NA,NA,NA,no,no,NA,NA,NA,NA,yes,yes,SulI_Sul.225__SulI_Sul__SulI__1616,100.0,50.4,no,no,NA,NA,NA,NA,no,no,NA,NA,NA,no,no,NA,NA,NA,NA,no,NA,NA,NA,NA
./ariba_amr_results/14937_8#64/report.tsv,yes,yes,AMPH_Ecoli_Bla.89__AMPH_Ecoli_Bla__AMPH__615,97.06,46.3,yes,no,NA,NA,NA,NA,no,NA,NA,NA,NA,yes,yes,AacAad_AGly.43__AacAad_AGly__Aac6Ib_cr__1678,99.81,37.5,no,yes,yes,AadA4_5_AGly.285__AadA4_5_AGly__AadA5__1497,100.0,36.8,no,no,NA,NA,NA,NA,partial,no,AmpC1_Ecoli_Bla.49__AmpC1_Ecoli_Bla__AmpC1__1670,95.18,7.5,yes,yes,yes,AmpC2_Ecoli_Bla.99__AmpC2_Ecoli_Bla__AmpC2__346,97.8,49.9,yes,no,no,NA,NA,NA,no,no,NA,NA,NA,yes,yes,CTX_M_1_Bla.193__CTX_M_1_Bla__CTX_M_15__150,100.0,46.6,no,NA,NA,NA,interrupted,no,CatBx_Phe.371__CatBx_Phe__CatB4__602,100.0,58.3,no,no,no,NA,NA,NA,no,no,NA,NA,NA,NA,yes,yes,DfrA7_Tmt.433__DfrA7_Tmt__DfrA17__316,100.0,39.7,no,no,NA,NA,NA,yes,yes,MphA_MLS.158__MphA_MLS__MphA__1663,100.0,37.4,yes,yes,MrdA_Bla.16__MrdA_Bla__MrdA__836,98.69,52.8,no,yes,yes,OXA_1_Bla.231__OXA_1_Bla__OXA_1__520,100.0,47.6,no,no,NA,NA,NA,no,no,NA,NA,NA,no,no,NA,NA,NA,no,no,NA,NA,NA,no,no,NA,NA,NA,NA,yes,yes,SulI_Sul.225__SulI_Sul__SulI__1616,100.0,42.5,no,no,NA,NA,NA,NA,yes,yes,TetA_Tet.52__TetA_Tet__TetA__1545,100.0,48.6,no,no,NA,NA,NA,NA,no,NA,NA,NA,NA
./ariba_amr_results/14937_8#69/report.tsv,yes,yes,AMPH_Ecoli_Bla.89__AMPH_Ecoli_Bla__AMPH__615,97.06,49.1,yes,no,NA,NA,NA,NA,no,NA,NA,NA,NA,yes,yes,AacAad_AGly.43__AacAad_AGly__Aac6Ib_cr__1678,99.81,58.6,no,no,no,NA,NA,NA,no,no,NA,NA,NA,NA,partial,no,AmpC1_Ecoli_Bla.49__AmpC1_Ecoli_Bla__AmpC1__1670,95.18,5.6,yes,yes,yes,AmpC2_Ecoli_Bla.99__AmpC2_Ecoli_Bla__AmpC2__346,97.8,58.0,yes,no,no,NA,NA,NA,no,no,NA,NA,NA,yes,yes,CTX_M_1_Bla.193__CTX_M_1_Bla__CTX_M_15__150,100.0,67.3,no,NA,NA,NA,interrupted,no,CatBx_Phe.371__CatBx_Phe__CatB4__602,100.0,76.7,no,no,no,NA,NA,NA,no,no,NA,NA,NA,NA,no,no,NA,NA,NA,no,no,NA,NA,NA,yes,yes,MphA_MLS.158__MphA_MLS__MphA__1663,100.0,31.2,yes,yes,MrdA_Bla.16__MrdA_Bla__MrdA__836,98.69,54.9,no,yes,yes,OXA_1_Bla.231__OXA_1_Bla__OXA_1__520,100.0,65.6,no,no,NA,NA,NA,no,no,NA,NA,NA,no,no,NA,NA,NA,no,no,NA,NA,NA,no,no,NA,NA,NA,NA,no,no,NA,NA,NA,no,no,NA,NA,NA,NA,no,no,NA,NA,NA,no,no,NA,NA,NA,NA,no,NA,NA,NA,NA
./ariba_amr_results/14937_8#70/report.tsv,yes,yes,AMPH_Ecoli_Bla.89__AMPH_Ecoli_Bla__AMPH__615,97.06,51.2,yes,no,NA,NA,NA,NA,no,NA,NA,NA,NA,yes,yes,AacAad_AGly.43__AacAad_AGly__Aac6Ib_cr__1678,99.81,46.2,no,yes,yes,AadA4_5_AGly.285__AadA4_5_AGly__AadA5__1497,100.0,52.6,no,no,NA,NA,NA,NA,partial,no,AmpC1_Ecoli_Bla.49__AmpC1_Ecoli_Bla__AmpC1__1670,95.18,4.3,yes,yes,yes,AmpC2_Ecoli_Bla.99__AmpC2_Ecoli_Bla__AmpC2__346,97.8,50.0,yes,no,no,NA,NA,NA,no,no,NA,NA,NA,yes,yes,CTX_M_1_Bla.193__CTX_M_1_Bla__CTX_M_15__150,100.0,53.3,no,NA,NA,NA,interrupted,no,CatBx_Phe.371__CatBx_Phe__CatB4__602,100.0,44.5,no,no,no,NA,NA,NA,no,no,NA,NA,NA,NA,yes,yes,DfrA7_Tmt.433__DfrA7_Tmt__DfrA17__316,100.0,51.2,no,no,NA,NA,NA,yes,yes,MphA_MLS.158__MphA_MLS__MphA__1663,100.0,52.9,yes,yes,MrdA_Bla.16__MrdA_Bla__MrdA__836,98.69,56.9,no,yes,yes,OXA_1_Bla.231__OXA_1_Bla__OXA_1__520,100.0,54.9,no,no,NA,NA,NA,no,no,NA,NA,NA,no,no,NA,NA,NA,no,no,NA,NA,NA,no,no,NA,NA,NA,NA,yes,yes,SulI_Sul.225__SulI_Sul__SulI__1616,100.0,48.7,no,no,NA,NA,NA,NA,no,no,NA,NA,NA,no,no,NA,NA,NA,NA,no,NA,NA,NA,NA
./ariba_amr_results/14937_8#71/report.tsv,yes,yes,AMPH_Ecoli_Bla.89__AMPH_Ecoli_Bla__AMPH__615,97.06,48.9,yes,no,NA,NA,NA,NA,no,NA,NA,NA,NA,yes,yes,AacAad_AGly.43__AacAad_AGly__Aac6Ib_cr__1678,99.81,39.8,no,no,no,NA,NA,NA,no,no,NA,NA,NA,NA,partial,no,AmpC1_Ecoli_Bla.49__AmpC1_Ecoli_Bla__AmpC1__1670,97.22,6.1,yes,yes,yes,AmpC2_Ecoli_Bla.99__AmpC2_Ecoli_Bla__AmpC2__346,97.8,51.0,yes,no,no,NA,NA,NA,no,no,NA,NA,NA,yes,yes,CTX_M_1_Bla.193__CTX_M_1_Bla__CTX_M_15__150,100.0,51.5,no,NA,NA,NA,interrupted,no,CatBx_Phe.371__CatBx_Phe__CatB4__602,100.0,67.0,no,no,no,NA,NA,NA,no,no,NA,NA,NA,NA,no,no,NA,NA,NA,no,no,NA,NA,NA,no,no,NA,NA,NA,yes,yes,MrdA_Bla.16__MrdA_Bla__MrdA__836,98.69,57.9,no,yes,yes,OXA_1_Bla.231__OXA_1_Bla__OXA_1__520,100.0,50.2,no,no,NA,NA,NA,no,no,NA,NA,NA,no,no,NA,NA,NA,no,no,NA,NA,NA,no,no,NA,NA,NA,NA,no,no,NA,NA,NA,no,no,NA,NA,NA,NA,no,no,NA,NA,NA,no,no,NA,NA,NA,NA,no,NA,NA,NA,NA
./ariba_amr_results/14937_8#73/report.tsv,yes,yes,AMPH_Ecoli_Bla.89__AMPH_Ecoli_Bla__AMPH__615,97.06,54.4,yes,no,NA,NA,NA,NA,no,NA,NA,NA,NA,yes,yes,AacAad_AGly.43__AacAad_AGly__Aac6Ib_cr__1678,99.81,49.6,no,yes,yes,AadA4_5_AGly.285__AadA4_5_AGly__AadA5__1497,100.0,59.0,no,no,NA,NA,NA,NA,partial,no,AmpC1_Ecoli_Bla.49__AmpC1_Ecoli_Bla__AmpC1__1670,97.22,6.3,yes,yes,yes,AmpC2_Ecoli_Bla.99__AmpC2_Ecoli_Bla__AmpC2__346,97.8,52.4,yes,no,no,NA,NA,NA,no,no,NA,NA,NA,yes,yes,CTX_M_1_Bla.193__CTX_M_1_Bla__CTX_M_15__150,100.0,57.5,no,NA,NA,NA,interrupted,no,CatBx_Phe.371__CatBx_Phe__CatB4__602,100.0,58.5,no,no,no,NA,NA,NA,no,no,NA,NA,NA,NA,yes,yes,DfrA7_Tmt.433__DfrA7_Tmt__DfrA17__316,100.0,50.9,no,no,NA,NA,NA,yes,yes,MphA_MLS.158__MphA_MLS__MphA__1663,100.0,57.3,yes,yes,MrdA_Bla.16__MrdA_Bla__MrdA__836,98.69,59.2,no,yes,yes,OXA_1_Bla.231__OXA_1_Bla__OXA_1__520,100.0,54.0,no,no,NA,NA,NA,no,no,NA,NA,NA,no,no,NA,NA,NA,no,no,NA,NA,NA,no,no,NA,NA,NA,NA,yes,yes,SulI_Sul.225__SulI_Sul__SulI__1616,100.0,55.0,no,no,NA,NA,NA,NA,yes,yes,TetA_Tet.52__TetA_Tet__TetA__1545,100.0,69.9,no,no,NA,NA,NA,NA,no,NA,NA,NA,NA
./ariba_amr_results/14937_8#74/report.tsv,yes,yes,AMPH_Ecoli_Bla.89__AMPH_Ecoli_Bla__AMPH__615,97.06,51.8,yes,no,NA,NA,NA,NA,no,NA,NA,NA,NA,yes,yes,AacAad_AGly.43__AacAad_AGly__Aac6Ib_cr__1678,99.81,79.7,no,yes,yes,AadA4_5_AGly.285__AadA4_5_AGly__AadA5__1497,100.0,102.9,no,no,NA,NA,NA,NA,partial,no,AmpC1_Ecoli_Bla.49__AmpC1_Ecoli_Bla__AmpC1__1670,95.18,7.3,yes,yes,yes,AmpC2_Ecoli_Bla.99__AmpC2_Ecoli_Bla__AmpC2__346,97.8,59.1,yes,no,no,NA,NA,NA,no,no,NA,NA,NA,yes,yes,CTX_M_1_Bla.193__CTX_M_1_Bla__CTX_M_15__150,100.0,116.9,no,NA,NA,NA,interrupted,no,CatBx_Phe.371__CatBx_Phe__CatB4__602,100.0,118.4,no,no,no,NA,NA,NA,no,no,NA,NA,NA,NA,yes,yes,DfrA7_Tmt.433__DfrA7_Tmt__DfrA17__316,100.0,92.3,no,no,NA,NA,NA,yes,yes,MphA_MLS.158__MphA_MLS__MphA__1663,100.0,106.6,yes,yes,MrdA_Bla.16__MrdA_Bla__MrdA__836,98.69,57.7,no,yes,yes,OXA_1_Bla.231__OXA_1_Bla__OXA_1__520,100.0,97.2,no,no,NA,NA,NA,no,no,NA,NA,NA,no,no,NA,NA,NA,no,no,NA,NA,NA,no,no,NA,NA,NA,NA,yes,yes,SulI_Sul.225__SulI_Sul__SulI__1616,100.0,108.6,no,no,NA,NA,NA,NA,no,no,NA,NA,NA,no,no,NA,NA,NA,NA,no,NA,NA,NA,NA
./ariba_amr_results/14937_8#75/report.tsv,yes,yes,AMPH_Ecoli_Bla.89__AMPH_Ecoli_Bla__AMPH__615,97.06,46.4,yes,no,NA,NA,NA,NA,no,NA,NA,NA,NA,yes,yes,AacAad_AGly.43__AacAad_AGly__Aac6Ib_cr__1678,99.81,34.5,no,yes,yes,AadA4_5_AGly.285__AadA4_5_AGly__AadA5__1497,100.0,51.2,no,no,NA,NA,NA,NA,partial,no,AmpC1_Ecoli_Bla.49__AmpC1_Ecoli_Bla__AmpC1__1670,97.22,4.7,yes,yes,yes,AmpC2_Ecoli_Bla.99__AmpC2_Ecoli_Bla__AmpC2__346,97.8,47.0,yes,no,no,NA,NA,NA,no,no,NA,NA,NA,yes,yes,CTX_M_1_Bla.193__CTX_M_1_Bla__CTX_M_15__150,100.0,52.9,no,NA,NA,NA,interrupted,no,CatBx_Phe.371__CatBx_Phe__CatB4__602,100.0,37.2,no,no,no,NA,NA,NA,no,no,NA,NA,NA,NA,yes,yes,DfrA7_Tmt.433__DfrA7_Tmt__DfrA17__316,100.0,44.4,no,no,NA,NA,NA,yes,yes,MphA_MLS.158__MphA_MLS__MphA__1663,100.0,42.6,yes,yes,MrdA_Bla.16__MrdA_Bla__MrdA__836,98.69,50.3,no,yes,yes,OXA_1_Bla.231__OXA_1_Bla__OXA_1__520,100.0,51.4,no,no,NA,NA,NA,no,no,NA,NA,NA,no,no,NA,NA,NA,no,no,NA,NA,NA,no,no,NA,NA,NA,NA,yes,yes,SulI_Sul.225__SulI_Sul__SulI__1616,100.0,54.3,no,no,NA,NA,NA,NA,yes,yes,TetA_Tet.52__TetA_Tet__TetA__1545,100.0,53.8,no,no,NA,NA,NA,NA,no,NA,NA,NA,NA
./ariba_amr_results/14937_8#76/report.tsv,yes,yes,AMPH_Ecoli_Bla.89__AMPH_Ecoli_Bla__AMPH__615,97.06,51.1,yes,no,NA,NA,NA,NA,no,NA,NA,NA,NA,yes,yes,AacAad_AGly.43__AacAad_AGly__Aac6Ib_cr__1678,99.81,74.5,no,yes,yes,AadA4_5_AGly.285__AadA4_5_AGly__AadA5__1497,100.0,43.9,no,no,NA,NA,NA,NA,partial,no,AmpC1_Ecoli_Bla.49__AmpC1_Ecoli_Bla__AmpC1__1670,95.18,5.9,yes,yes,yes,AmpC2_Ecoli_Bla.99__AmpC2_Ecoli_Bla__AmpC2__346,97.8,57.3,yes,no,no,NA,NA,NA,no,no,NA,NA,NA,yes,yes,CTX_M_1_Bla.193__CTX_M_1_Bla__CTX_M_15__150,100.0,92.1,no,NA,NA,NA,interrupted,no,CatBx_Phe.371__CatBx_Phe__CatB4__602,100.0,102.7,no,no,no,NA,NA,NA,no,no,NA,NA,NA,NA,yes,yes,DfrA7_Tmt.433__DfrA7_Tmt__DfrA17__316,100.0,38.1,no,no,NA,NA,NA,yes,yes,MphA_MLS.158__MphA_MLS__MphA__1663,100.0,46.7,yes,yes,MrdA_Bla.16__MrdA_Bla__MrdA__836,98.69,49.1,no,yes,yes,OXA_1_Bla.231__OXA_1_Bla__OXA_1__520,100.0,92.9,no,no,NA,NA,NA,no,no,NA,NA,NA,no,no,NA,NA,NA,no,no,NA,NA,NA,no,no,NA,NA,NA,NA,yes,yes,SulI_Sul.225__SulI_Sul__SulI__1616,100.0,46.2,no,no,NA,NA,NA,NA,no,no,NA,NA,NA,no,no,NA,NA,NA,NA,no,NA,NA,NA,NA
./ariba_amr_results/14937_8#78/report.tsv,yes,yes,AMPH_Ecoli_Bla.89__AMPH_Ecoli_Bla__AMPH__615,97.06,59.1,yes,no,NA,NA,NA,NA,no,NA,NA,NA,NA,yes,yes,AacAad_AGly.43__AacAad_AGly__Aac6Ib_cr__1678,99.81,103.7,no,yes,yes,AadA4_5_AGly.285__AadA4_5_AGly__AadA5__1497,100.0,124.9,no,no,NA,NA,NA,NA,partial,no,AmpC1_Ecoli_Bla.49__AmpC1_Ecoli_Bla__AmpC1__1670,95.18,7.3,yes,yes,yes,AmpC2_Ecoli_Bla.99__AmpC2_Ecoli_Bla__AmpC2__346,97.8,60.6,yes,no,no,NA,NA,NA,no,no,NA,NA,NA,yes,yes,CTX_M_1_Bla.193__CTX_M_1_Bla__CTX_M_15__150,100.0,141.9,no,NA,NA,NA,interrupted,no,CatBx_Phe.371__CatBx_Phe__CatB4__602,100.0,145.4,no,no,no,NA,NA,NA,no,no,NA,NA,NA,NA,yes,yes,DfrA7_Tmt.433__DfrA7_Tmt__DfrA17__316,100.0,130.9,no,no,NA,NA,NA,yes,yes,MphA_MLS.158__MphA_MLS__MphA__1663,100.0,117.1,yes,yes,MrdA_Bla.16__MrdA_Bla__MrdA__836,98.69,52.7,no,yes,yes,OXA_1_Bla.231__OXA_1_Bla__OXA_1__520,100.0,151.6,no,no,NA,NA,NA,no,no,NA,NA,NA,no,no,NA,NA,NA,no,no,NA,NA,NA,no,no,NA,NA,NA,NA,yes,yes,SulI_Sul.225__SulI_Sul__SulI__1616,100.0,123.3,no,no,NA,NA,NA,NA,yes,yes,TetA_Tet.52__TetA_Tet__TetA__1545,100.0,156.4,no,no,NA,NA,NA,NA,no,NA,NA,NA,NA
./ariba_amr_results/14937_8#81/report.tsv,yes,yes,AMPH_Ecoli_Bla.89__AMPH_Ecoli_Bla__AMPH__615,97.06,55.4,yes,no,NA,NA,NA,NA,no,NA,NA,NA,NA,yes,yes,AacAad_AGly.43__AacAad_AGly__Aac6Ib_cr__1678,99.81,41.4,no,yes,yes,AadA4_5_AGly.285__AadA4_5_AGly__AadA5__1497,100.0,52.4,no,no,NA,NA,NA,NA,partial,no,AmpC1_Ecoli_Bla.49__AmpC1_Ecoli_Bla__AmpC1__1670,95.18,5.6,yes,yes,yes,AmpC2_Ecoli_Bla.99__AmpC2_Ecoli_Bla__AmpC2__346,97.8,72.0,yes,no,no,NA,NA,NA,no,no,NA,NA,NA,yes,yes,CTX_M_1_Bla.193__CTX_M_1_Bla__CTX_M_15__150,100.0,62.1,no,NA,NA,NA,interrupted,no,CatBx_Phe.371__CatBx_Phe__CatB4__602,100.0,66.7,no,no,no,NA,NA,NA,no,no,NA,NA,NA,NA,yes,yes,DfrA7_Tmt.433__DfrA7_Tmt__DfrA17__316,100.0,45.6,no,no,NA,NA,NA,yes,yes,MphA_MLS.158__MphA_MLS__MphA__1663,100.0,39.7,yes,yes,MrdA_Bla.16__MrdA_Bla__MrdA__836,98.69,59.3,no,yes,yes,OXA_1_Bla.231__OXA_1_Bla__OXA_1__520,100.0,59.0,no,no,NA,NA,NA,no,no,NA,NA,NA,no,no,NA,NA,NA,no,no,NA,NA,NA,no,no,NA,NA,NA,NA,yes,yes,SulI_Sul.225__SulI_Sul__SulI__1616,100.0,53.0,no,no,NA,NA,NA,NA,yes,yes,TetA_Tet.52__TetA_Tet__TetA__1545,100.0,53.8,no,no,NA,NA,NA,NA,no,NA,NA,NA,NA
./ariba_amr_results/14937_8#83/report.tsv,yes,yes,AMPH_Ecoli_Bla.89__AMPH_Ecoli_Bla__AMPH__615,97.06,53.4,yes,no,NA,NA,NA,NA,no,NA,NA,NA,NA,yes,yes,AacAad_AGly.43__AacAad_AGly__Aac6Ib_cr__1678,99.81,54.3,no,yes,yes,AadA4_5_AGly.285__AadA4_5_AGly__AadA5__1497,100.0,70.5,no,no,NA,NA,NA,NA,partial,no,AmpC1_Ecoli_Bla.49__AmpC1_Ecoli_Bla__AmpC1__1670,95.18,4.8,yes,yes,yes,AmpC2_Ecoli_Bla.99__AmpC2_Ecoli_Bla__AmpC2__346,97.8,73.5,yes,no,no,NA,NA,NA,no,no,NA,NA,NA,yes,yes,CTX_M_1_Bla.193__CTX_M_1_Bla__CTX_M_15__150,100.0,71.2,no,NA,NA,NA,interrupted,no,CatBx_Phe.371__CatBx_Phe__CatB4__602,100.0,75.1,no,no,no,NA,NA,NA,no,no,NA,NA,NA,NA,yes,yes,DfrA7_Tmt.433__DfrA7_Tmt__DfrA17__316,100.0,55.0,no,no,NA,NA,NA,yes,yes,MphA_MLS.158__MphA_MLS__MphA__1663,100.0,65.0,yes,yes,MrdA_Bla.16__MrdA_Bla__MrdA__836,98.69,61.4,no,yes,yes,OXA_1_Bla.231__OXA_1_Bla__OXA_1__520,100.0,84.5,no,no,NA,NA,NA,no,no,NA,NA,NA,no,no,NA,NA,NA,no,no,NA,NA,NA,no,no,NA,NA,NA,NA,yes,yes,SulI_Sul.225__SulI_Sul__SulI__1616,100.0,78.0,no,no,NA,NA,NA,NA,yes,yes,TetA_Tet.52__TetA_Tet__TetA__1545,100.0,82.8,no,no,NA,NA,NA,NA,no,NA,NA,NA,NA
./ariba_amr_results/14937_8#84/report.tsv,yes,yes,AMPH_Ecoli_Bla.89__AMPH_Ecoli_Bla__AMPH__615,97.06,44.2,yes,no,NA,NA,NA,NA,no,NA,NA,NA,NA,yes,yes,AacAad_AGly.43__AacAad_AGly__Aac6Ib_cr__1678,99.81,46.5,no,yes,yes,AadA4_5_AGly.285__AadA4_5_AGly__AadA5__1497,100.0,66.7,no,no,NA,NA,NA,NA,partial,no,AmpC1_Ecoli_Bla.49__AmpC1_Ecoli_Bla__AmpC1__1670,95.18,3.7,yes,yes,yes,AmpC2_Ecoli_Bla.99__AmpC2_Ecoli_Bla__AmpC2__346,97.8,51.1,yes,no,no,NA,NA,NA,no,no,NA,NA,NA,yes,yes,CTX_M_1_Bla.193__CTX_M_1_Bla__CTX_M_15__150,100.0,56.1,no,NA,NA,NA,interrupted,no,CatBx_Phe.371__CatBx_Phe__CatB4__602,100.0,55.2,no,no,no,NA,NA,NA,no,no,NA,NA,NA,NA,yes,yes,DfrA7_Tmt.433__DfrA7_Tmt__DfrA17__316,100.0,53.5,no,no,NA,NA,NA,yes,yes,MphA_MLS.158__MphA_MLS__MphA__1663,100.0,51.1,yes,yes,MrdA_Bla.16__MrdA_Bla__MrdA__836,98.69,49.8,no,yes,yes,OXA_1_Bla.231__OXA_1_Bla__OXA_1__520,100.0,65.5,no,no,NA,NA,NA,no,no,NA,NA,NA,no,no,NA,NA,NA,no,no,NA,NA,NA,no,no,NA,NA,NA,NA,yes,yes,SulI_Sul.225__SulI_Sul__SulI__1616,100.0,51.5,no,no,NA,NA,NA,NA,yes,yes,TetA_Tet.52__TetA_Tet__TetA__1545,100.0,59.5,no,no,NA,NA,NA,NA,no,NA,NA,NA,NA
./ariba_amr_results/14937_8#85/report.tsv,yes,yes,AMPH_Ecoli_Bla.89__AMPH_Ecoli_Bla__AMPH__615,97.06,48.8,yes,no,NA,NA,NA,NA,no,NA,NA,NA,NA,yes,yes,AacAad_AGly.43__AacAad_AGly__Aac6Ib_cr__1678,99.81,53.9,no,yes,yes,AadA4_5_AGly.285__AadA4_5_AGly__AadA5__1497,100.0,67.4,no,no,NA,NA,NA,NA,partial,no,AmpC1_Ecoli_Bla.49__AmpC1_Ecoli_Bla__AmpC1__1670,97.22,11.9,yes,yes,yes,AmpC2_Ecoli_Bla.99__AmpC2_Ecoli_Bla__AmpC2__346,97.8,52.2,yes,no,no,NA,NA,NA,no,no,NA,NA,NA,yes,yes,CTX_M_1_Bla.193__CTX_M_1_Bla__CTX_M_15__150,100.0,58.2,no,NA,NA,NA,interrupted,no,CatBx_Phe.371__CatBx_Phe__CatB4__602,100.0,69.8,no,no,no,NA,NA,NA,no,no,NA,NA,NA,NA,yes,yes,DfrA7_Tmt.433__DfrA7_Tmt__DfrA17__316,100.0,46.1,no,no,NA,NA,NA,yes,yes,MphA_MLS.158__MphA_MLS__MphA__1663,100.0,59.2,yes,yes,MrdA_Bla.16__MrdA_Bla__MrdA__836,98.69,59.0,no,yes,yes,OXA_1_Bla.231__OXA_1_Bla__OXA_1__520,100.0,69.3,no,no,NA,NA,NA,no,no,NA,NA,NA,no,no,NA,NA,NA,no,no,NA,NA,NA,no,no,NA,NA,NA,NA,yes,yes,SulI_Sul.225__SulI_Sul__SulI__1616,100.0,51.7,no,no,NA,NA,NA,NA,yes,yes,TetA_Tet.52__TetA_Tet__TetA__1545,100.0,63.8,no,no,NA,NA,NA,NA,no,NA,NA,NA,NA
./ariba_amr_results/14937_8#86/report.tsv,yes,yes,AMPH_Ecoli_Bla.89__AMPH_Ecoli_Bla__AMPH__615,97.06,52.6,yes,no,NA,NA,NA,NA,no,NA,NA,NA,NA,yes,yes,AacAad_AGly.43__AacAad_AGly__Aac6Ib_cr__1678,99.81,45.0,no,yes,yes,AadA4_5_AGly.285__AadA4_5_AGly__AadA5__1497,100.0,63.4,no,no,NA,NA,NA,NA,partial,no,AmpC1_Ecoli_Bla.49__AmpC1_Ecoli_Bla__AmpC1__1670,95.18,4.5,yes,yes,yes,AmpC2_Ecoli_Bla.99__AmpC2_Ecoli_Bla__AmpC2__346,97.8,62.4,yes,no,no,NA,NA,NA,no,no,NA,NA,NA,yes,yes,CTX_M_1_Bla.193__CTX_M_1_Bla__CTX_M_15__150,100.0,59.8,no,NA,NA,NA,interrupted,no,CatBx_Phe.371__CatBx_Phe__CatB4__602,100.0,63.9,no,no,no,NA,NA,NA,no,no,NA,NA,NA,NA,yes,yes,DfrA7_Tmt.433__DfrA7_Tmt__DfrA17__316,100.0,59.0,no,no,NA,NA,NA,yes,yes,MphA_MLS.158__MphA_MLS__MphA__1663,100.0,53.3,yes,yes,MrdA_Bla.16__MrdA_Bla__MrdA__836,98.69,59.7,no,yes,yes,OXA_1_Bla.231__OXA_1_Bla__OXA_1__520,100.0,63.2,no,no,NA,NA,NA,no,no,NA,NA,NA,no,no,NA,NA,NA,no,no,NA,NA,NA,no,no,NA,NA,NA,NA,yes,yes,SulI_Sul.225__SulI_Sul__SulI__1616,100.0,59.9,no,no,NA,NA,NA,NA,yes,yes,TetA_Tet.52__TetA_Tet__TetA__1545,100.0,67.1,no,no,NA,NA,NA,NA,no,NA,NA,NA,NA
./ariba_amr_results/15056_3#1/report.tsv,yes,yes,AMPH_Ecoli_Bla.89__AMPH_Ecoli_Bla__AMPH__615,97.06,56.7,yes,no,NA,NA,NA,NA,no,NA,NA,NA,NA,yes,yes,AacAad_AGly.43__AacAad_AGly__Aac6Ib_cr__1678,99.81,63.4,no,yes,yes,AadA4_5_AGly.285__AadA4_5_AGly__AadA5__1497,100.0,80.1,no,no,NA,NA,NA,NA,partial,no,AmpC1_Ecoli_Bla.49__AmpC1_Ecoli_Bla__AmpC1__1670,95.18,6.5,yes,yes,yes,AmpC2_Ecoli_Bla.99__AmpC2_Ecoli_Bla__AmpC2__346,97.8,61.3,yes,no,no,NA,NA,NA,no,no,NA,NA,NA,yes,yes,CTX_M_1_Bla.193__CTX_M_1_Bla__CTX_M_15__150,100.0,76.3,no,NA,NA,NA,interrupted,no,CatBx_Phe.371__CatBx_Phe__CatB4__602,100.0,81.1,no,no,no,NA,NA,NA,no,no,NA,NA,NA,NA,yes,yes,DfrA7_Tmt.433__DfrA7_Tmt__DfrA17__316,100.0,53.0,no,no,NA,NA,NA,yes,yes,MphA_MLS.158__MphA_MLS__MphA__1663,100.0,70.6,yes,yes,MrdA_Bla.16__MrdA_Bla__MrdA__836,98.69,67.9,no,yes,yes,OXA_1_Bla.231__OXA_1_Bla__OXA_1__520,100.0,81.2,no,no,NA,NA,NA,no,no,NA,NA,NA,no,no,NA,NA,NA,no,no,NA,NA,NA,no,no,NA,NA,NA,NA,yes,yes,SulI_Sul.225__SulI_Sul__SulI__1616,100.0,61.2,no,no,NA,NA,NA,NA,yes,yes,TetA_Tet.52__TetA_Tet__TetA__1545,100.0,73.6,no,no,NA,NA,NA,NA,no,NA,NA,NA,NA
./ariba_amr_results/15056_3#10/report.tsv,yes,yes,AMPH_Ecoli_Bla.89__AMPH_Ecoli_Bla__AMPH__615,97.06,56.7,yes,no,NA,NA,NA,NA,no,NA,NA,NA,NA,yes,yes,AacAad_AGly.43__AacAad_AGly__Aac6Ib_cr__1678,99.81,51.5,no,yes,yes,AadA4_5_AGly.285__AadA4_5_AGly__AadA5__1497,100.0,59.3,no,no,NA,NA,NA,NA,partial,no,AmpC1_Ecoli_Bla.49__AmpC1_Ecoli_Bla__AmpC1__1670,95.18,4.2,yes,yes,yes,AmpC2_Ecoli_Bla.99__AmpC2_Ecoli_Bla__AmpC2__346,97.8,62.7,yes,no,no,NA,NA,NA,no,no,NA,NA,NA,yes,yes,CTX_M_1_Bla.193__CTX_M_1_Bla__CTX_M_15__150,100.0,65.4,no,NA,NA,NA,interrupted,no,CatBx_Phe.371__CatBx_Phe__CatB4__602,100.0,70.4,no,no,no,NA,NA,NA,no,no,NA,NA,NA,NA,yes,yes,DfrA7_Tmt.433__DfrA7_Tmt__DfrA17__316,100.0,45.4,no,no,NA,NA,NA,yes,yes,MphA_MLS.158__MphA_MLS__MphA__1663,100.0,66.0,yes,yes,MrdA_Bla.16__MrdA_Bla__MrdA__836,98.69,65.6,no,yes,yes,OXA_1_Bla.231__OXA_1_Bla__OXA_1__520,100.0,71.7,no,no,NA,NA,NA,no,no,NA,NA,NA,no,no,NA,NA,NA,no,no,NA,NA,NA,no,no,NA,NA,NA,NA,yes,yes,SulI_Sul.225__SulI_Sul__SulI__1616,100.0,60.7,no,no,NA,NA,NA,NA,yes,yes,TetA_Tet.52__TetA_Tet__TetA__1545,100.0,66.6,no,no,NA,NA,NA,NA,no,NA,NA,NA,NA
./ariba_amr_results/15056_3#11/report.tsv,yes,yes,AMPH_Ecoli_Bla.89__AMPH_Ecoli_Bla__AMPH__615,97.06,47.5,yes,no,NA,NA,NA,NA,no,NA,NA,NA,NA,yes,yes,AacAad_AGly.43__AacAad_AGly__Aac6Ib_cr__1678,99.81,55.2,no,yes,yes,AadA4_5_AGly.285__AadA4_5_AGly__AadA5__1497,100.0,66.4,no,no,NA,NA,NA,NA,partial,no,AmpC1_Ecoli_Bla.49__AmpC1_Ecoli_Bla__AmpC1__1670,95.18,5.1,yes,yes,yes,AmpC2_Ecoli_Bla.99__AmpC2_Ecoli_Bla__AmpC2__346,97.8,59.4,yes,no,no,NA,NA,NA,no,no,NA,NA,NA,yes,yes,CTX_M_1_Bla.193__CTX_M_1_Bla__CTX_M_15__150,100.0,68.9,no,NA,NA,NA,interrupted,no,CatBx_Phe.371__CatBx_Phe__CatB4__602,100.0,63.8,no,no,no,NA,NA,NA,no,no,NA,NA,NA,NA,yes,yes,DfrA7_Tmt.433__DfrA7_Tmt__DfrA17__316,100.0,61.4,no,no,NA,NA,NA,yes,yes,MphA_MLS.158__MphA_MLS__MphA__1663,100.0,64.3,yes,yes,MrdA_Bla.16__MrdA_Bla__MrdA__836,98.69,61.9,no,yes,yes,OXA_1_Bla.231__OXA_1_Bla__OXA_1__520,100.0,73.4,no,no,NA,NA,NA,no,no,NA,NA,NA,no,no,NA,NA,NA,no,no,NA,NA,NA,no,no,NA,NA,NA,NA,yes,yes,SulI_Sul.225__SulI_Sul__SulI__1616,100.0,61.1,no,no,NA,NA,NA,NA,yes,yes,TetA_Tet.52__TetA_Tet__TetA__1545,100.0,68.1,no,no,NA,NA,NA,NA,no,NA,NA,NA,NA
./ariba_amr_results/15056_3#12/report.tsv,yes,yes,AMPH_Ecoli_Bla.89__AMPH_Ecoli_Bla__AMPH__615,97.06,50.7,yes,no,NA,NA,NA,NA,no,NA,NA,NA,NA,yes,yes,AacAad_AGly.43__AacAad_AGly__Aac6Ib_cr__1678,99.81,27.0,no,yes,yes,AadA4_5_AGly.285__AadA4_5_AGly__AadA5__1497,100.0,39.0,no,no,NA,NA,NA,NA,partial,no,AmpC1_Ecoli_Bla.49__AmpC1_Ecoli_Bla__AmpC1__1670,95.18,4.2,yes,yes,yes,AmpC2_Ecoli_Bla.99__AmpC2_Ecoli_Bla__AmpC2__346,97.8,57.1,yes,no,no,NA,NA,NA,no,no,NA,NA,NA,yes,yes,CTX_M_1_Bla.193__CTX_M_1_Bla__CTX_M_15__150,100.0,35.6,no,NA,NA,NA,interrupted,no,CatBx_Phe.371__CatBx_Phe__CatB4__602,100.0,41.1,no,no,no,NA,NA,NA,no,no,NA,NA,NA,NA,yes,yes,DfrA7_Tmt.433__DfrA7_Tmt__DfrA17__316,100.0,26.7,no,no,NA,NA,NA,no,no,NA,NA,NA,yes,yes,MrdA_Bla.16__MrdA_Bla__MrdA__836,98.69,59.3,no,yes,yes,OXA_1_Bla.231__OXA_1_Bla__OXA_1__520,100.0,37.5,no,no,NA,NA,NA,no,no,NA,NA,NA,no,no,NA,NA,NA,no,no,NA,NA,NA,no,no,NA,NA,NA,NA,no,no,NA,NA,NA,no,no,NA,NA,NA,NA,yes,yes,TetA_Tet.52__TetA_Tet__TetA__1545,100.0,35.6,no,no,NA,NA,NA,NA,no,NA,NA,NA,NA
./ariba_amr_results/15056_3#13/report.tsv,yes,yes,AMPH_Ecoli_Bla.89__AMPH_Ecoli_Bla__AMPH__615,97.06,41.5,yes,no,NA,NA,NA,NA,no,NA,NA,NA,NA,yes,yes,AacAad_AGly.43__AacAad_AGly__Aac6Ib_cr__1678,99.81,39.7,no,yes,yes,AadA4_5_AGly.285__AadA4_5_AGly__AadA5__1497,100.0,40.8,no,no,NA,NA,NA,NA,partial,no,AmpC1_Ecoli_Bla.49__AmpC1_Ecoli_Bla__AmpC1__1670,97.22,6.6,yes,yes,yes,AmpC2_Ecoli_Bla.99__AmpC2_Ecoli_Bla__AmpC2__346,97.8,52.1,yes,no,no,NA,NA,NA,no,no,NA,NA,NA,yes,yes,CTX_M_1_Bla.193__CTX_M_1_Bla__CTX_M_15__150,100.0,46.7,no,NA,NA,NA,interrupted,no,CatBx_Phe.371__CatBx_Phe__CatB4__602,100.0,53.6,no,no,no,NA,NA,NA,no,no,NA,NA,NA,NA,yes,yes,DfrA7_Tmt.433__DfrA7_Tmt__DfrA17__316,100.0,41.0,no,no,NA,NA,NA,yes,yes,MphA_MLS.158__MphA_MLS__MphA__1663,100.0,44.1,yes,yes,MrdA_Bla.16__MrdA_Bla__MrdA__836,98.69,56.7,no,yes,yes,OXA_1_Bla.231__OXA_1_Bla__OXA_1__520,100.0,54.2,no,no,NA,NA,NA,no,no,NA,NA,NA,no,no,NA,NA,NA,no,no,NA,NA,NA,no,no,NA,NA,NA,NA,yes,yes,SulI_Sul.225__SulI_Sul__SulI__1616,100.0,41.3,no,no,NA,NA,NA,NA,yes,yes,TetA_Tet.52__TetA_Tet__TetA__1545,100.0,57.4,no,no,NA,NA,NA,NA,no,NA,NA,NA,NA
./ariba_amr_results/15056_3#14/report.tsv,yes,yes,AMPH_Ecoli_Bla.89__AMPH_Ecoli_Bla__AMPH__615,97.06,49.7,yes,no,NA,NA,NA,NA,no,NA,NA,NA,NA,yes,yes,AacAad_AGly.43__AacAad_AGly__Aac6Ib_cr__1678,99.81,97.6,no,yes,yes,AadA4_5_AGly.285__AadA4_5_AGly__AadA5__1497,100.0,64.5,no,no,NA,NA,NA,NA,partial,no,AmpC1_Ecoli_Bla.49__AmpC1_Ecoli_Bla__AmpC1__1670,95.18,5.3,yes,yes,yes,AmpC2_Ecoli_Bla.99__AmpC2_Ecoli_Bla__AmpC2__346,97.8,58.4,yes,no,no,NA,NA,NA,no,no,NA,NA,NA,yes,yes,CTX_M_1_Bla.193__CTX_M_1_Bla__CTX_M_15__150,100.0,121.1,no,NA,NA,NA,interrupted,no,CatBx_Phe.371__CatBx_Phe__CatB4__602,100.0,144.4,no,no,no,NA,NA,NA,no,no,NA,NA,NA,NA,yes,yes,DfrA7_Tmt.433__DfrA7_Tmt__DfrA17__316,100.0,54.0,no,no,NA,NA,NA,yes,yes,MphA_MLS.158__MphA_MLS__MphA__1663,100.0,54.3,yes,yes,MrdA_Bla.16__MrdA_Bla__MrdA__836,98.69,66.9,no,yes,yes,OXA_1_Bla.231__OXA_1_Bla__OXA_1__520,100.0,119.6,no,no,NA,NA,NA,no,no,NA,NA,NA,no,no,NA,NA,NA,no,no,NA,NA,NA,no,no,NA,NA,NA,NA,yes,yes,SulI_Sul.225__SulI_Sul__SulI__1616,100.0,59.1,no,no,NA,NA,NA,NA,no,no,NA,NA,NA,no,no,NA,NA,NA,NA,no,NA,NA,NA,NA
./ariba_amr_results/15056_3#15/report.tsv,yes,yes,AMPH_Ecoli_Bla.89__AMPH_Ecoli_Bla__AMPH__615,97.06,48.2,yes,no,NA,NA,NA,NA,no,NA,NA,NA,NA,yes,yes,AacAad_AGly.43__AacAad_AGly__Aac6Ib_cr__1678,99.81,46.0,no,yes,yes,AadA4_5_AGly.285__AadA4_5_AGly__AadA5__1497,100.0,46.2,no,no,NA,NA,NA,NA,partial,no,AmpC1_Ecoli_Bla.49__AmpC1_Ecoli_Bla__AmpC1__1670,95.18,4.0,yes,yes,yes,AmpC2_Ecoli_Bla.99__AmpC2_Ecoli_Bla__AmpC2__346,97.8,63.6,yes,no,no,NA,NA,NA,no,no,NA,NA,NA,yes,yes,CTX_M_1_Bla.193__CTX_M_1_Bla__CTX_M_15__150,100.0,59.6,no,NA,NA,NA,interrupted,no,CatBx_Phe.371__CatBx_Phe__CatB4__602,100.0,45.5,no,no,no,NA,NA,NA,no,no,NA,NA,NA,NA,yes,yes,DfrA7_Tmt.433__DfrA7_Tmt__DfrA17__316,100.0,48.3,no,no,NA,NA,NA,yes,yes,MphA_MLS.158__MphA_MLS__MphA__1663,100.0,44.9,yes,yes,MrdA_Bla.16__MrdA_Bla__MrdA__836,98.69,64.1,no,yes,yes,OXA_1_Bla.231__OXA_1_Bla__OXA_1__520,100.0,63.7,no,no,NA,NA,NA,no,no,NA,NA,NA,no,no,NA,NA,NA,no,no,NA,NA,NA,no,no,NA,NA,NA,NA,yes,yes,SulI_Sul.225__SulI_Sul__SulI__1616,100.0,52.6,no,no,NA,NA,NA,NA,yes,yes,TetA_Tet.52__TetA_Tet__TetA__1545,100.0,58.4,no,no,NA,NA,NA,NA,no,NA,NA,NA,NA
./ariba_amr_results/15056_3#16/report.tsv,yes,yes,AMPH_Ecoli_Bla.89__AMPH_Ecoli_Bla__AMPH__615,97.06,72.0,yes,no,NA,NA,NA,NA,no,NA,NA,NA,NA,yes,yes,AacAad_AGly.43__AacAad_AGly__Aac6Ib_cr__1678,99.81,65.4,no,yes,yes,AadA4_5_AGly.285__AadA4_5_AGly__AadA5__1497,100.0,77.0,no,no,NA,NA,NA,NA,partial,no,AmpC1_Ecoli_Bla.49__AmpC1_Ecoli_Bla__AmpC1__1670,95.18,3.6,yes,yes,yes,AmpC2_Ecoli_Bla.99__AmpC2_Ecoli_Bla__AmpC2__346,97.8,68.8,yes,no,no,NA,NA,NA,no,no,NA,NA,NA,yes,yes,CTX_M_1_Bla.193__CTX_M_1_Bla__CTX_M_15__150,100.0,89.6,no,NA,NA,NA,interrupted,no,CatBx_Phe.371__CatBx_Phe__CatB4__602,100.0,110.1,no,no,no,NA,NA,NA,no,no,NA,NA,NA,NA,yes,yes,DfrA7_Tmt.433__DfrA7_Tmt__DfrA17__316,100.0,67.1,no,no,NA,NA,NA,yes,yes,MphA_MLS.158__MphA_MLS__MphA__1663,100.0,75.6,yes,yes,MrdA_Bla.16__MrdA_Bla__MrdA__836,98.69,75.6,no,yes,yes,OXA_1_Bla.231__OXA_1_Bla__OXA_1__520,100.0,91.9,no,no,NA,NA,NA,no,no,NA,NA,NA,no,no,NA,NA,NA,no,no,NA,NA,NA,no,no,NA,NA,NA,NA,yes,yes,SulI_Sul.225__SulI_Sul__SulI__1616,100.0,91.6,no,no,NA,NA,NA,NA,no,no,NA,NA,NA,no,no,NA,NA,NA,NA,no,NA,NA,NA,NA
./ariba_amr_results/15056_3#17/report.tsv,yes,yes,AMPH_Ecoli_Bla.89__AMPH_Ecoli_Bla__AMPH__615,97.06,56.8,yes,no,NA,NA,NA,NA,no,NA,NA,NA,NA,yes,yes,AacAad_AGly.43__AacAad_AGly__Aac6Ib_cr__1678,99.81,50.9,no,yes,yes,AadA4_5_AGly.285__AadA4_5_AGly__AadA5__1497,100.0,140.8,no,no,NA,NA,NA,NA,partial,no,AmpC1_Ecoli_Bla.49__AmpC1_Ecoli_Bla__AmpC1__1670,97.22,10.8,yes,yes,yes,AmpC2_Ecoli_Bla.99__AmpC2_Ecoli_Bla__AmpC2__346,97.8,65.2,yes,no,no,NA,NA,NA,no,no,NA,NA,NA,yes,yes,CTX_M_1_Bla.193__CTX_M_1_Bla__CTX_M_15__150,100.0,63.9,no,NA,NA,NA,interrupted,no,CatBx_Phe.371__CatBx_Phe__CatB4__602,100.0,74.4,no,no,no,NA,NA,NA,no,no,NA,NA,NA,NA,yes,yes,DfrA7_Tmt.433__DfrA7_Tmt__DfrA17__316,100.0,121.7,no,no,NA,NA,NA,yes,yes,MphA_MLS.158__MphA_MLS__MphA__1663,100.0,144.3,yes,yes,MrdA_Bla.16__MrdA_Bla__MrdA__836,98.69,64.3,no,yes,yes,OXA_1_Bla.231__OXA_1_Bla__OXA_1__520,100.0,58.5,no,no,NA,NA,NA,no,no,NA,NA,NA,no,no,NA,NA,NA,no,no,NA,NA,NA,no,no,NA,NA,NA,NA,yes,yes,SulI_Sul.225__SulI_Sul__SulI__1616,100.0,133.9,no,no,NA,NA,NA,NA,yes,yes,TetA_Tet.52__TetA_Tet__TetA__1545,100.0,163.2,no,no,NA,NA,NA,NA,no,NA,NA,NA,NA
./ariba_amr_results/15056_3#18/report.tsv,yes,yes,AMPH_Ecoli_Bla.89__AMPH_Ecoli_Bla__AMPH__615,97.06,55.2,yes,no,NA,NA,NA,NA,no,NA,NA,NA,NA,yes,yes,AacAad_AGly.43__AacAad_AGly__Aac6Ib_cr__1678,99.81,48.1,no,yes,yes,AadA4_5_AGly.285__AadA4_5_AGly__AadA5__1497,100.0,52.8,no,no,NA,NA,NA,NA,partial,no,AmpC1_Ecoli_Bla.49__AmpC1_Ecoli_Bla__AmpC1__1670,95.18,6.1,yes,yes,yes,AmpC2_Ecoli_Bla.99__AmpC2_Ecoli_Bla__AmpC2__346,97.8,55.5,yes,no,no,NA,NA,NA,no,no,NA,NA,NA,yes,yes,CTX_M_1_Bla.193__CTX_M_1_Bla__CTX_M_15__150,100.0,63.5,no,NA,NA,NA,interrupted,no,CatBx_Phe.371__CatBx_Phe__CatB4__602,100.0,63.7,no,no,no,NA,NA,NA,no,no,NA,NA,NA,NA,yes,yes,DfrA7_Tmt.433__DfrA7_Tmt__DfrA17__316,100.0,51.1,no,no,NA,NA,NA,yes,yes,MphA_MLS.158__MphA_MLS__MphA__1663,100.0,52.9,yes,yes,MrdA_Bla.16__MrdA_Bla__MrdA__836,98.69,63.0,no,yes,yes,OXA_1_Bla.231__OXA_1_Bla__OXA_1__520,100.0,52.4,no,no,NA,NA,NA,no,no,NA,NA,NA,no,no,NA,NA,NA,no,no,NA,NA,NA,no,no,NA,NA,NA,NA,yes,yes,SulI_Sul.225__SulI_Sul__SulI__1616,100.0,47.6,no,no,NA,NA,NA,NA,yes,yes,TetA_Tet.52__TetA_Tet__TetA__1545,100.0,61.2,no,no,NA,NA,NA,NA,no,NA,NA,NA,NA
./ariba_amr_results/15056_3#19/report.tsv,yes,yes,AMPH_Ecoli_Bla.89__AMPH_Ecoli_Bla__AMPH__615,97.06,47.5,yes,no,NA,NA,NA,NA,no,NA,NA,NA,NA,yes,yes,AacAad_AGly.43__AacAad_AGly__Aac6Ib_cr__1678,99.81,46.4,no,yes,yes,AadA4_5_AGly.285__AadA4_5_AGly__AadA5__1497,100.0,55.9,no,no,NA,NA,NA,NA,partial,no,AmpC1_Ecoli_Bla.49__AmpC1_Ecoli_Bla__AmpC1__1670,95.18,12.0,yes,yes,yes,AmpC2_Ecoli_Bla.99__AmpC2_Ecoli_Bla__AmpC2__346,97.8,49.5,yes,no,no,NA,NA,NA,no,no,NA,NA,NA,yes,yes,CTX_M_1_Bla.193__CTX_M_1_Bla__CTX_M_15__150,100.0,57.5,no,NA,NA,NA,interrupted,no,CatBx_Phe.371__CatBx_Phe__CatB4__602,100.0,64.0,no,no,no,NA,NA,NA,no,no,NA,NA,NA,NA,yes,yes,DfrA7_Tmt.433__DfrA7_Tmt__DfrA17__316,100.0,37.9,no,no,NA,NA,NA,yes,yes,MphA_MLS.158__MphA_MLS__MphA__1663,100.0,48.8,yes,yes,MrdA_Bla.16__MrdA_Bla__MrdA__836,98.69,59.3,no,yes,yes,OXA_1_Bla.231__OXA_1_Bla__OXA_1__520,100.0,51.9,no,no,NA,NA,NA,no,no,NA,NA,NA,no,no,NA,NA,NA,no,no,NA,NA,NA,no,no,NA,NA,NA,NA,yes,yes,SulI_Sul.225__SulI_Sul__SulI__1616,100.0,48.8,no,no,NA,NA,NA,NA,yes,yes,TetA_Tet.52__TetA_Tet__TetA__1545,100.0,54.6,no,no,NA,NA,NA,NA,no,NA,NA,NA,NA
./ariba_amr_results/15056_3#2/report.tsv,yes,yes,AMPH_Ecoli_Bla.89__AMPH_Ecoli_Bla__AMPH__615,97.06,51.7,yes,no,NA,NA,NA,NA,no,NA,NA,NA,NA,yes,yes,AacAad_AGly.43__AacAad_AGly__Aac6Ib_cr__1678,99.81,90.1,no,yes,yes,AadA4_5_AGly.285__AadA4_5_AGly__AadA5__1497,100.0,56.1,no,no,NA,NA,NA,NA,partial,no,AmpC1_Ecoli_Bla.49__AmpC1_Ecoli_Bla__AmpC1__1670,95.18,3.3,yes,yes,yes,AmpC2_Ecoli_Bla.99__AmpC2_Ecoli_Bla__AmpC2__346,97.8,63.7,yes,no,no,NA,NA,NA,no,no,NA,NA,NA,yes,yes,CTX_M_1_Bla.193__CTX_M_1_Bla__CTX_M_15__150,100.0,105.0,no,NA,NA,NA,interrupted,no,CatBx_Phe.371__CatBx_Phe__CatB4__602,100.0,119.9,no,no,no,NA,NA,NA,no,no,NA,NA,NA,NA,yes,yes,DfrA7_Tmt.433__DfrA7_Tmt__DfrA17__316,100.0,48.2,no,no,NA,NA,NA,yes,yes,MphA_MLS.158__MphA_MLS__MphA__1663,100.0,54.5,yes,yes,MrdA_Bla.16__MrdA_Bla__MrdA__836,98.69,63.5,no,yes,yes,OXA_1_Bla.231__OXA_1_Bla__OXA_1__520,100.0,116.0,no,no,NA,NA,NA,no,no,NA,NA,NA,no,no,NA,NA,NA,no,no,NA,NA,NA,no,no,NA,NA,NA,NA,yes,yes,SulI_Sul.225__SulI_Sul__SulI__1616,100.0,49.5,no,no,NA,NA,NA,NA,no,no,NA,NA,NA,no,no,NA,NA,NA,NA,no,NA,NA,NA,NA
./ariba_amr_results/15056_3#20/report.tsv,yes,yes,AMPH_Ecoli_Bla.89__AMPH_Ecoli_Bla__AMPH__615,97.06,44.4,yes,no,NA,NA,NA,NA,no,NA,NA,NA,NA,yes,yes,AacAad_AGly.43__AacAad_AGly__AacA4__1679,99.22,47.7,yes,yes,yes,AadA4_5_AGly.285__AadA4_5_AGly__AadA5__1497,100.0,46.9,no,no,NA,NA,NA,NA,partial,no,AmpC1_Ecoli_Bla.49__AmpC1_Ecoli_Bla__AmpC1__1670,95.18,3.5,yes,yes,yes,AmpC2_Ecoli_Bla.99__AmpC2_Ecoli_Bla__AmpC2__346,97.8,52.6,yes,no,no,NA,NA,NA,no,no,NA,NA,NA,yes,yes,CTX_M_1_Bla.193__CTX_M_1_Bla__CTX_M_15__150,100.0,56.1,no,NA,NA,NA,interrupted,no,CatBx_Phe.371__CatBx_Phe__CatB4__602,100.0,66.7,no,no,no,NA,NA,NA,no,no,NA,NA,NA,NA,yes,yes,DfrA7_Tmt.433__DfrA7_Tmt__DfrA17__316,100.0,51.7,no,no,NA,NA,NA,yes,yes,MphA_MLS.158__MphA_MLS__MphA__1663,100.0,58.1,yes,yes,MrdA_Bla.16__MrdA_Bla__MrdA__836,98.69,55.6,no,yes,yes,OXA_1_Bla.231__OXA_1_Bla__OXA_1__520,100.0,55.7,no,no,NA,NA,NA,no,no,NA,NA,NA,no,no,NA,NA,NA,no,no,NA,NA,NA,no,no,NA,NA,NA,NA,yes,yes,SulI_Sul.225__SulI_Sul__SulI__1616,100.0,58.5,no,no,NA,NA,NA,NA,yes,yes,TetA_Tet.52__TetA_Tet__TetA__1545,100.0,59.4,no,no,NA,NA,NA,NA,no,NA,NA,NA,NA
./ariba_amr_results/15056_3#22/report.tsv,yes,yes,AMPH_Ecoli_Bla.89__AMPH_Ecoli_Bla__AMPH__615,97.06,52.2,yes,no,NA,NA,NA,NA,no,NA,NA,NA,NA,yes,yes,AacAad_AGly.43__AacAad_AGly__Aac6Ib_cr__1678,99.81,50.3,no,yes,yes,AadA4_5_AGly.285__AadA4_5_AGly__AadA5__1497,100.0,49.5,no,no,NA,NA,NA,NA,partial,no,AmpC1_Ecoli_Bla.49__AmpC1_Ecoli_Bla__AmpC1__1670,95.18,2.4,yes,yes,yes,AmpC2_Ecoli_Bla.99__AmpC2_Ecoli_Bla__AmpC2__346,97.8,56.7,yes,no,no,NA,NA,NA,no,no,NA,NA,NA,yes,yes,CTX_M_1_Bla.193__CTX_M_1_Bla__CTX_M_15__150,100.0,58.6,no,NA,NA,NA,interrupted,no,CatBx_Phe.371__CatBx_Phe__CatB4__602,100.0,65.1,no,no,no,NA,NA,NA,no,no,NA,NA,NA,NA,yes,yes,DfrA7_Tmt.433__DfrA7_Tmt__DfrA17__316,100.0,45.7,no,no,NA,NA,NA,no,no,NA,NA,NA,yes,yes,MrdA_Bla.16__MrdA_Bla__MrdA__836,98.69,61.9,no,yes,yes,OXA_1_Bla.231__OXA_1_Bla__OXA_1__520,100.0,52.4,no,no,NA,NA,NA,no,no,NA,NA,NA,no,no,NA,NA,NA,no,no,NA,NA,NA,no,no,NA,NA,NA,NA,no,no,NA,NA,NA,no,no,NA,NA,NA,NA,yes,yes,TetA_Tet.52__TetA_Tet__TetA__1545,100.0,62.5,no,no,NA,NA,NA,NA,no,NA,NA,NA,NA
./ariba_amr_results/15056_3#23/report.tsv,yes,yes,AMPH_Ecoli_Bla.89__AMPH_Ecoli_Bla__AMPH__615,97.06,51.5,yes,no,NA,NA,NA,NA,no,NA,NA,NA,NA,yes,yes,AacAad_AGly.43__AacAad_AGly__Aac6Ib_cr__1678,99.81,48.8,no,yes,yes,AadA4_5_AGly.285__AadA4_5_AGly__AadA5__1497,100.0,109.3,no,no,NA,NA,NA,NA,partial,no,AmpC1_Ecoli_Bla.49__AmpC1_Ecoli_Bla__AmpC1__1670,95.18,4.6,yes,yes,yes,AmpC2_Ecoli_Bla.99__AmpC2_Ecoli_Bla__AmpC2__346,97.8,66.8,yes,no,no,NA,NA,NA,no,no,NA,NA,NA,yes,yes,CTX_M_1_Bla.193__CTX_M_1_Bla__CTX_M_15__150,100.0,59.7,no,NA,NA,NA,interrupted,no,CatBx_Phe.371__CatBx_Phe__CatB4__602,100.0,74.9,no,no,no,NA,NA,NA,no,no,NA,NA,NA,NA,yes,yes,DfrA7_Tmt.433__DfrA7_Tmt__DfrA17__316,100.0,103.3,no,no,NA,NA,NA,yes,yes,MphA_MLS.158__MphA_MLS__MphA__1663,100.0,99.4,yes,yes,MrdA_Bla.16__MrdA_Bla__MrdA__836,98.69,61.7,no,yes,yes,OXA_1_Bla.231__OXA_1_Bla__OXA_1__520,100.0,54.7,no,no,NA,NA,NA,no,no,NA,NA,NA,no,no,NA,NA,NA,no,no,NA,NA,NA,no,no,NA,NA,NA,NA,yes,yes,SulI_Sul.225__SulI_Sul__SulI__1616,100.0,109.4,no,no,NA,NA,NA,NA,yes,yes,TetA_Tet.52__TetA_Tet__TetA__1545,100.0,116.5,no,no,NA,NA,NA,NA,no,NA,NA,NA,NA
./ariba_amr_results/15056_3#24/report.tsv,yes,yes,AMPH_Ecoli_Bla.89__AMPH_Ecoli_Bla__AMPH__615,97.06,63.0,yes,no,NA,NA,NA,NA,no,NA,NA,NA,NA,yes,yes,AacAad_AGly.43__AacAad_AGly__Aac6Ib_cr__1678,99.81,59.7,no,yes,yes,AadA4_5_AGly.285__AadA4_5_AGly__AadA5__1497,100.0,80.2,no,no,NA,NA,NA,NA,partial,no,AmpC1_Ecoli_Bla.49__AmpC1_Ecoli_Bla__AmpC1__1670,95.18,5.3,yes,yes,yes,AmpC2_Ecoli_Bla.99__AmpC2_Ecoli_Bla__AmpC2__346,97.8,71.0,yes,no,no,NA,NA,NA,no,no,NA,NA,NA,yes,yes,CTX_M_1_Bla.193__CTX_M_1_Bla__CTX_M_15__150,100.0,83.4,no,NA,NA,NA,interrupted,no,CatBx_Phe.371__CatBx_Phe__CatB4__602,100.0,90.5,no,no,no,NA,NA,NA,no,no,NA,NA,NA,NA,yes,yes,DfrA7_Tmt.433__DfrA7_Tmt__DfrA17__316,100.0,71.0,no,no,NA,NA,NA,yes,yes,MphA_MLS.158__MphA_MLS__MphA__1663,100.0,73.9,yes,yes,MrdA_Bla.16__MrdA_Bla__MrdA__836,98.69,78.5,no,yes,yes,OXA_1_Bla.231__OXA_1_Bla__OXA_1__520,100.0,82.8,no,no,NA,NA,NA,no,no,NA,NA,NA,no,no,NA,NA,NA,no,no,NA,NA,NA,no,no,NA,NA,NA,NA,yes,yes,SulI_Sul.225__SulI_Sul__SulI__1616,100.0,72.0,no,no,NA,NA,NA,NA,yes,yes,TetA_Tet.52__TetA_Tet__TetA__1545,100.0,80.3,no,no,NA,NA,NA,NA,no,NA,NA,NA,NA
./ariba_amr_results/15056_3#26/report.tsv,yes,yes,AMPH_Ecoli_Bla.89__AMPH_Ecoli_Bla__AMPH__615,97.06,48.8,yes,no,NA,NA,NA,NA,no,NA,NA,NA,NA,yes,yes,AacAad_AGly.43__AacAad_AGly__Aac6Ib_cr__1678,99.81,44.3,no,yes,yes,AadA4_5_AGly.285__AadA4_5_AGly__AadA5__1497,100.0,53.3,no,no,NA,NA,NA,NA,partial,no,AmpC1_Ecoli_Bla.49__AmpC1_Ecoli_Bla__AmpC1__1670,97.22,4.2,yes,yes,yes,AmpC2_Ecoli_Bla.99__AmpC2_Ecoli_Bla__AmpC2__346,97.8,53.1,yes,no,no,NA,NA,NA,no,no,NA,NA,NA,yes,yes,CTX_M_1_Bla.193__CTX_M_1_Bla__CTX_M_15__150,100.0,60.8,no,NA,NA,NA,interrupted,no,CatBx_Phe.371__CatBx_Phe__CatB4__602,100.0,59.5,no,no,no,NA,NA,NA,no,no,NA,NA,NA,NA,yes,yes,DfrA7_Tmt.433__DfrA7_Tmt__DfrA17__316,100.0,49.0,no,no,NA,NA,NA,yes,yes,MphA_MLS.158__MphA_MLS__MphA__1663,100.0,51.7,yes,yes,MrdA_Bla.16__MrdA_Bla__MrdA__836,98.69,55.4,no,yes,yes,OXA_1_Bla.231__OXA_1_Bla__OXA_1__520,100.0,52.5,no,no,NA,NA,NA,no,no,NA,NA,NA,no,no,NA,NA,NA,no,no,NA,NA,NA,no,no,NA,NA,NA,NA,yes,yes,SulI_Sul.225__SulI_Sul__SulI__1616,100.0,48.2,no,no,NA,NA,NA,NA,no,no,NA,NA,NA,no,no,NA,NA,NA,NA,no,NA,NA,NA,NA
./ariba_amr_results/15056_3#27/report.tsv,yes,yes,AMPH_Ecoli_Bla.89__AMPH_Ecoli_Bla__AMPH__615,97.06,52.8,yes,no,NA,NA,NA,NA,no,NA,NA,NA,NA,yes,yes,AacAad_AGly.43__AacAad_AGly__Aac6Ib_cr__1678,99.81,64.0,no,yes,yes,AadA4_5_AGly.285__AadA4_5_AGly__AadA5__1497,100.0,75.8,no,no,NA,NA,NA,NA,partial,no,AmpC1_Ecoli_Bla.49__AmpC1_Ecoli_Bla__AmpC1__1670,95.18,4.0,yes,yes,yes,AmpC2_Ecoli_Bla.99__AmpC2_Ecoli_Bla__AmpC2__346,97.8,52.5,yes,no,no,NA,NA,NA,no,no,NA,NA,NA,yes,yes,CTX_M_1_Bla.193__CTX_M_1_Bla__CTX_M_15__150,100.0,86.5,no,NA,NA,NA,interrupted,no,CatBx_Phe.371__CatBx_Phe__CatB4__602,100.0,87.8,no,no,no,NA,NA,NA,no,no,NA,NA,NA,NA,yes,yes,DfrA7_Tmt.433__DfrA7_Tmt__DfrA17__316,100.0,76.6,no,no,NA,NA,NA,yes,yes,MphA_MLS.158__MphA_MLS__MphA__1663,100.0,75.5,yes,yes,MrdA_Bla.16__MrdA_Bla__MrdA__836,98.69,59.6,no,yes,yes,OXA_1_Bla.231__OXA_1_Bla__OXA_1__520,100.0,77.9,no,no,NA,NA,NA,no,no,NA,NA,NA,no,no,NA,NA,NA,no,no,NA,NA,NA,no,no,NA,NA,NA,NA,yes,yes,SulI_Sul.225__SulI_Sul__SulI__1616,100.0,69.4,no,no,NA,NA,NA,NA,yes,yes,TetA_Tet.52__TetA_Tet__TetA__1545,100.0,84.9,no,no,NA,NA,NA,NA,no,NA,NA,NA,NA
./ariba_amr_results/15056_3#28/report.tsv,yes,yes,AMPH_Ecoli_Bla.89__AMPH_Ecoli_Bla__AMPH__615,97.06,40.0,yes,no,NA,NA,NA,NA,no,NA,NA,NA,NA,yes,yes,AacAad_AGly.43__AacAad_AGly__Aac6Ib_cr__1678,99.81,37.2,no,yes,yes,AadA4_5_AGly.285__AadA4_5_AGly__AadA5__1497,100.0,45.9,no,no,NA,NA,NA,NA,partial,no,AmpC1_Ecoli_Bla.49__AmpC1_Ecoli_Bla__AmpC1__1670,97.22,4.4,yes,yes,yes,AmpC2_Ecoli_Bla.99__AmpC2_Ecoli_Bla__AmpC2__346,97.8,48.0,yes,no,no,NA,NA,NA,no,no,NA,NA,NA,yes,yes,CTX_M_1_Bla.193__CTX_M_1_Bla__CTX_M_15__150,100.0,50.0,no,NA,NA,NA,interrupted,no,CatBx_Phe.371__CatBx_Phe__CatB4__602,100.0,45.2,no,no,no,NA,NA,NA,no,no,NA,NA,NA,NA,yes,yes,DfrA7_Tmt.433__DfrA7_Tmt__DfrA17__316,100.0,41.9,no,no,NA,NA,NA,yes,yes,MphA_MLS.158__MphA_MLS__MphA__1663,100.0,42.2,yes,yes,MrdA_Bla.16__MrdA_Bla__MrdA__836,98.69,50.8,no,yes,yes,OXA_1_Bla.231__OXA_1_Bla__OXA_1__520,100.0,46.6,no,no,NA,NA,NA,no,no,NA,NA,NA,no,no,NA,NA,NA,no,no,NA,NA,NA,no,no,NA,NA,NA,NA,yes,yes,SulI_Sul.225__SulI_Sul__SulI__1616,100.0,46.8,no,no,NA,NA,NA,NA,yes,yes,TetA_Tet.52__TetA_Tet__TetA__1545,100.0,48.4,no,no,NA,NA,NA,NA,no,NA,NA,NA,NA
./ariba_amr_results/15056_3#29/report.tsv,yes,yes,AMPH_Ecoli_Bla.89__AMPH_Ecoli_Bla__AMPH__615,97.06,45.8,yes,no,NA,NA,NA,NA,no,NA,NA,NA,NA,yes,yes,AacAad_AGly.43__AacAad_AGly__Aac6Ib_cr__1678,99.81,102.5,no,yes,yes,AadA4_5_AGly.285__AadA4_5_AGly__AadA5__1497,100.0,62.0,no,no,NA,NA,NA,NA,partial,no,AmpC1_Ecoli_Bla.49__AmpC1_Ecoli_Bla__AmpC1__1670,95.18,5.2,yes,yes,yes,AmpC2_Ecoli_Bla.99__AmpC2_Ecoli_Bla__AmpC2__346,97.8,48.2,yes,no,no,NA,NA,NA,no,no,NA,NA,NA,yes,yes,CTX_M_1_Bla.193__CTX_M_1_Bla__CTX_M_15__150,100.0,128.7,no,NA,NA,NA,yes,yes,CatBx_Phe.371__CatBx_Phe__CatB4__602,100.0,221.0,no,no,no,NA,NA,NA,no,no,NA,NA,NA,NA,yes,yes,DfrA7_Tmt.433__DfrA7_Tmt__DfrA17__316,100.0,56.3,no,no,NA,NA,NA,yes,yes,MphA_MLS.158__MphA_MLS__MphA__1663,100.0,50.8,yes,yes,MrdA_Bla.16__MrdA_Bla__MrdA__836,98.69,59.9,no,yes,yes,OXA_1_Bla.231__OXA_1_Bla__OXA_1__520,100.0,136.6,no,no,NA,NA,NA,no,no,NA,NA,NA,no,no,NA,NA,NA,no,no,NA,NA,NA,no,no,NA,NA,NA,NA,yes,yes,SulI_Sul.225__SulI_Sul__SulI__1616,100.0,65.4,no,no,NA,NA,NA,NA,yes,yes,TetA_Tet.52__TetA_Tet__TetA__1545,100.0,59.5,no,no,NA,NA,NA,NA,no,NA,NA,NA,NA
./ariba_amr_results/15056_3#3/report.tsv,yes,yes,AMPH_Ecoli_Bla.89__AMPH_Ecoli_Bla__AMPH__615,97.06,51.6,yes,no,NA,NA,NA,NA,no,NA,NA,NA,NA,yes,yes,AacAad_AGly.43__AacAad_AGly__Aac6Ib_cr__1678,99.81,38.2,no,yes,yes,AadA4_5_AGly.285__AadA4_5_AGly__AadA5__1497,100.0,46.8,no,no,NA,NA,NA,NA,partial,no,AmpC1_Ecoli_Bla.49__AmpC1_Ecoli_Bla__AmpC1__1670,95.18,5.2,yes,yes,yes,AmpC2_Ecoli_Bla.99__AmpC2_Ecoli_Bla__AmpC2__346,97.8,54.0,yes,no,no,NA,NA,NA,no,no,NA,NA,NA,yes,yes,CTX_M_1_Bla.193__CTX_M_1_Bla__CTX_M_15__150,100.0,45.3,no,NA,NA,NA,interrupted,no,CatBx_Phe.371__CatBx_Phe__CatB4__602,100.0,54.4,no,no,no,NA,NA,NA,no,no,NA,NA,NA,NA,yes,yes,DfrA7_Tmt.433__DfrA7_Tmt__DfrA17__316,100.0,41.1,no,no,NA,NA,NA,yes,yes,MphA_MLS.158__MphA_MLS__MphA__1663,100.0,48.0,yes,yes,MrdA_Bla.16__MrdA_Bla__MrdA__836,98.69,54.9,no,yes,yes,OXA_1_Bla.231__OXA_1_Bla__OXA_1__520,100.0,53.7,no,no,NA,NA,NA,no,no,NA,NA,NA,no,no,NA,NA,NA,no,no,NA,NA,NA,no,no,NA,NA,NA,NA,yes,yes,SulI_Sul.225__SulI_Sul__SulI__1616,100.0,41.7,no,no,NA,NA,NA,NA,yes,yes,TetA_Tet.52__TetA_Tet__TetA__1545,100.0,57.0,no,no,NA,NA,NA,NA,no,NA,NA,NA,NA
./ariba_amr_results/15056_3#30/report.tsv,yes,yes,AMPH_Ecoli_Bla.89__AMPH_Ecoli_Bla__AMPH__615,97.06,49.5,yes,no,NA,NA,NA,NA,no,NA,NA,NA,NA,yes,yes,AacAad_AGly.43__AacAad_AGly__Aac6Ib_cr__1678,99.81,54.8,no,yes,yes,AadA4_5_AGly.285__AadA4_5_AGly__AadA5__1497,100.0,68.4,no,no,NA,NA,NA,NA,partial,no,AmpC1_Ecoli_Bla.49__AmpC1_Ecoli_Bla__AmpC1__1670,95.18,5.4,yes,yes,yes,AmpC2_Ecoli_Bla.99__AmpC2_Ecoli_Bla__AmpC2__346,97.8,49.9,yes,no,no,NA,NA,NA,no,no,NA,NA,NA,yes,yes,CTX_M_1_Bla.193__CTX_M_1_Bla__CTX_M_15__150,100.0,63.2,no,NA,NA,NA,interrupted,no,CatBx_Phe.371__CatBx_Phe__CatB4__602,100.0,82.4,no,no,no,NA,NA,NA,no,no,NA,NA,NA,NA,yes,yes,DfrA7_Tmt.433__DfrA7_Tmt__DfrA17__316,100.0,55.5,no,no,NA,NA,NA,yes,yes,MphA_MLS.158__MphA_MLS__MphA__1663,100.0,66.1,yes,yes,MrdA_Bla.16__MrdA_Bla__MrdA__836,98.69,58.3,no,yes,yes,OXA_1_Bla.231__OXA_1_Bla__OXA_1__520,100.0,69.0,no,no,NA,NA,NA,no,no,NA,NA,NA,no,no,NA,NA,NA,no,no,NA,NA,NA,no,no,NA,NA,NA,NA,yes,yes,SulI_Sul.225__SulI_Sul__SulI__1616,100.0,60.2,no,no,NA,NA,NA,NA,yes,yes,TetA_Tet.52__TetA_Tet__TetA__1545,100.0,75.0,no,no,NA,NA,NA,NA,no,NA,NA,NA,NA
./ariba_amr_results/15056_3#31/report.tsv,yes,yes,AMPH_Ecoli_Bla.89__AMPH_Ecoli_Bla__AMPH__615,97.06,46.5,yes,no,NA,NA,NA,NA,no,NA,NA,NA,NA,yes,yes,AacAad_AGly.43__AacAad_AGly__Aac6Ib_cr__1678,99.81,43.7,no,yes,yes,AadA4_5_AGly.285__AadA4_5_AGly__AadA5__1497,100.0,111.1,no,no,NA,NA,NA,NA,partial,no,AmpC1_Ecoli_Bla.49__AmpC1_Ecoli_Bla__AmpC1__1670,95.18,5.8,yes,yes,yes,AmpC2_Ecoli_Bla.99__AmpC2_Ecoli_Bla__AmpC2__346,97.8,57.1,yes,no,no,NA,NA,NA,no,no,NA,NA,NA,yes,yes,CTX_M_1_Bla.193__CTX_M_1_Bla__CTX_M_15__150,100.0,58.1,no,NA,NA,NA,interrupted,no,CatBx_Phe.371__CatBx_Phe__CatB4__602,100.0,68.2,no,no,no,NA,NA,NA,no,no,NA,NA,NA,NA,yes,yes,DfrA7_Tmt.433__DfrA7_Tmt__DfrA17__316,100.0,92.8,no,no,NA,NA,NA,yes,yes,MphA_MLS.158__MphA_MLS__MphA__1663,100.0,94.2,yes,yes,MrdA_Bla.16__MrdA_Bla__MrdA__836,98.69,62.1,no,yes,yes,OXA_1_Bla.231__OXA_1_Bla__OXA_1__520,100.0,53.5,no,no,NA,NA,NA,no,no,NA,NA,NA,no,no,NA,NA,NA,no,no,NA,NA,NA,no,no,NA,NA,NA,NA,yes,yes,SulI_Sul.225__SulI_Sul__SulI__1616,100.0,96.3,no,no,NA,NA,NA,NA,yes,yes,TetA_Tet.52__TetA_Tet__TetA__1545,100.0,112.2,no,no,NA,NA,NA,NA,no,NA,NA,NA,NA
./ariba_amr_results/15056_3#32/report.tsv,yes,yes,AMPH_Ecoli_Bla.89__AMPH_Ecoli_Bla__AMPH__615,97.06,57.2,yes,no,NA,NA,NA,NA,no,NA,NA,NA,NA,yes,yes,AacAad_AGly.43__AacAad_AGly__Aac6Ib_cr__1678,99.81,55.4,no,yes,yes,AadA4_5_AGly.285__AadA4_5_AGly__AadA5__1497,100.0,64.5,no,no,NA,NA,NA,NA,partial,no,AmpC1_Ecoli_Bla.49__AmpC1_Ecoli_Bla__AmpC1__1670,95.18,4.4,yes,yes,yes,AmpC2_Ecoli_Bla.99__AmpC2_Ecoli_Bla__AmpC2__346,97.8,71.7,yes,no,no,NA,NA,NA,no,no,NA,NA,NA,yes,yes,CTX_M_1_Bla.193__CTX_M_1_Bla__CTX_M_15__150,100.0,61.2,no,NA,NA,NA,interrupted,no,CatBx_Phe.371__CatBx_Phe__CatB4__602,100.0,73.9,no,no,no,NA,NA,NA,no,no,NA,NA,NA,NA,yes,yes,DfrA7_Tmt.433__DfrA7_Tmt__DfrA17__316,100.0,55.0,no,no,NA,NA,NA,no,no,NA,NA,NA,yes,yes,MrdA_Bla.16__MrdA_Bla__MrdA__836,98.69,71.2,no,yes,yes,OXA_1_Bla.231__OXA_1_Bla__OXA_1__520,100.0,74.0,no,no,NA,NA,NA,no,no,NA,NA,NA,no,no,NA,NA,NA,no,no,NA,NA,NA,no,no,NA,NA,NA,NA,no,no,NA,NA,NA,no,no,NA,NA,NA,NA,yes,yes,TetA_Tet.52__TetA_Tet__TetA__1545,100.0,71.3,no,no,NA,NA,NA,NA,no,NA,NA,NA,NA
./ariba_amr_results/15056_3#33/report.tsv,yes,yes,AMPH_Ecoli_Bla.89__AMPH_Ecoli_Bla__AMPH__615,97.06,50.8,yes,no,NA,NA,NA,NA,no,NA,NA,NA,NA,yes,yes,AacAad_AGly.43__AacAad_AGly__Aac6Ib_cr__1678,99.81,37.3,no,yes,yes,AadA4_5_AGly.285__AadA4_5_AGly__AadA5__1497,100.0,40.5,no,no,NA,NA,NA,NA,partial,no,AmpC1_Ecoli_Bla.49__AmpC1_Ecoli_Bla__AmpC1__1670,95.18,4.8,yes,yes,yes,AmpC2_Ecoli_Bla.99__AmpC2_Ecoli_Bla__AmpC2__346,97.8,53.2,yes,no,no,NA,NA,NA,no,no,NA,NA,NA,yes,yes,CTX_M_1_Bla.193__CTX_M_1_Bla__CTX_M_15__150,100.0,49.2,no,NA,NA,NA,interrupted,no,CatBx_Phe.371__CatBx_Phe__CatB4__602,100.0,42.8,no,no,no,NA,NA,NA,no,no,NA,NA,NA,NA,yes,yes,DfrA7_Tmt.433__DfrA7_Tmt__DfrA17__316,100.0,32.9,no,no,NA,NA,NA,no,no,NA,NA,NA,yes,yes,MrdA_Bla.16__MrdA_Bla__MrdA__836,98.69,58.6,no,yes,yes,OXA_1_Bla.231__OXA_1_Bla__OXA_1__520,100.0,47.9,no,no,NA,NA,NA,no,no,NA,NA,NA,no,no,NA,NA,NA,no,no,NA,NA,NA,no,no,NA,NA,NA,NA,no,no,NA,NA,NA,no,no,NA,NA,NA,NA,yes,yes,TetA_Tet.52__TetA_Tet__TetA__1545,100.0,49.4,no,no,NA,NA,NA,NA,no,NA,NA,NA,NA
./ariba_amr_results/15056_3#35/report.tsv,yes,yes,AMPH_Ecoli_Bla.89__AMPH_Ecoli_Bla__AMPH__615,97.06,52.3,yes,no,NA,NA,NA,NA,no,NA,NA,NA,NA,yes,yes,AacAad_AGly.43__AacAad_AGly__Aac6Ib_cr__1678,99.81,44.5,no,yes,yes,AadA4_5_AGly.285__AadA4_5_AGly__AadA5__1497,100.0,55.7,no,no,NA,NA,NA,NA,partial,no,AmpC1_Ecoli_Bla.49__AmpC1_Ecoli_Bla__AmpC1__1670,95.18,3.4,yes,yes,yes,AmpC2_Ecoli_Bla.99__AmpC2_Ecoli_Bla__AmpC2__346,97.8,54.5,yes,no,no,NA,NA,NA,no,no,NA,NA,NA,yes,yes,CTX_M_1_Bla.193__CTX_M_1_Bla__CTX_M_15__150,100.0,60.1,no,NA,NA,NA,interrupted,no,CatBx_Phe.371__CatBx_Phe__CatB4__602,100.0,70.6,no,no,no,NA,NA,NA,no,no,NA,NA,NA,NA,yes,yes,DfrA7_Tmt.433__DfrA7_Tmt__DfrA17__316,100.0,47.1,no,no,NA,NA,NA,yes,yes,MphA_MLS.158__MphA_MLS__MphA__1663,100.0,59.7,yes,yes,MrdA_Bla.16__MrdA_Bla__MrdA__836,98.69,56.0,no,yes,yes,OXA_1_Bla.231__OXA_1_Bla__OXA_1__520,100.0,60.3,no,no,NA,NA,NA,no,no,NA,NA,NA,no,no,NA,NA,NA,no,no,NA,NA,NA,no,no,NA,NA,NA,NA,yes,yes,SulI_Sul.225__SulI_Sul__SulI__1616,100.0,54.3,no,no,NA,NA,NA,NA,yes,yes,TetA_Tet.52__TetA_Tet__TetA__1545,100.0,64.6,no,no,NA,NA,NA,NA,no,NA,NA,NA,NA
./ariba_amr_results/SRR1314534_trimmed/report.tsv,yes,yes,AMPH_Ecoli_Bla.89__AMPH_Ecoli_Bla__AMPH__615,97.41,25.1,yes,no,NA,NA,NA,NA,no,NA,NA,NA,NA,no,no,NA,NA,NA,NA,no,no,NA,NA,NA,no,no,NA,NA,NA,NA,partial,no,AmpC1_Ecoli_Bla.49__AmpC1_Ecoli_Bla__AmpC1__1670,96.39,7.2,yes,yes,yes,AmpC2_Ecoli_Bla.99__AmpC2_Ecoli_Bla__AmpC2__346,98.15,25.9,yes,no,no,NA,NA,NA,no,no,NA,NA,NA,no,no,NA,NA,NA,no,NA,NA,NA,partial,no,CatBx_Phe.371__CatBx_Phe__CatB4__602,100.0,17.7,no,no,no,NA,NA,NA,no,no,NA,NA,NA,NA,no,no,NA,NA,NA,no,no,NA,NA,NA,no,no,NA,NA,NA,yes,yes,MrdA_Bla.16__MrdA_Bla__MrdA__836,98.63,23.6,no,no,no,NA,NA,NA,no,no,NA,NA,NA,no,no,NA,NA,NA,no,no,NA,NA,NA,no,no,NA,NA,NA,no,no,NA,NA,NA,NA,no,no,NA,NA,NA,no,no,NA,NA,NA,NA,no,no,NA,NA,NA,no,no,NA,NA,NA,NA,no,NA,NA,NA,NA
./ariba_amr_results/SRR4897105_trimmed/report.tsv,yes,yes,AMPH_Ecoli_Bla.89__AMPH_Ecoli_Bla__AMPH__615,99.48,45.4,no,no,NA,NA,NA,NA,no,NA,NA,NA,NA,no,no,NA,NA,NA,NA,no,no,NA,NA,NA,no,no,NA,NA,NA,NA,yes,yes,AmpC1_Ecoli_Bla.49__AmpC1_Ecoli_Bla__AmpC1__1670,96.93,34.9,yes,yes,yes,AmpC2_Ecoli_Bla.99__AmpC2_Ecoli_Bla__AmpC2__346,97.35,34.9,yes,no,no,NA,NA,NA,no,no,NA,NA,NA,no,no,NA,NA,NA,no,NA,NA,NA,no,no,NA,NA,NA,NA,no,no,NA,NA,NA,no,no,NA,NA,NA,NA,no,no,NA,NA,NA,no,no,NA,NA,NA,no,no,NA,NA,NA,yes,yes,MrdA_Bla.16__MrdA_Bla__MrdA__836,99.0,47.8,no,no,no,NA,NA,NA,no,no,NA,NA,NA,no,no,NA,NA,NA,no,no,NA,NA,NA,no,no,NA,NA,NA,no,no,NA,NA,NA,NA,no,no,NA,NA,NA,no,no,NA,NA,NA,NA,no,no,NA,NA,NA,no,no,NA,NA,NA,NA,no,NA,NA,NA,NA
./ariba_amr_results/SRR4897116_trimmed/report.tsv,yes,yes,AMPH_Ecoli_Bla.89__AMPH_Ecoli_Bla__AMPH__615,99.48,51.5,no,no,NA,NA,NA,NA,no,NA,NA,NA,NA,no,no,NA,NA,NA,NA,no,no,NA,NA,NA,no,no,NA,NA,NA,NA,yes,yes,AmpC1_Ecoli_Bla.49__AmpC1_Ecoli_Bla__AmpC1__1670,96.93,37.1,yes,yes,yes,AmpC2_Ecoli_Bla.99__AmpC2_Ecoli_Bla__AmpC2__346,97.35,37.4,yes,no,no,NA,NA,NA,no,no,NA,NA,NA,no,no,NA,NA,NA,no,NA,NA,NA,no,no,NA,NA,NA,NA,no,no,NA,NA,NA,no,no,NA,NA,NA,NA,no,no,NA,NA,NA,no,no,NA,NA,NA,no,no,NA,NA,NA,yes,yes,MrdA_Bla.16__MrdA_Bla__MrdA__836,99.0,59.8,no,no,no,NA,NA,NA,no,no,NA,NA,NA,no,no,NA,NA,NA,no,no,NA,NA,NA,no,no,NA,NA,NA,no,no,NA,NA,NA,NA,no,no,NA,NA,NA,no,no,NA,NA,NA,NA,no,no,NA,NA,NA,no,no,NA,NA,NA,NA,no,NA,NA,NA,NA
./ariba_amr_results/SRR4897124_trimmed/report.tsv,yes,yes,AMPH_Ecoli_Bla.89__AMPH_Ecoli_Bla__AMPH__615,99.48,43.2,no,no,NA,NA,NA,NA,no,NA,NA,NA,NA,no,no,NA,NA,NA,NA,no,no,NA,NA,NA,no,no,NA,NA,NA,NA,yes,yes,AmpC1_Ecoli_Bla.49__AmpC1_Ecoli_Bla__AmpC1__1670,96.93,25.4,yes,yes,yes,AmpC2_Ecoli_Bla.99__AmpC2_Ecoli_Bla__AmpC2__346,97.35,33.9,yes,no,no,NA,NA,NA,no,no,NA,NA,NA,no,no,NA,NA,NA,no,NA,NA,NA,no,no,NA,NA,NA,NA,no,no,NA,NA,NA,no,no,NA,NA,NA,NA,no,no,NA,NA,NA,no,no,NA,NA,NA,no,no,NA,NA,NA,yes,yes,MrdA_Bla.16__MrdA_Bla__MrdA__836,99.0,50.2,no,no,no,NA,NA,NA,no,no,NA,NA,NA,no,no,NA,NA,NA,no,no,NA,NA,NA,no,no,NA,NA,NA,no,no,NA,NA,NA,NA,no,no,NA,NA,NA,no,no,NA,NA,NA,NA,no,no,NA,NA,NA,no,no,NA,NA,NA,NA,no,NA,NA,NA,NA
./ariba_amr_results/SRR4897126_trimmed/report.tsv,yes,yes,AMPH_Ecoli_Bla.89__AMPH_Ecoli_Bla__AMPH__615,99.48,73.1,no,no,NA,NA,NA,NA,no,NA,NA,NA,NA,no,no,NA,NA,NA,NA,no,no,NA,NA,NA,no,no,NA,NA,NA,NA,yes,yes,AmpC1_Ecoli_Bla.49__AmpC1_Ecoli_Bla__AmpC1__1670,96.93,44.1,yes,yes_nonunique,yes,AmpC2_Ecoli_Bla.99__AmpC2_Ecoli_Bla__AmpC2__346,97.44,56.6,yes,no,no,NA,NA,NA,no,no,NA,NA,NA,no,no,NA,NA,NA,no,NA,NA,NA,no,no,NA,NA,NA,NA,no,no,NA,NA,NA,no,no,NA,NA,NA,NA,no,no,NA,NA,NA,no,no,NA,NA,NA,no,no,NA,NA,NA,yes,yes,MrdA_Bla.16__MrdA_Bla__MrdA__836,99.0,84.0,no,no,no,NA,NA,NA,no,no,NA,NA,NA,no,no,NA,NA,NA,no,no,NA,NA,NA,no,no,NA,NA,NA,no,no,NA,NA,NA,NA,no,no,NA,NA,NA,no,no,NA,NA,NA,NA,no,no,NA,NA,NA,no,no,NA,NA,NA,NA,no,NA,NA,NA,NA
./ariba_amr_results/SRR4897128_trimmed/report.tsv,yes,yes,AMPH_Ecoli_Bla.89__AMPH_Ecoli_Bla__AMPH__615,100.0,71.7,no,no,NA,NA,NA,NA,no,NA,NA,NA,NA,no,no,NA,NA,NA,NA,partial,no,AadA4_5_AGly.285__AadA4_5_AGly__AadA5__1497,100.0,56.3,no,no,NA,NA,NA,NA,yes,yes,AmpC1_Ecoli_Bla.49__AmpC1_Ecoli_Bla__AmpC1__1670,100.0,55.7,no,yes,yes,AmpC2_Ecoli_Bla.99__AmpC2_Ecoli_Bla__AmpC2__346,100.0,57.6,no,no,no,NA,NA,NA,no,no,NA,NA,NA,no,no,NA,NA,NA,no,NA,NA,NA,partial,no,CatBx_Phe.371__CatBx_Phe__CatB4__602,100.0,109.9,no,yes,yes,DHA_Bla.98__DHA_Bla__DHA_1__349,100.0,113.9,no,no,NA,NA,NA,NA,yes,yes,DfrA7_Tmt.433__DfrA7_Tmt__DfrA17__316,100.0,120.2,no,no,NA,NA,NA,yes,yes,MphA_MLS.158__MphA_MLS__MphA__1663,100.0,109.6,yes,yes,MrdA_Bla.16__MrdA_Bla__MrdA__836,100.0,74.0,no,no,no,NA,NA,NA,yes,yes,QnrB_Flq.344__QnrB_Flq__QnrB4__32,100.0,87.8,no,no,NA,NA,NA,no,no,NA,NA,NA,no,no,NA,NA,NA,no,no,NA,NA,NA,NA,yes,yes,SulI_Sul.225__SulI_Sul__SulI__1616,100.0,72.1,no,no,NA,NA,NA,NA,no,no,NA,NA,NA,no,no,NA,NA,NA,NA,no,NA,NA,NA,NA
./ariba_amr_results/SRR4897129_trimmed/report.tsv,yes,yes,AMPH_Ecoli_Bla.89__AMPH_Ecoli_Bla__AMPH__615,99.48,61.0,no,no,NA,NA,NA,NA,no,NA,NA,NA,NA,no,no,NA,NA,NA,NA,no,no,NA,NA,NA,yes,yes,AadA_AGly.229__AadA_AGly__AadA1__1598,98.99,34.4,yes,yes,yes,AmpC1_Ecoli_Bla.49__AmpC1_Ecoli_Bla__AmpC1__1670,97.01,50.3,yes,yes,yes,AmpC2_Ecoli_Bla.99__AmpC2_Ecoli_Bla__AmpC2__346,97.27,60.8,yes,no,no,NA,NA,NA,no,no,NA,NA,NA,no,no,NA,NA,NA,no,NA,NA,NA,no,no,NA,NA,NA,NA,no,no,NA,NA,NA,yes,yes,DfrA1_Tmt.430__DfrA1_Tmt__DfrA1__319,100.0,53.7,no,no,no,NA,NA,NA,no,no,NA,NA,NA,no,no,NA,NA,NA,yes,yes,MrdA_Bla.16__MrdA_Bla__MrdA__836,99.0,78.0,no,no,no,NA,NA,NA,no,no,NA,NA,NA,yes,yes,Sat_2A_AGly.413__Sat_2A_AGly__Sat_2A__1088,100.0,39.7,no,no,NA,NA,NA,no,no,NA,NA,NA,no,no,NA,NA,NA,NA,no,no,NA,NA,NA,no,no,NA,NA,NA,NA,no,no,NA,NA,NA,no,no,NA,NA,NA,NA,no,NA,NA,NA,NA
./ariba_amr_results/SRR4897133_trimmed/report.tsv,yes,yes,AMPH_Ecoli_Bla.89__AMPH_Ecoli_Bla__AMPH__615,99.48,67.2,no,no,NA,NA,NA,NA,no,NA,NA,NA,NA,no,no,NA,NA,NA,NA,no,no,NA,NA,NA,no,no,NA,NA,NA,NA,yes,yes,AmpC1_Ecoli_Bla.49__AmpC1_Ecoli_Bla__AmpC1__1670,96.93,44.2,yes,yes,yes,AmpC2_Ecoli_Bla.99__AmpC2_Ecoli_Bla__AmpC2__346,97.35,57.2,yes,no,no,NA,NA,NA,no,no,NA,NA,NA,no,no,NA,NA,NA,no,NA,NA,NA,no,no,NA,NA,NA,NA,no,no,NA,NA,NA,no,no,NA,NA,NA,NA,no,no,NA,NA,NA,no,no,NA,NA,NA,no,no,NA,NA,NA,yes,yes,MrdA_Bla.16__MrdA_Bla__MrdA__836,99.0,62.7,no,no,no,NA,NA,NA,no,no,NA,NA,NA,no,no,NA,NA,NA,no,no,NA,NA,NA,no,no,NA,NA,NA,no,no,NA,NA,NA,NA,no,no,NA,NA,NA,no,no,NA,NA,NA,NA,no,no,NA,NA,NA,no,no,NA,NA,NA,NA,no,NA,NA,NA,NA
./ariba_amr_results/SRR4897157_trimmed/report.tsv,yes,yes,AMPH_Ecoli_Bla.89__AMPH_Ecoli_Bla__AMPH__615,98.79,67.4,no,no,NA,NA,NA,NA,no,NA,NA,NA,NA,no,no,NA,NA,NA,NA,no,no,NA,NA,NA,no,no,NA,NA,NA,NA,yes,yes,AmpC1_Ecoli_Bla.49__AmpC1_Ecoli_Bla__AmpC1__1670,98.16,52.7,yes,yes,yes,AmpC2_Ecoli_Bla.99__AmpC2_Ecoli_Bla__AmpC2__346,97.62,51.5,yes,no,no,NA,NA,NA,no,no,NA,NA,NA,no,no,NA,NA,NA,no,NA,NA,NA,no,no,NA,NA,NA,NA,no,no,NA,NA,NA,no,no,NA,NA,NA,NA,no,no,NA,NA,NA,no,no,NA,NA,NA,no,no,NA,NA,NA,yes,yes,MrdA_Bla.16__MrdA_Bla__MrdA__836,99.37,76.4,no,no,no,NA,NA,NA,no,no,NA,NA,NA,no,no,NA,NA,NA,no,no,NA,NA,NA,no,no,NA,NA,NA,no,no,NA,NA,NA,NA,no,no,NA,NA,NA,no,no,NA,NA,NA,NA,no,no,NA,NA,NA,no,no,NA,NA,NA,NA,no,NA,NA,NA,NA
./ariba_amr_results/SRR4897163_trimmed/report.tsv,yes,yes,AMPH_Ecoli_Bla.89__AMPH_Ecoli_Bla__AMPH__615,98.79,43.9,no,no,NA,NA,NA,NA,no,NA,NA,NA,NA,no,no,NA,NA,NA,NA,no,no,NA,NA,NA,no,no,NA,NA,NA,NA,yes,yes,AmpC1_Ecoli_Bla.49__AmpC1_Ecoli_Bla__AmpC1__1670,98.16,29.0,yes,yes,yes,AmpC2_Ecoli_Bla.99__AmpC2_Ecoli_Bla__AmpC2__346,97.62,38.9,yes,no,no,NA,NA,NA,no,no,NA,NA,NA,no,no,NA,NA,NA,no,NA,NA,NA,no,no,NA,NA,NA,NA,no,no,NA,NA,NA,no,no,NA,NA,NA,NA,no,no,NA,NA,NA,no,no,NA,NA,NA,no,no,NA,NA,NA,yes,yes,MrdA_Bla.16__MrdA_Bla__MrdA__836,99.37,49.2,no,no,no,NA,NA,NA,no,no,NA,NA,NA,no,no,NA,NA,NA,no,no,NA,NA,NA,no,no,NA,NA,NA,no,no,NA,NA,NA,NA,no,no,NA,NA,NA,no,no,NA,NA,NA,NA,no,no,NA,NA,NA,no,no,NA,NA,NA,NA,no,NA,NA,NA,NA
./ariba_amr_results/SRR4897164_trimmed/report.tsv,yes,yes,AMPH_Ecoli_Bla.89__AMPH_Ecoli_Bla__AMPH__615,99.48,49.6,no,no,NA,NA,NA,NA,no,NA,NA,NA,NA,no,no,NA,NA,NA,NA,no,no,NA,NA,NA,no,no,NA,NA,NA,NA,yes,yes,AmpC1_Ecoli_Bla.49__AmpC1_Ecoli_Bla__AmpC1__1670,96.93,34.7,yes,yes,yes,AmpC2_Ecoli_Bla.99__AmpC2_Ecoli_Bla__AmpC2__346,97.35,38.8,yes,no,no,NA,NA,NA,no,no,NA,NA,NA,no,no,NA,NA,NA,no,NA,NA,NA,no,no,NA,NA,NA,NA,no,no,NA,NA,NA,no,no,NA,NA,NA,NA,no,no,NA,NA,NA,no,no,NA,NA,NA,no,no,NA,NA,NA,yes,yes,MrdA_Bla.16__MrdA_Bla__MrdA__836,99.0,57.1,no,no,no,NA,NA,NA,no,no,NA,NA,NA,no,no,NA,NA,NA,no,no,NA,NA,NA,no,no,NA,NA,NA,no,no,NA,NA,NA,NA,no,no,NA,NA,NA,no,no,NA,NA,NA,NA,no,no,NA,NA,NA,no,no,NA,NA,NA,NA,no,NA,NA,NA,NA
./ariba_amr_results/SRR4897165_trimmed/report.tsv,yes,yes,AMPH_Ecoli_Bla.89__AMPH_Ecoli_Bla__AMPH__615,98.88,46.5,yes,no,NA,NA,NA,NA,no,NA,NA,NA,NA,no,no,NA,NA,NA,NA,no,no,NA,NA,NA,no,no,NA,NA,NA,NA,yes,yes,AmpC1_Ecoli_Bla.49__AmpC1_Ecoli_Bla__AmpC1__1670,98.62,40.8,yes,yes,yes,AmpC2_Ecoli_Bla.99__AmpC2_Ecoli_Bla__AmpC2__346,98.5,54.3,yes,no,no,NA,NA,NA,no,no,NA,NA,NA,no,no,NA,NA,NA,no,NA,NA,NA,no,no,NA,NA,NA,NA,no,no,NA,NA,NA,no,no,NA,NA,NA,NA,no,no,NA,NA,NA,no,no,NA,NA,NA,no,no,NA,NA,NA,yes,yes,MrdA_Bla.16__MrdA_Bla__MrdA__836,100.0,74.9,no,no,no,NA,NA,NA,no,no,NA,NA,NA,no,no,NA,NA,NA,no,no,NA,NA,NA,no,no,NA,NA,NA,no,no,NA,NA,NA,NA,no,no,NA,NA,NA,no,no,NA,NA,NA,NA,no,no,NA,NA,NA,no,no,NA,NA,NA,NA,no,NA,NA,NA,NA
./ariba_amr_results/SRR4897166_trimmed/report.tsv,yes,yes,AMPH_Ecoli_Bla.89__AMPH_Ecoli_Bla__AMPH__615,95.85,30.9,yes,no,NA,NA,NA,NA,no,NA,NA,NA,NA,no,no,NA,NA,NA,NA,no,no,NA,NA,NA,no,no,NA,NA,NA,NA,interrupted,no,AmpC1_Ecoli_Bla.49__AmpC1_Ecoli_Bla__AmpC1__1670,95.07,28.1,yes,yes,yes,AmpC2_Ecoli_Bla.99__AmpC2_Ecoli_Bla__AmpC2__346,97.27,54.8,yes,yes,yes,Aph3__Ia_AGly.251__Aph3__Ia_AGly__Aph3_Ia__1218,99.88,173.7,no,no,NA,NA,NA,no,no,NA,NA,NA,no,NA,NA,NA,partial,no,CatBx_Phe.371__CatBx_Phe__CatB4__602,100.0,125.9,no,no,no,NA,NA,NA,no,no,NA,NA,NA,NA,no,no,NA,NA,NA,no,no,NA,NA,NA,no,no,NA,NA,NA,yes,yes,MrdA_Bla.16__MrdA_Bla__MrdA__836,98.0,57.3,no,no,no,NA,NA,NA,no,no,NA,NA,NA,no,no,NA,NA,NA,yes,yes,StrA_AGly.263__StrA_AGly__StrA__1501,99.88,72.7,yes,yes,StrB_AGly.227__StrB_AGly__StrB__1614,100.0,110.0,yes,yes,SulII_Sul.256__SulII_Sul__SulII__1219,99.63,69.1,yes,no,no,NA,NA,NA,yes,yes,TEM_1D_Bla.205__TEM_1D_Bla__TEM_95__948,99.88,142.9,yes,yes,yes,TetA_Tet.52__TetA_Tet__TetA__1545,100.0,103.7,no,no,NA,NA,NA,NA,no,NA,NA,NA,NA
./ariba_amr_results/SRR4897174_trimmed/report.tsv,yes,yes,AMPH_Ecoli_Bla.89__AMPH_Ecoli_Bla__AMPH__615,99.48,32.8,no,no,NA,NA,NA,NA,no,NA,NA,NA,NA,no,no,NA,NA,NA,NA,no,no,NA,NA,NA,no,no,NA,NA,NA,NA,yes,yes,AmpC1_Ecoli_Bla.49__AmpC1_Ecoli_Bla__AmpC1__1670,96.93,25.3,yes,yes,yes,AmpC2_Ecoli_Bla.99__AmpC2_Ecoli_Bla__AmpC2__346,97.35,25.4,yes,no,no,NA,NA,NA,no,no,NA,NA,NA,no,no,NA,NA,NA,no,NA,NA,NA,no,no,NA,NA,NA,NA,no,no,NA,NA,NA,no,no,NA,NA,NA,NA,no,no,NA,NA,NA,no,no,NA,NA,NA,no,no,NA,NA,NA,yes,yes,MrdA_Bla.16__MrdA_Bla__MrdA__836,99.0,36.1,no,no,no,NA,NA,NA,no,no,NA,NA,NA,no,no,NA,NA,NA,no,no,NA,NA,NA,no,no,NA,NA,NA,no,no,NA,NA,NA,NA,no,no,NA,NA,NA,no,no,NA,NA,NA,NA,no,no,NA,NA,NA,no,no,NA,NA,NA,NA,no,NA,NA,NA,NA
./ariba_amr_results/SRR4897176_trimmed/report.tsv,yes,yes,AMPH_Ecoli_Bla.89__AMPH_Ecoli_Bla__AMPH__615,99.48,34.3,no,no,NA,NA,NA,NA,no,NA,NA,NA,NA,no,no,NA,NA,NA,NA,no,no,NA,NA,NA,no,no,NA,NA,NA,NA,yes,yes,AmpC1_Ecoli_Bla.49__AmpC1_Ecoli_Bla__AmpC1__1670,96.93,25.7,yes,yes,yes,AmpC2_Ecoli_Bla.99__AmpC2_Ecoli_Bla__AmpC2__346,97.35,24.3,yes,no,no,NA,NA,NA,no,no,NA,NA,NA,no,no,NA,NA,NA,no,NA,NA,NA,no,no,NA,NA,NA,NA,no,no,NA,NA,NA,no,no,NA,NA,NA,NA,no,no,NA,NA,NA,no,no,NA,NA,NA,no,no,NA,NA,NA,yes,yes,MrdA_Bla.16__MrdA_Bla__MrdA__836,99.0,35.9,no,no,no,NA,NA,NA,no,no,NA,NA,NA,no,no,NA,NA,NA,no,no,NA,NA,NA,no,no,NA,NA,NA,no,no,NA,NA,NA,NA,no,no,NA,NA,NA,no,no,NA,NA,NA,NA,no,no,NA,NA,NA,no,no,NA,NA,NA,NA,no,NA,NA,NA,NA
./ariba_amr_results/SRR4897195_trimmed/report.tsv,yes,yes,AMPH_Ecoli_Bla.89__AMPH_Ecoli_Bla__AMPH__615,99.48,35.8,no,no,NA,NA,NA,NA,no,NA,NA,NA,NA,no,no,NA,NA,NA,NA,no,no,NA,NA,NA,no,no,NA,NA,NA,NA,yes,yes,AmpC1_Ecoli_Bla.49__AmpC1_Ecoli_Bla__AmpC1__1670,96.93,31.6,yes,interrupted,no,AmpC2_Ecoli_Bla.99__AmpC2_Ecoli_Bla__AmpC2__346,97.34,25.7,yes,no,no,NA,NA,NA,no,no,NA,NA,NA,no,no,NA,NA,NA,no,NA,NA,NA,no,no,NA,NA,NA,NA,no,no,NA,NA,NA,no,no,NA,NA,NA,NA,no,no,NA,NA,NA,no,no,NA,NA,NA,no,no,NA,NA,NA,yes,yes,MrdA_Bla.16__MrdA_Bla__MrdA__836,99.0,37.1,no,no,no,NA,NA,NA,no,no,NA,NA,NA,no,no,NA,NA,NA,no,no,NA,NA,NA,no,no,NA,NA,NA,no,no,NA,NA,NA,NA,no,no,NA,NA,NA,no,no,NA,NA,NA,NA,no,no,NA,NA,NA,no,no,NA,NA,NA,NA,no,NA,NA,NA,NA
./ariba_amr_results/SRR4897198_trimmed/report.tsv,yes,yes,AMPH_Ecoli_Bla.89__AMPH_Ecoli_Bla__AMPH__615,99.48,38.8,no,no,NA,NA,NA,NA,no,NA,NA,NA,NA,no,no,NA,NA,NA,NA,no,no,NA,NA,NA,no,no,NA,NA,NA,NA,yes,yes,AmpC1_Ecoli_Bla.49__AmpC1_Ecoli_Bla__AmpC1__1670,96.93,23.8,yes,yes,yes,AmpC2_Ecoli_Bla.99__AmpC2_Ecoli_Bla__AmpC2__346,97.35,26.9,yes,no,no,NA,NA,NA,no,no,NA,NA,NA,no,no,NA,NA,NA,no,NA,NA,NA,no,no,NA,NA,NA,NA,no,no,NA,NA,NA,no,no,NA,NA,NA,NA,no,no,NA,NA,NA,no,no,NA,NA,NA,no,no,NA,NA,NA,yes,yes,MrdA_Bla.16__MrdA_Bla__MrdA__836,99.0,38.2,no,no,no,NA,NA,NA,no,no,NA,NA,NA,no,no,NA,NA,NA,no,no,NA,NA,NA,no,no,NA,NA,NA,no,no,NA,NA,NA,NA,no,no,NA,NA,NA,no,no,NA,NA,NA,NA,no,no,NA,NA,NA,no,no,NA,NA,NA,NA,no,NA,NA,NA,NA
./ariba_amr_results/SRR4897219_trimmed/report.tsv,yes,yes,AMPH_Ecoli_Bla.89__AMPH_Ecoli_Bla__AMPH__615,99.48,38.8,no,no,NA,NA,NA,NA,no,NA,NA,NA,NA,no,no,NA,NA,NA,NA,no,no,NA,NA,NA,no,no,NA,NA,NA,NA,yes,yes,AmpC1_Ecoli_Bla.49__AmpC1_Ecoli_Bla__AmpC1__1670,97.01,22.2,yes,yes,yes,AmpC2_Ecoli_Bla.99__AmpC2_Ecoli_Bla__AmpC2__346,97.35,33.4,yes,no,no,NA,NA,NA,no,no,NA,NA,NA,no,no,NA,NA,NA,no,NA,NA,NA,no,no,NA,NA,NA,NA,no,no,NA,NA,NA,no,no,NA,NA,NA,NA,no,no,NA,NA,NA,no,no,NA,NA,NA,no,no,NA,NA,NA,yes,yes,MrdA_Bla.16__MrdA_Bla__MrdA__836,99.0,42.1,no,no,no,NA,NA,NA,no,no,NA,NA,NA,no,no,NA,NA,NA,no,no,NA,NA,NA,no,no,NA,NA,NA,no,no,NA,NA,NA,NA,no,no,NA,NA,NA,no,no,NA,NA,NA,NA,no,no,NA,NA,NA,no,no,NA,NA,NA,NA,no,NA,NA,NA,NA
./ariba_amr_results/SRR4897220_trimmed/report.tsv,yes,yes,AMPH_Ecoli_Bla.89__AMPH_Ecoli_Bla__AMPH__615,98.79,35.5,no,no,NA,NA,NA,NA,no,NA,NA,NA,NA,no,no,NA,NA,NA,NA,no,no,NA,NA,NA,no,no,NA,NA,NA,NA,yes,yes,AmpC1_Ecoli_Bla.49__AmpC1_Ecoli_Bla__AmpC1__1670,98.16,28.6,yes,yes,yes,AmpC2_Ecoli_Bla.99__AmpC2_Ecoli_Bla__AmpC2__346,97.62,36.6,yes,no,no,NA,NA,NA,no,no,NA,NA,NA,no,no,NA,NA,NA,no,NA,NA,NA,no,no,NA,NA,NA,NA,no,no,NA,NA,NA,no,no,NA,NA,NA,NA,no,no,NA,NA,NA,no,no,NA,NA,NA,no,no,NA,NA,NA,yes,yes,MrdA_Bla.16__MrdA_Bla__MrdA__836,99.37,41.4,no,no,no,NA,NA,NA,no,no,NA,NA,NA,no,no,NA,NA,NA,no,no,NA,NA,NA,no,no,NA,NA,NA,no,no,NA,NA,NA,NA,no,no,NA,NA,NA,no,no,NA,NA,NA,NA,no,no,NA,NA,NA,no,no,NA,NA,NA,NA,no,NA,NA,NA,NA
./ariba_amr_results/SRR4897223_trimmed/report.tsv,yes,yes,AMPH_Ecoli_Bla.89__AMPH_Ecoli_Bla__AMPH__615,99.48,29.9,no,no,NA,NA,NA,NA,no,NA,NA,NA,NA,no,no,NA,NA,NA,NA,no,no,NA,NA,NA,no,no,NA,NA,NA,NA,yes,yes,AmpC1_Ecoli_Bla.49__AmpC1_Ecoli_Bla__AmpC1__1670,96.93,23.3,yes,yes,yes,AmpC2_Ecoli_Bla.99__AmpC2_Ecoli_Bla__AmpC2__346,97.35,34.9,yes,no,no,NA,NA,NA,no,no,NA,NA,NA,no,no,NA,NA,NA,no,NA,NA,NA,no,no,NA,NA,NA,NA,no,no,NA,NA,NA,no,no,NA,NA,NA,NA,no,no,NA,NA,NA,no,no,NA,NA,NA,no,no,NA,NA,NA,yes,yes,MrdA_Bla.16__MrdA_Bla__MrdA__836,99.0,30.5,no,no,no,NA,NA,NA,no,no,NA,NA,NA,no,no,NA,NA,NA,no,no,NA,NA,NA,no,no,NA,NA,NA,no,no,NA,NA,NA,NA,no,no,NA,NA,NA,no,no,NA,NA,NA,NA,no,no,NA,NA,NA,no,no,NA,NA,NA,NA,no,NA,NA,NA,NA
./ariba_amr_results/SRR4897226_trimmed/report.tsv,yes,yes,AMPH_Ecoli_Bla.89__AMPH_Ecoli_Bla__AMPH__615,99.48,45.3,no,no,NA,NA,NA,NA,no,NA,NA,NA,NA,no,no,NA,NA,NA,NA,no,no,NA,NA,NA,no,no,NA,NA,NA,NA,yes,yes,AmpC1_Ecoli_Bla.49__AmpC1_Ecoli_Bla__AmpC1__1670,96.93,28.9,yes,yes,yes,AmpC2_Ecoli_Bla.99__AmpC2_Ecoli_Bla__AmpC2__346,97.35,44.1,yes,no,no,NA,NA,NA,no,no,NA,NA,NA,no,no,NA,NA,NA,no,NA,NA,NA,no,no,NA,NA,NA,NA,no,no,NA,NA,NA,no,no,NA,NA,NA,NA,no,no,NA,NA,NA,no,no,NA,NA,NA,no,no,NA,NA,NA,yes,yes,MrdA_Bla.16__MrdA_Bla__MrdA__836,99.0,53.9,no,no,no,NA,NA,NA,no,no,NA,NA,NA,no,no,NA,NA,NA,no,no,NA,NA,NA,no,no,NA,NA,NA,no,no,NA,NA,NA,NA,no,no,NA,NA,NA,no,no,NA,NA,NA,NA,no,no,NA,NA,NA,no,no,NA,NA,NA,NA,no,NA,NA,NA,NA
./ariba_amr_results/SRR4897230_trimmed/report.tsv,yes,yes,AMPH_Ecoli_Bla.89__AMPH_Ecoli_Bla__AMPH__615,99.48,42.5,no,no,NA,NA,NA,NA,no,NA,NA,NA,NA,no,no,NA,NA,NA,NA,no,no,NA,NA,NA,no,no,NA,NA,NA,NA,yes,yes,AmpC1_Ecoli_Bla.49__AmpC1_Ecoli_Bla__AmpC1__1670,96.93,28.9,yes,yes,yes,AmpC2_Ecoli_Bla.99__AmpC2_Ecoli_Bla__AmpC2__346,97.35,28.0,yes,yes,yes,Aph3__Ia_AGly.251__Aph3__Ia_AGly__Aph3_Ia__1218,99.88,50.4,no,no,NA,NA,NA,no,no,NA,NA,NA,no,NA,NA,NA,partial,no,CatBx_Phe.371__CatBx_Phe__CatB4__602,100.0,73.4,no,no,no,NA,NA,NA,no,no,NA,NA,NA,NA,no,no,NA,NA,NA,yes,yes,DfrA8_Tmt.416__DfrA8_Tmt__DfrA8__1079,100.0,35.3,no,no,NA,NA,NA,yes,yes,MrdA_Bla.16__MrdA_Bla__MrdA__836,99.0,41.9,no,no,no,NA,NA,NA,no,no,NA,NA,NA,no,no,NA,NA,NA,yes,yes,StrA_AGly.263__StrA_AGly__StrA__1501,99.88,28.8,yes,yes,StrB_AGly.227__StrB_AGly__StrB__1614,100.0,36.4,yes,yes,SulII_Sul.256__SulII_Sul__SulII__1219,99.63,26.2,yes,no,no,NA,NA,NA,yes,yes,TEM_1D_Bla.205__TEM_1D_Bla__TEM_95__948,99.88,43.2,yes,yes,yes,TetA_Tet.52__TetA_Tet__TetA__1545,100.0,33.6,no,no,NA,NA,NA,NA,no,NA,NA,NA,NA
./ariba_amr_results/SRR4897232_trimmed/report.tsv,yes,yes,AMPH_Ecoli_Bla.89__AMPH_Ecoli_Bla__AMPH__615,99.48,44.9,no,no,NA,NA,NA,NA,no,NA,NA,NA,NA,no,no,NA,NA,NA,NA,no,no,NA,NA,NA,no,no,NA,NA,NA,NA,yes,yes,AmpC1_Ecoli_Bla.49__AmpC1_Ecoli_Bla__AmpC1__1670,96.93,29.5,yes,yes,yes,AmpC2_Ecoli_Bla.99__AmpC2_Ecoli_Bla__AmpC2__346,97.35,39.2,yes,no,no,NA,NA,NA,no,no,NA,NA,NA,no,no,NA,NA,NA,no,NA,NA,NA,no,no,NA,NA,NA,NA,no,no,NA,NA,NA,no,no,NA,NA,NA,NA,no,no,NA,NA,NA,no,no,NA,NA,NA,no,no,NA,NA,NA,yes,yes,MrdA_Bla.16__MrdA_Bla__MrdA__836,99.0,48.2,no,no,no,NA,NA,NA,no,no,NA,NA,NA,no,no,NA,NA,NA,no,no,NA,NA,NA,no,no,NA,NA,NA,no,no,NA,NA,NA,NA,no,no,NA,NA,NA,no,no,NA,NA,NA,NA,no,no,NA,NA,NA,partial,no,TetB_Tet.67__TetB_Tet__TetB__1213,99.59,1.3,yes,no,NA,NA,NA,NA
./ariba_amr_results/SRR4897239_trimmed/report.tsv,yes,yes,AMPH_Ecoli_Bla.89__AMPH_Ecoli_Bla__AMPH__615,99.48,35.1,no,no,NA,NA,NA,NA,no,NA,NA,NA,NA,no,no,NA,NA,NA,NA,no,no,NA,NA,NA,no,no,NA,NA,NA,NA,yes,yes,AmpC1_Ecoli_Bla.49__AmpC1_Ecoli_Bla__AmpC1__1670,96.93,28.8,yes,yes,yes,AmpC2_Ecoli_Bla.99__AmpC2_Ecoli_Bla__AmpC2__346,97.35,32.0,yes,no,no,NA,NA,NA,no,no,NA,NA,NA,no,no,NA,NA,NA,no,NA,NA,NA,no,no,NA,NA,NA,NA,no,no,NA,NA,NA,no,no,NA,NA,NA,NA,no,no,NA,NA,NA,no,no,NA,NA,NA,no,no,NA,NA,NA,yes,yes,MrdA_Bla.16__MrdA_Bla__MrdA__836,99.0,52.6,no,no,no,NA,NA,NA,no,no,NA,NA,NA,no,no,NA,NA,NA,no,no,NA,NA,NA,no,no,NA,NA,NA,no,no,NA,NA,NA,NA,no,no,NA,NA,NA,no,no,NA,NA,NA,NA,no,no,NA,NA,NA,no,no,NA,NA,NA,NA,no,NA,NA,NA,NA
./ariba_amr_results/SRR4897240_trimmed/report.tsv,yes,yes,AMPH_Ecoli_Bla.89__AMPH_Ecoli_Bla__AMPH__615,99.31,26.1,no,no,NA,NA,NA,NA,no,NA,NA,NA,NA,no,no,NA,NA,NA,NA,no,no,NA,NA,NA,no,no,NA,NA,NA,NA,yes,yes,AmpC1_Ecoli_Bla.49__AmpC1_Ecoli_Bla__AmpC1__1670,95.94,15.4,yes,yes,yes,AmpC2_Ecoli_Bla.99__AmpC2_Ecoli_Bla__AmpC2__346,97.88,23.2,yes,no,no,NA,NA,NA,no,no,NA,NA,NA,no,no,NA,NA,NA,no,NA,NA,NA,partial,no,CatBx_Phe.371__CatBx_Phe__CatB4__602,100.0,14.9,no,no,no,NA,NA,NA,no,no,NA,NA,NA,NA,no,no,NA,NA,NA,no,no,NA,NA,NA,no,no,NA,NA,NA,yes,yes,MrdA_Bla.16__MrdA_Bla__MrdA__836,98.69,31.4,no,no,no,NA,NA,NA,no,no,NA,NA,NA,no,no,NA,NA,NA,no,no,NA,NA,NA,no,no,NA,NA,NA,no,no,NA,NA,NA,NA,no,no,NA,NA,NA,no,no,NA,NA,NA,NA,no,no,NA,NA,NA,no,no,NA,NA,NA,NA,no,NA,NA,NA,NA
./ariba_amr_results/SRR4897246_trimmed/report.tsv,yes,yes,AMPH_Ecoli_Bla.89__AMPH_Ecoli_Bla__AMPH__615,99.48,40.1,no,no,NA,NA,NA,NA,no,NA,NA,NA,NA,no,no,NA,NA,NA,NA,no,no,NA,NA,NA,no,no,NA,NA,NA,NA,yes,yes,AmpC1_Ecoli_Bla.49__AmpC1_Ecoli_Bla__AmpC1__1670,96.93,27.8,yes,yes,yes,AmpC2_Ecoli_Bla.99__AmpC2_Ecoli_Bla__AmpC2__346,97.35,37.7,yes,no,no,NA,NA,NA,no,no,NA,NA,NA,no,no,NA,NA,NA,no,NA,NA,NA,no,no,NA,NA,NA,NA,no,no,NA,NA,NA,no,no,NA,NA,NA,NA,no,no,NA,NA,NA,no,no,NA,NA,NA,no,no,NA,NA,NA,yes,yes,MrdA_Bla.16__MrdA_Bla__MrdA__836,99.0,46.8,no,no,no,NA,NA,NA,no,no,NA,NA,NA,no,no,NA,NA,NA,no,no,NA,NA,NA,no,no,NA,NA,NA,no,no,NA,NA,NA,NA,no,no,NA,NA,NA,no,no,NA,NA,NA,NA,no,no,NA,NA,NA,no,no,NA,NA,NA,NA,no,NA,NA,NA,NA
./ariba_amr_results/SRR4897254_trimmed/report.tsv,yes,yes,AMPH_Ecoli_Bla.89__AMPH_Ecoli_Bla__AMPH__615,99.48,30.7,no,no,NA,NA,NA,NA,no,NA,NA,NA,NA,no,no,NA,NA,NA,NA,no,no,NA,NA,NA,no,no,NA,NA,NA,NA,yes,yes,AmpC1_Ecoli_Bla.49__AmpC1_Ecoli_Bla__AmpC1__1670,96.93,26.2,yes,yes,yes,AmpC2_Ecoli_Bla.99__AmpC2_Ecoli_Bla__AmpC2__346,97.35,34.1,yes,no,no,NA,NA,NA,no,no,NA,NA,NA,no,no,NA,NA,NA,no,NA,NA,NA,no,no,NA,NA,NA,NA,no,no,NA,NA,NA,no,no,NA,NA,NA,NA,no,no,NA,NA,NA,no,no,NA,NA,NA,no,no,NA,NA,NA,yes,yes,MrdA_Bla.16__MrdA_Bla__MrdA__836,99.0,39.9,no,no,no,NA,NA,NA,no,no,NA,NA,NA,no,no,NA,NA,NA,no,no,NA,NA,NA,no,no,NA,NA,NA,no,no,NA,NA,NA,NA,no,no,NA,NA,NA,no,no,NA,NA,NA,NA,no,no,NA,NA,NA,no,no,NA,NA,NA,NA,no,NA,NA,NA,NA
./ariba_amr_results/SRR4897255_trimmed/report.tsv,yes,yes,AMPH_Ecoli_Bla.89__AMPH_Ecoli_Bla__AMPH__615,99.48,58.3,no,no,NA,NA,NA,NA,no,NA,NA,NA,NA,no,no,NA,NA,NA,NA,no,no,NA,NA,NA,no,no,NA,NA,NA,NA,yes,yes,AmpC1_Ecoli_Bla.49__AmpC1_Ecoli_Bla__AmpC1__1670,96.93,34.4,yes,yes,yes,AmpC2_Ecoli_Bla.99__AmpC2_Ecoli_Bla__AmpC2__346,97.35,41.4,yes,no,no,NA,NA,NA,no,no,NA,NA,NA,no,no,NA,NA,NA,no,NA,NA,NA,no,no,NA,NA,NA,NA,no,no,NA,NA,NA,no,no,NA,NA,NA,NA,no,no,NA,NA,NA,no,no,NA,NA,NA,no,no,NA,NA,NA,yes,yes,MrdA_Bla.16__MrdA_Bla__MrdA__836,99.0,57.3,no,no,no,NA,NA,NA,no,no,NA,NA,NA,no,no,NA,NA,NA,no,no,NA,NA,NA,no,no,NA,NA,NA,no,no,NA,NA,NA,NA,no,no,NA,NA,NA,no,no,NA,NA,NA,NA,no,no,NA,NA,NA,no,no,NA,NA,NA,NA,no,NA,NA,NA,NA
./ariba_amr_results/SRR4897257_trimmed/report.tsv,yes,yes,AMPH_Ecoli_Bla.89__AMPH_Ecoli_Bla__AMPH__615,98.7,44.8,no,no,NA,NA,NA,NA,no,NA,NA,NA,NA,no,no,NA,NA,NA,NA,no,no,NA,NA,NA,no,no,NA,NA,NA,NA,yes,yes,AmpC1_Ecoli_Bla.49__AmpC1_Ecoli_Bla__AmpC1__1670,98.62,42.6,yes,yes,yes,AmpC2_Ecoli_Bla.99__AmpC2_Ecoli_Bla__AmpC2__346,97.71,47.4,yes,no,no,NA,NA,NA,no,no,NA,NA,NA,no,no,NA,NA,NA,no,NA,NA,NA,no,no,NA,NA,NA,NA,no,no,NA,NA,NA,no,no,NA,NA,NA,NA,no,no,NA,NA,NA,no,no,NA,NA,NA,no,no,NA,NA,NA,yes,yes,MrdA_Bla.16__MrdA_Bla__MrdA__836,98.69,49.1,no,no,no,NA,NA,NA,no,no,NA,NA,NA,no,no,NA,NA,NA,no,no,NA,NA,NA,no,no,NA,NA,NA,no,no,NA,NA,NA,NA,no,no,NA,NA,NA,no,no,NA,NA,NA,NA,no,no,NA,NA,NA,no,no,NA,NA,NA,NA,no,NA,NA,NA,NA
./ariba_amr_results/SRR4897264_trimmed/report.tsv,yes,yes,AMPH_Ecoli_Bla.89__AMPH_Ecoli_Bla__AMPH__615,99.48,68.9,no,no,NA,NA,NA,NA,no,NA,NA,NA,NA,no,no,NA,NA,NA,NA,no,no,NA,NA,NA,no,no,NA,NA,NA,NA,yes,yes,AmpC1_Ecoli_Bla.49__AmpC1_Ecoli_Bla__AmpC1__1670,96.93,39.5,yes,yes,yes,AmpC2_Ecoli_Bla.99__AmpC2_Ecoli_Bla__AmpC2__346,97.35,60.4,yes,no,no,NA,NA,NA,no,no,NA,NA,NA,no,no,NA,NA,NA,no,NA,NA,NA,no,no,NA,NA,NA,NA,no,no,NA,NA,NA,no,no,NA,NA,NA,NA,no,no,NA,NA,NA,no,no,NA,NA,NA,no,no,NA,NA,NA,yes,yes,MrdA_Bla.16__MrdA_Bla__MrdA__836,99.0,74.3,no,no,no,NA,NA,NA,no,no,NA,NA,NA,no,no,NA,NA,NA,no,no,NA,NA,NA,no,no,NA,NA,NA,no,no,NA,NA,NA,NA,no,no,NA,NA,NA,no,no,NA,NA,NA,NA,no,no,NA,NA,NA,no,no,NA,NA,NA,NA,no,NA,NA,NA,NA
./ariba_amr_results/SRR4897266_trimmed/report.tsv,yes,yes,AMPH_Ecoli_Bla.89__AMPH_Ecoli_Bla__AMPH__615,99.31,44.1,no,no,NA,NA,NA,NA,no,NA,NA,NA,NA,no,no,NA,NA,NA,NA,no,no,NA,NA,NA,no,no,NA,NA,NA,NA,yes,yes,AmpC1_Ecoli_Bla.49__AmpC1_Ecoli_Bla__AmpC1__1670,98.38,39.6,yes,yes,yes,AmpC2_Ecoli_Bla.99__AmpC2_Ecoli_Bla__AmpC2__346,97.71,48.8,yes,no,no,NA,NA,NA,no,no,NA,NA,NA,no,no,NA,NA,NA,no,NA,NA,NA,no,no,NA,NA,NA,NA,no,no,NA,NA,NA,no,no,NA,NA,NA,NA,no,no,NA,NA,NA,no,no,NA,NA,NA,no,no,NA,NA,NA,yes,yes,MrdA_Bla.16__MrdA_Bla__MrdA__836,99.11,57.1,yes,no,no,NA,NA,NA,no,no,NA,NA,NA,no,no,NA,NA,NA,yes,yes,StrA_AGly.263__StrA_AGly__StrA__1501,99.88,265.5,yes,yes,StrB_AGly.227__StrB_AGly__StrB__1614,100.0,304.9,yes,yes,SulII_Sul.256__SulII_Sul__SulII__1219,100.0,206.4,no,no,no,NA,NA,NA,no,no,NA,NA,NA,NA,yes,yes,TetA_Tet.52__TetA_Tet__TetA__1545,100.0,251.1,no,no,NA,NA,NA,NA,no,NA,NA,NA,NA
./ariba_amr_results/SRR4897271_trimmed/report.tsv,yes,yes,AMPH_Ecoli_Bla.89__AMPH_Ecoli_Bla__AMPH__615,97.5,23.9,yes,no,NA,NA,NA,NA,no,NA,NA,NA,NA,no,no,NA,NA,NA,NA,no,no,NA,NA,NA,no,no,NA,NA,NA,NA,partial,no,AmpC1_Ecoli_Bla.49__AmpC1_Ecoli_Bla__AmpC1__1670,97.59,4.4,yes,yes,yes,AmpC2_Ecoli_Bla.99__AmpC2_Ecoli_Bla__AmpC2__346,98.15,25.0,yes,no,no,NA,NA,NA,no,no,NA,NA,NA,no,no,NA,NA,NA,no,NA,NA,NA,no,no,NA,NA,NA,NA,no,no,NA,NA,NA,no,no,NA,NA,NA,NA,no,no,NA,NA,NA,no,no,NA,NA,NA,no,no,NA,NA,NA,yes,yes,MrdA_Bla.16__MrdA_Bla__MrdA__836,98.26,24.6,no,no,no,NA,NA,NA,no,no,NA,NA,NA,no,no,NA,NA,NA,no,no,NA,NA,NA,no,no,NA,NA,NA,no,no,NA,NA,NA,NA,no,no,NA,NA,NA,no,no,NA,NA,NA,NA,no,no,NA,NA,NA,no,no,NA,NA,NA,NA,no,NA,NA,NA,NA
./ariba_amr_results/SRR4897272_trimmed/report.tsv,yes,yes,AMPH_Ecoli_Bla.89__AMPH_Ecoli_Bla__AMPH__615,99.48,48.4,no,no,NA,NA,NA,NA,no,NA,NA,NA,NA,no,no,NA,NA,NA,NA,no,no,NA,NA,NA,no,no,NA,NA,NA,NA,yes,yes,AmpC1_Ecoli_Bla.49__AmpC1_Ecoli_Bla__AmpC1__1670,96.93,26.7,yes,yes,yes,AmpC2_Ecoli_Bla.99__AmpC2_Ecoli_Bla__AmpC2__346,97.35,27.6,yes,no,no,NA,NA,NA,no,no,NA,NA,NA,no,no,NA,NA,NA,no,NA,NA,NA,no,no,NA,NA,NA,NA,no,no,NA,NA,NA,no,no,NA,NA,NA,NA,no,no,NA,NA,NA,no,no,NA,NA,NA,no,no,NA,NA,NA,yes,yes,MrdA_Bla.16__MrdA_Bla__MrdA__836,98.95,40.3,no,no,no,NA,NA,NA,no,no,NA,NA,NA,no,no,NA,NA,NA,no,no,NA,NA,NA,no,no,NA,NA,NA,no,no,NA,NA,NA,NA,no,no,NA,NA,NA,no,no,NA,NA,NA,NA,no,no,NA,NA,NA,no,no,NA,NA,NA,NA,no,NA,NA,NA,NA
./ariba_amr_results/SRR4897273_trimmed/report.tsv,yes,yes,AMPH_Ecoli_Bla.89__AMPH_Ecoli_Bla__AMPH__615,99.48,46.1,no,no,NA,NA,NA,NA,no,NA,NA,NA,NA,no,no,NA,NA,NA,NA,no,no,NA,NA,NA,no,no,NA,NA,NA,NA,yes,yes,AmpC1_Ecoli_Bla.49__AmpC1_Ecoli_Bla__AmpC1__1670,96.93,25.7,yes,yes,yes,AmpC2_Ecoli_Bla.99__AmpC2_Ecoli_Bla__AmpC2__346,97.35,31.1,yes,no,no,NA,NA,NA,no,no,NA,NA,NA,no,no,NA,NA,NA,no,NA,NA,NA,no,no,NA,NA,NA,NA,no,no,NA,NA,NA,no,no,NA,NA,NA,NA,no,no,NA,NA,NA,no,no,NA,NA,NA,no,no,NA,NA,NA,yes,yes,MrdA_Bla.16__MrdA_Bla__MrdA__836,99.0,46.3,no,no,no,NA,NA,NA,no,no,NA,NA,NA,no,no,NA,NA,NA,no,no,NA,NA,NA,no,no,NA,NA,NA,no,no,NA,NA,NA,NA,no,no,NA,NA,NA,no,no,NA,NA,NA,NA,no,no,NA,NA,NA,no,no,NA,NA,NA,NA,no,NA,NA,NA,NA
./ariba_amr_results/SRR4897274_trimmed/report.tsv,yes,yes,AMPH_Ecoli_Bla.89__AMPH_Ecoli_Bla__AMPH__615,99.48,33.6,no,no,NA,NA,NA,NA,no,NA,NA,NA,NA,no,no,NA,NA,NA,NA,no,no,NA,NA,NA,no,no,NA,NA,NA,NA,yes,yes,AmpC1_Ecoli_Bla.49__AmpC1_Ecoli_Bla__AmpC1__1670,96.93,21.3,yes,yes,yes,AmpC2_Ecoli_Bla.99__AmpC2_Ecoli_Bla__AmpC2__346,97.35,27.4,yes,no,no,NA,NA,NA,no,no,NA,NA,NA,no,no,NA,NA,NA,no,NA,NA,NA,no,no,NA,NA,NA,NA,no,no,NA,NA,NA,no,no,NA,NA,NA,NA,no,no,NA,NA,NA,no,no,NA,NA,NA,no,no,NA,NA,NA,yes,yes,MrdA_Bla.16__MrdA_Bla__MrdA__836,99.0,33.6,no,no,no,NA,NA,NA,no,no,NA,NA,NA,no,no,NA,NA,NA,no,no,NA,NA,NA,no,no,NA,NA,NA,no,no,NA,NA,NA,NA,no,no,NA,NA,NA,no,no,NA,NA,NA,NA,no,no,NA,NA,NA,no,no,NA,NA,NA,NA,no,NA,NA,NA,NA
./ariba_amr_results/SRR4897277_trimmed/report.tsv,yes,yes,AMPH_Ecoli_Bla.89__AMPH_Ecoli_Bla__AMPH__615,99.48,58.8,no,no,NA,NA,NA,NA,no,NA,NA,NA,NA,no,no,NA,NA,NA,NA,no,no,NA,NA,NA,no,no,NA,NA,NA,NA,yes,yes,AmpC1_Ecoli_Bla.49__AmpC1_Ecoli_Bla__AmpC1__1670,96.93,37.5,yes,yes,yes,AmpC2_Ecoli_Bla.99__AmpC2_Ecoli_Bla__AmpC2__346,97.35,50.0,yes,no,no,NA,NA,NA,no,no,NA,NA,NA,no,no,NA,NA,NA,no,NA,NA,NA,no,no,NA,NA,NA,NA,no,no,NA,NA,NA,no,no,NA,NA,NA,NA,no,no,NA,NA,NA,no,no,NA,NA,NA,no,no,NA,NA,NA,yes,yes,MrdA_Bla.16__MrdA_Bla__MrdA__836,99.0,60.5,no,no,no,NA,NA,NA,no,no,NA,NA,NA,no,no,NA,NA,NA,no,no,NA,NA,NA,no,no,NA,NA,NA,no,no,NA,NA,NA,NA,no,no,NA,NA,NA,no,no,NA,NA,NA,NA,no,no,NA,NA,NA,no,no,NA,NA,NA,NA,no,NA,NA,NA,NA
./ariba_amr_results/SRR4897279_trimmed/report.tsv,yes,yes,AMPH_Ecoli_Bla.89__AMPH_Ecoli_Bla__AMPH__615,99.48,58.7,no,no,NA,NA,NA,NA,no,NA,NA,NA,NA,no,no,NA,NA,NA,NA,no,no,NA,NA,NA,no,no,NA,NA,NA,NA,yes,yes,AmpC1_Ecoli_Bla.49__AmpC1_Ecoli_Bla__AmpC1__1670,96.93,34.6,yes,yes,yes,AmpC2_Ecoli_Bla.99__AmpC2_Ecoli_Bla__AmpC2__346,97.35,39.7,yes,no,no,NA,NA,NA,no,no,NA,NA,NA,no,no,NA,NA,NA,no,NA,NA,NA,no,no,NA,NA,NA,NA,no,no,NA,NA,NA,no,no,NA,NA,NA,NA,no,no,NA,NA,NA,no,no,NA,NA,NA,no,no,NA,NA,NA,yes,yes,MrdA_Bla.16__MrdA_Bla__MrdA__836,99.0,57.1,no,no,no,NA,NA,NA,no,no,NA,NA,NA,no,no,NA,NA,NA,no,no,NA,NA,NA,no,no,NA,NA,NA,no,no,NA,NA,NA,NA,no,no,NA,NA,NA,no,no,NA,NA,NA,NA,no,no,NA,NA,NA,no,no,NA,NA,NA,NA,no,NA,NA,NA,NA
./ariba_amr_results/SRR4897281_trimmed/report.tsv,yes,yes,AMPH_Ecoli_Bla.89__AMPH_Ecoli_Bla__AMPH__615,99.48,40.6,no,no,NA,NA,NA,NA,no,NA,NA,NA,NA,no,no,NA,NA,NA,NA,no,no,NA,NA,NA,yes,yes,AadA_AGly.229__AadA_AGly__AadA1__1598,99.62,44.0,no,yes,yes,AmpC1_Ecoli_Bla.49__AmpC1_Ecoli_Bla__AmpC1__1670,96.93,28.2,yes,yes,yes,AmpC2_Ecoli_Bla.99__AmpC2_Ecoli_Bla__AmpC2__346,97.35,32.3,yes,no,no,NA,NA,NA,no,no,NA,NA,NA,no,no,NA,NA,NA,partial,CatA1_Phe.352__CatA1_Phe__CatA1__1470,99.75,24.4,partial,no,CatBx_Phe.371__CatBx_Phe__CatB4__602,100.0,22.8,no,no,no,NA,NA,NA,yes,yes,DfrA1_Tmt.430__DfrA1_Tmt__DfrA1__319,99.79,45.1,yes,no,no,NA,NA,NA,no,no,NA,NA,NA,no,no,NA,NA,NA,yes,yes,MrdA_Bla.16__MrdA_Bla__MrdA__836,99.0,44.4,no,no,no,NA,NA,NA,no,no,NA,NA,NA,no,no,NA,NA,NA,yes,yes,StrA_AGly.263__StrA_AGly__StrA__1501,99.88,29.7,yes,yes,StrB_AGly.227__StrB_AGly__StrB__1614,100.0,37.3,yes,yes,SulII_Sul.256__SulII_Sul__SulII__1219,99.63,23.3,yes,yes,yes,SulI_Sul.225__SulI_Sul__SulI__1616,100.0,22.5,yes,yes,TEM_1D_Bla.205__TEM_1D_Bla__TEM_95__948,99.88,41.5,yes,yes,yes,TetA_Tet.52__TetA_Tet__TetA__1545,100.0,35.9,no,no,NA,NA,NA,NA,fragmented,TetW_Tet.15__TetW_Tet__TetW__833,99.91,4.8,yes
./ariba_amr_results/SRR4897282_trimmed/report.tsv,yes,yes,AMPH_Ecoli_Bla.89__AMPH_Ecoli_Bla__AMPH__615,99.48,43.3,no,no,NA,NA,NA,NA,no,NA,NA,NA,NA,no,no,NA,NA,NA,NA,no,no,NA,NA,NA,no,no,NA,NA,NA,NA,yes,yes,AmpC1_Ecoli_Bla.49__AmpC1_Ecoli_Bla__AmpC1__1670,96.86,26.9,yes,yes,yes,AmpC2_Ecoli_Bla.99__AmpC2_Ecoli_Bla__AmpC2__346,97.35,39.9,yes,no,no,NA,NA,NA,no,no,NA,NA,NA,no,no,NA,NA,NA,no,NA,NA,NA,no,no,NA,NA,NA,NA,no,no,NA,NA,NA,no,no,NA,NA,NA,NA,no,no,NA,NA,NA,no,no,NA,NA,NA,no,no,NA,NA,NA,yes,yes,MrdA_Bla.16__MrdA_Bla__MrdA__836,99.0,44.1,no,no,no,NA,NA,NA,no,no,NA,NA,NA,no,no,NA,NA,NA,no,no,NA,NA,NA,no,no,NA,NA,NA,no,no,NA,NA,NA,NA,no,no,NA,NA,NA,no,no,NA,NA,NA,NA,no,no,NA,NA,NA,no,no,NA,NA,NA,NA,no,NA,NA,NA,NA
./ariba_amr_results/SRR7500986_trimmed/report.tsv,yes,yes,AMPH_Ecoli_Bla.89__AMPH_Ecoli_Bla__AMPH__615,100.0,67.3,no,no,NA,NA,NA,NA,no,NA,NA,NA,NA,no,no,NA,NA,NA,NA,no,no,NA,NA,NA,no,no,NA,NA,NA,NA,interrupted,no,AmpC1_Ecoli_Bla.49__AmpC1_Ecoli_Bla__AmpC1__1670,99.92,58.1,yes,yes,yes,AmpC2_Ecoli_Bla.99__AmpC2_Ecoli_Bla__AmpC2__346,100.0,76.2,no,no,no,NA,NA,NA,no,no,NA,NA,NA,no,no,NA,NA,NA,no,NA,NA,NA,partial,no,CatBx_Phe.371__CatBx_Phe__CatB4__602,98.26,2.2,yes,no,no,NA,NA,NA,no,no,NA,NA,NA,NA,no,no,NA,NA,NA,no,no,NA,NA,NA,no,no,NA,NA,NA,yes,yes,MrdA_Bla.16__MrdA_Bla__MrdA__836,100.0,85.2,no,no,no,NA,NA,NA,no,no,NA,NA,NA,no,no,NA,NA,NA,no,no,NA,NA,NA,no,no,NA,NA,NA,no,no,NA,NA,NA,NA,no,no,NA,NA,NA,no,no,NA,NA,NA,NA,partial,no,TetA_Tet.52__TetA_Tet__TetA__1545,100.0,2.6,no,no,NA,NA,NA,NA,no,NA,NA,NA,NA
./ariba_amr_results/SRR7500987_trimmed/report.tsv,yes,yes,AMPH_Ecoli_Bla.89__AMPH_Ecoli_Bla__AMPH__615,98.88,69.7,no,no,NA,NA,NA,NA,no,NA,NA,NA,NA,no,no,NA,NA,NA,NA,no,no,NA,NA,NA,no,no,NA,NA,NA,NA,yes,yes,AmpC1_Ecoli_Bla.49__AmpC1_Ecoli_Bla__AmpC1__1670,98.16,50.0,yes,yes,yes,AmpC2_Ecoli_Bla.99__AmpC2_Ecoli_Bla__AmpC2__346,97.71,75.2,yes,no,no,NA,NA,NA,no,no,NA,NA,NA,no,no,NA,NA,NA,no,NA,NA,NA,no,no,NA,NA,NA,NA,no,no,NA,NA,NA,no,no,NA,NA,NA,NA,no,no,NA,NA,NA,no,no,NA,NA,NA,no,no,NA,NA,NA,yes,yes,MrdA_Bla.16__MrdA_Bla__MrdA__836,99.37,77.7,no,no,no,NA,NA,NA,no,no,NA,NA,NA,no,no,NA,NA,NA,no,no,NA,NA,NA,no,no,NA,NA,NA,no,no,NA,NA,NA,NA,no,no,NA,NA,NA,no,no,NA,NA,NA,NA,no,no,NA,NA,NA,no,no,NA,NA,NA,NA,no,NA,NA,NA,NA
./ariba_amr_results/SRR7500988_trimmed/report.tsv,yes,yes,AMPH_Ecoli_Bla.89__AMPH_Ecoli_Bla__AMPH__615,98.7,27.0,no,no,NA,NA,NA,NA,no,NA,NA,NA,NA,no,no,NA,NA,NA,NA,no,no,NA,NA,NA,no,no,NA,NA,NA,NA,yes,yes,AmpC1_Ecoli_Bla.49__AmpC1_Ecoli_Bla__AmpC1__1670,98.62,25.9,yes,yes,yes,AmpC2_Ecoli_Bla.99__AmpC2_Ecoli_Bla__AmpC2__346,97.71,25.8,yes,no,no,NA,NA,NA,no,no,NA,NA,NA,no,no,NA,NA,NA,no,NA,NA,NA,no,no,NA,NA,NA,NA,no,no,NA,NA,NA,no,no,NA,NA,NA,NA,no,no,NA,NA,NA,no,no,NA,NA,NA,no,no,NA,NA,NA,yes,yes,MrdA_Bla.16__MrdA_Bla__MrdA__836,98.69,29.1,no,no,no,NA,NA,NA,no,no,NA,NA,NA,no,no,NA,NA,NA,no,no,NA,NA,NA,no,no,NA,NA,NA,no,no,NA,NA,NA,NA,no,no,NA,NA,NA,no,no,NA,NA,NA,NA,no,no,NA,NA,NA,no,no,NA,NA,NA,NA,no,NA,NA,NA,NA
./ariba_amr_results/SRR7500999_trimmed/report.tsv,yes,yes,AMPH_Ecoli_Bla.89__AMPH_Ecoli_Bla__AMPH__615,98.88,32.3,no,no,NA,NA,NA,NA,no,NA,NA,NA,NA,no,no,NA,NA,NA,NA,no,no,NA,NA,NA,no,no,NA,NA,NA,NA,yes,yes,AmpC1_Ecoli_Bla.49__AmpC1_Ecoli_Bla__AmpC1__1670,100.0,33.8,no,yes,yes,AmpC2_Ecoli_Bla.99__AmpC2_Ecoli_Bla__AmpC2__346,97.53,26.4,yes,no,no,NA,NA,NA,no,no,NA,NA,NA,no,no,NA,NA,NA,no,NA,NA,NA,partial,no,CatBx_Phe.371__CatBx_Phe__CatB4__602,99.08,65.5,no,no,no,NA,NA,NA,no,no,NA,NA,NA,NA,no,no,NA,NA,NA,no,no,NA,NA,NA,no,no,NA,NA,NA,yes,yes,MrdA_Bla.16__MrdA_Bla__MrdA__836,99.37,43.4,no,no,no,NA,NA,NA,no,no,NA,NA,NA,no,no,NA,NA,NA,no,no,NA,NA,NA,no,no,NA,NA,NA,no,no,NA,NA,NA,NA,no,no,NA,NA,NA,no,no,NA,NA,NA,NA,no,no,NA,NA,NA,no,no,NA,NA,NA,NA,no,NA,NA,NA,NA
./ariba_amr_results/SRR7501002_trimmed/report.tsv,yes,yes,AMPH_Ecoli_Bla.89__AMPH_Ecoli_Bla__AMPH__615,98.88,40.8,yes,no,NA,NA,NA,NA,no,NA,NA,NA,NA,no,no,NA,NA,NA,NA,no,no,NA,NA,NA,no,no,NA,NA,NA,NA,yes,yes,AmpC1_Ecoli_Bla.49__AmpC1_Ecoli_Bla__AmpC1__1670,96.86,32.5,yes,yes,yes,AmpC2_Ecoli_Bla.99__AmpC2_Ecoli_Bla__AmpC2__346,97.35,56.6,yes,no,no,NA,NA,NA,no,no,NA,NA,NA,no,no,NA,NA,NA,no,NA,NA,NA,partial,no,CatBx_Phe.371__CatBx_Phe__CatB4__602,100.0,69.5,no,no,no,NA,NA,NA,no,no,NA,NA,NA,NA,no,no,NA,NA,NA,no,no,NA,NA,NA,no,no,NA,NA,NA,yes,yes,MrdA_Bla.16__MrdA_Bla__MrdA__836,99.74,58.4,no,no,no,NA,NA,NA,no,no,NA,NA,NA,no,no,NA,NA,NA,no,no,NA,NA,NA,no,no,NA,NA,NA,no,no,NA,NA,NA,NA,no,no,NA,NA,NA,no,no,NA,NA,NA,NA,no,no,NA,NA,NA,no,no,NA,NA,NA,NA,no,NA,NA,NA,NA
./ariba_amr_results/SRR7501003_trimmed/report.tsv,yes,yes,AMPH_Ecoli_Bla.89__AMPH_Ecoli_Bla__AMPH__615,99.48,30.3,no,no,NA,NA,NA,NA,no,NA,NA,NA,NA,no,no,NA,NA,NA,NA,no,no,NA,NA,NA,no,no,NA,NA,NA,NA,yes,yes,AmpC1_Ecoli_Bla.49__AmpC1_Ecoli_Bla__AmpC1__1670,96.93,17.3,yes,yes,yes,AmpC2_Ecoli_Bla.99__AmpC2_Ecoli_Bla__AmpC2__346,97.35,29.6,yes,no,no,NA,NA,NA,no,no,NA,NA,NA,no,no,NA,NA,NA,no,NA,NA,NA,no,no,NA,NA,NA,NA,no,no,NA,NA,NA,no,no,NA,NA,NA,NA,no,no,NA,NA,NA,no,no,NA,NA,NA,no,no,NA,NA,NA,yes,yes,MrdA_Bla.16__MrdA_Bla__MrdA__836,99.0,35.3,no,no,no,NA,NA,NA,no,no,NA,NA,NA,no,no,NA,NA,NA,no,no,NA,NA,NA,no,no,NA,NA,NA,no,no,NA,NA,NA,NA,no,no,NA,NA,NA,no,no,NA,NA,NA,NA,no,no,NA,NA,NA,no,no,NA,NA,NA,NA,no,NA,NA,NA,NA
./ariba_amr_results/SRR7501005_trimmed/report.tsv,yes,yes,AMPH_Ecoli_Bla.89__AMPH_Ecoli_Bla__AMPH__615,99.31,64.0,no,no,NA,NA,NA,NA,no,NA,NA,NA,NA,no,no,NA,NA,NA,NA,no,no,NA,NA,NA,no,no,NA,NA,NA,NA,yes,yes,AmpC1_Ecoli_Bla.49__AmpC1_Ecoli_Bla__AmpC1__1670,95.94,38.9,yes,yes,yes,AmpC2_Ecoli_Bla.99__AmpC2_Ecoli_Bla__AmpC2__346,97.88,43.0,yes,no,no,NA,NA,NA,no,no,NA,NA,NA,no,no,NA,NA,NA,no,NA,NA,NA,no,no,NA,NA,NA,NA,no,no,NA,NA,NA,no,no,NA,NA,NA,NA,no,no,NA,NA,NA,no,no,NA,NA,NA,no,no,NA,NA,NA,yes,yes,MrdA_Bla.16__MrdA_Bla__MrdA__836,98.69,59.6,no,no,no,NA,NA,NA,no,no,NA,NA,NA,no,no,NA,NA,NA,no,no,NA,NA,NA,no,no,NA,NA,NA,no,no,NA,NA,NA,NA,no,no,NA,NA,NA,no,no,NA,NA,NA,NA,no,no,NA,NA,NA,no,no,NA,NA,NA,NA,no,NA,NA,NA,NA
./ariba_amr_results/SRR7501108_trimmed/report.tsv,yes,yes,AMPH_Ecoli_Bla.89__AMPH_Ecoli_Bla__AMPH__615,98.88,54.0,yes,interrupted,Aac3_Iva_AGly.289__Aac3_Iva_AGly__Aac3_Iva__1489,99.87,19.8,yes,interrupted,Aac3_VIa_AGly.162__Aac3_VIa_AGly__Aac3_VIa__1452,99.77,66.2,yes,no,no,NA,NA,NA,NA,no,no,NA,NA,NA,yes,yes,AadA_AGly.229__AadA_AGly__AadA1__1598,99.37,116.6,yes,yes,yes,AmpC1_Ecoli_Bla.49__AmpC1_Ecoli_Bla__AmpC1__1670,99.16,49.9,yes,yes,yes,AmpC2_Ecoli_Bla.99__AmpC2_Ecoli_Bla__AmpC2__346,97.62,50.1,yes,no,no,NA,NA,NA,yes,yes,Aph4_Ia_AGly.121__Aph4_Ia_AGly__Aph4_Ia__1061,100.0,20.8,no,no,NA,NA,NA,no,NA,NA,NA,partial,no,CatBx_Phe.371__CatBx_Phe__CatB4__602,99.07,17.1,no,no,no,NA,NA,NA,no,no,NA,NA,NA,NA,no,no,NA,NA,NA,no,no,NA,NA,NA,no,no,NA,NA,NA,yes,yes,MrdA_Bla.16__MrdA_Bla__MrdA__836,99.37,70.1,no,no,no,NA,NA,NA,no,no,NA,NA,NA,no,no,NA,NA,NA,no,no,NA,NA,NA,no,no,NA,NA,NA,no,no,NA,NA,NA,NA,yes,yes,SulI_Sul.225__SulI_Sul__SulI__1616,100.0,69.6,no,no,NA,NA,NA,NA,no,no,NA,NA,NA,no,no,NA,NA,NA,NA,no,NA,NA,NA,NA
./ariba_amr_results/SRR7501109_trimmed/report.tsv,yes,yes,AMPH_Ecoli_Bla.89__AMPH_Ecoli_Bla__AMPH__615,99.48,35.8,no,no,NA,NA,NA,NA,no,NA,NA,NA,NA,no,no,NA,NA,NA,NA,no,no,NA,NA,NA,no,no,NA,NA,NA,NA,yes,yes,AmpC1_Ecoli_Bla.49__AmpC1_Ecoli_Bla__AmpC1__1670,96.93,21.4,yes,yes,yes,AmpC2_Ecoli_Bla.99__AmpC2_Ecoli_Bla__AmpC2__346,97.35,35.3,yes,no,no,NA,NA,NA,no,no,NA,NA,NA,no,no,NA,NA,NA,no,NA,NA,NA,no,no,NA,NA,NA,NA,no,no,NA,NA,NA,no,no,NA,NA,NA,NA,no,no,NA,NA,NA,no,no,NA,NA,NA,no,no,NA,NA,NA,yes,yes,MrdA_Bla.16__MrdA_Bla__MrdA__836,99.0,38.3,no,no,no,NA,NA,NA,no,no,NA,NA,NA,no,no,NA,NA,NA,yes,yes,StrA_AGly.263__StrA_AGly__StrA__1501,100.0,20.2,yes,yes,StrB_AGly.227__StrB_AGly__StrB__1614,100.0,25.1,yes,yes,SulII_Sul.256__SulII_Sul__SulII__1219,100.0,18.6,no,no,no,NA,NA,NA,no,no,NA,NA,NA,NA,no,no,NA,NA,NA,yes,yes,TetB_Tet.67__TetB_Tet__TetB__1213,99.75,29.4,yes,no,NA,NA,NA,NA
./ariba_amr_results/SRR7588673_trimmed/report.tsv,yes,yes,AMPH_Ecoli_Bla.89__AMPH_Ecoli_Bla__AMPH__615,99.48,65.7,no,no,NA,NA,NA,NA,no,NA,NA,NA,NA,no,no,NA,NA,NA,NA,no,no,NA,NA,NA,no,no,NA,NA,NA,NA,yes,yes,AmpC1_Ecoli_Bla.49__AmpC1_Ecoli_Bla__AmpC1__1670,96.93,27.6,yes,yes,yes,AmpC2_Ecoli_Bla.99__AmpC2_Ecoli_Bla__AmpC2__346,97.35,39.5,yes,no,no,NA,NA,NA,no,no,NA,NA,NA,no,no,NA,NA,NA,no,NA,NA,NA,no,no,NA,NA,NA,NA,no,no,NA,NA,NA,no,no,NA,NA,NA,NA,no,no,NA,NA,NA,no,no,NA,NA,NA,no,no,NA,NA,NA,yes,yes,MrdA_Bla.16__MrdA_Bla__MrdA__836,99.0,61.9,no,no,no,NA,NA,NA,no,no,NA,NA,NA,no,no,NA,NA,NA,no,no,NA,NA,NA,no,no,NA,NA,NA,no,no,NA,NA,NA,NA,no,no,NA,NA,NA,no,no,NA,NA,NA,NA,no,no,NA,NA,NA,no,no,NA,NA,NA,NA,no,NA,NA,NA,NA
./ariba_amr_results/esc_ka5994aa_as/report.tsv,yes,yes,AMPH_Ecoli_Bla.89__AMPH_Ecoli_Bla__AMPH__615,99.05,44.3,yes,no,NA,NA,NA,NA,no,NA,NA,NA,NA,no,no,NA,NA,NA,NA,no,no,NA,NA,NA,no,no,NA,NA,NA,NA,yes,yes,AmpC1_Ecoli_Bla.49__AmpC1_Ecoli_Bla__AmpC1__1670,98.16,41.7,yes,yes,yes,AmpC2_Ecoli_Bla.99__AmpC2_Ecoli_Bla__AmpC2__346,97.71,47.4,yes,no,no,NA,NA,NA,no,no,NA,NA,NA,no,no,NA,NA,NA,no,NA,NA,NA,no,no,NA,NA,NA,NA,no,no,NA,NA,NA,no,no,NA,NA,NA,NA,no,no,NA,NA,NA,no,no,NA,NA,NA,no,no,NA,NA,NA,yes,yes,MrdA_Bla.16__MrdA_Bla__MrdA__836,98.69,48.3,no,no,no,NA,NA,NA,no,no,NA,NA,NA,no,no,NA,NA,NA,no,no,NA,NA,NA,no,no,NA,NA,NA,no,no,NA,NA,NA,NA,no,no,NA,NA,NA,no,no,NA,NA,NA,NA,no,no,NA,NA,NA,no,no,NA,NA,NA,NA,no,NA,NA,NA,NA
