name,AMPH_Ecoli_Bla.assembled,AMPH_Ecoli_Bla.match,AMPH_Ecoli_Bla.ref_seq,AMPH_Ecoli_Bla.pct_id,AMPH_Ecoli_Bla.ctg_cov,AMPH_Ecoli_Bla.novel_var,Aac3_IIa_AGly.assembled,Aac3_IIa_AGly.match,Aac3_IIa_AGly.ref_seq,Aac3_IIa_AGly.pct_id,Aac3_IIa_AGly.ctg_cov,Aac3_Iva_AGly.assembled,Aac3_Iva_AGly.ref_seq,Aac3_Iva_AGly.pct_id,Aac3_Iva_AGly.ctg_cov,Aac3_Iva_AGly.novel_var,AacAad_AGly_3.assembled,AacAad_AGly_3.match,AacAad_AGly_3.ref_seq,AacAad_AGly_3.pct_id,AacAad_AGly_3.ctg_cov,AadA4_5_AGly.assembled,AadA4_5_AGly.match,AadA4_5_AGly.ref_seq,AadA4_5_AGly.pct_id,AadA4_5_AGly.ctg_cov,AadA_AGly.assembled,AadA_AGly.match,AadA_AGly.ref_seq,AadA_AGly.pct_id,AadA_AGly.ctg_cov,AadA_AGly.novel_var,AadA_AGly_2.assembled,AadA_AGly_2.match,AadA_AGly_2.ref_seq,AadA_AGly_2.pct_id,AadA_AGly_2.ctg_cov,AadA_AGly_2.novel_var,AmpC1_Ecoli_Bla.assembled,AmpC1_Ecoli_Bla.match,AmpC1_Ecoli_Bla.ref_seq,AmpC1_Ecoli_Bla.pct_id,AmpC1_Ecoli_Bla.ctg_cov,AmpC1_Ecoli_Bla.novel_var,AmpC2_Ecoli_Bla.assembled,AmpC2_Ecoli_Bla.match,AmpC2_Ecoli_Bla.ref_seq,AmpC2_Ecoli_Bla.pct_id,AmpC2_Ecoli_Bla.ctg_cov,AmpC2_Ecoli_Bla.novel_var,Aph3__Ia_AGly.assembled,Aph3__Ia_AGly.match,Aph3__Ia_AGly.ref_seq,Aph3__Ia_AGly.pct_id,Aph3__Ia_AGly.ctg_cov,Aph3__Ia_AGly.novel_var,Aph4_Ia_AGly.assembled,Aph4_Ia_AGly.match,Aph4_Ia_AGly.ref_seq,Aph4_Ia_AGly.pct_id,Aph4_Ia_AGly.ctg_cov,CTX_M_1_Bla.assembled,CTX_M_1_Bla.match,CTX_M_1_Bla.ref_seq,CTX_M_1_Bla.pct_id,CTX_M_1_Bla.ctg_cov,CatA1_Phe.assembled,CatA1_Phe.match,CatA1_Phe.ref_seq,CatA1_Phe.pct_id,CatA1_Phe.ctg_cov,CatBx_Phe.assembled,CatBx_Phe.match,CatBx_Phe.ref_seq,CatBx_Phe.pct_id,CatBx_Phe.ctg_cov,CatBx_Phe.novel_var,CmlA_Phe.assembled,CmlA_Phe.match,CmlA_Phe.ref_seq,CmlA_Phe.pct_id,CmlA_Phe.ctg_cov,CmlA_Phe.novel_var,DfrA1_Tmt_1.assembled,DfrA1_Tmt_1.match,DfrA1_Tmt_1.ref_seq,DfrA1_Tmt_1.pct_id,DfrA1_Tmt_1.ctg_cov,DfrA1_Tmt_1.novel_var,DfrA5_Tmt_1.assembled,DfrA5_Tmt_1.match,DfrA5_Tmt_1.ref_seq,DfrA5_Tmt_1.pct_id,DfrA5_Tmt_1.ctg_cov,DfrA7_Tmt.assembled,DfrA7_Tmt.match,DfrA7_Tmt.ref_seq,DfrA7_Tmt.pct_id,DfrA7_Tmt.ctg_cov,DfrA8_Tmt.assembled,DfrA8_Tmt.match,DfrA8_Tmt.ref_seq,DfrA8_Tmt.pct_id,DfrA8_Tmt.ctg_cov,FloR_Phe.assembled,FloR_Phe.match,FloR_Phe.ref_seq,FloR_Phe.pct_id,FloR_Phe.ctg_cov,FloR_Phe.novel_var,MefB_MLS.assembled,MefB_MLS.ref_seq,MefB_MLS.pct_id,MefB_MLS.ctg_cov,MphA_MLS.assembled,MphA_MLS.match,MphA_MLS.ref_seq,MphA_MLS.pct_id,MphA_MLS.ctg_cov,MphB_MLS.assembled,MphB_MLS.match,MphB_MLS.ref_seq,MphB_MLS.pct_id,MphB_MLS.ctg_cov,MrdA_Bla.assembled,MrdA_Bla.match,MrdA_Bla.ref_seq,MrdA_Bla.pct_id,MrdA_Bla.ctg_cov,MrdA_Bla.novel_var,OXA_1_Bla.assembled,OXA_1_Bla.match,OXA_1_Bla.ref_seq,OXA_1_Bla.pct_id,OXA_1_Bla.ctg_cov,QnrB_Flq.assembled,QnrB_Flq.ref_seq,QnrB_Flq.pct_id,QnrB_Flq.ctg_cov,Qnr_S_Flq_1.assembled,Qnr_S_Flq_1.match,Qnr_S_Flq_1.ref_seq,Qnr_S_Flq_1.pct_id,Qnr_S_Flq_1.ctg_cov,StrA_AGly.assembled,StrA_AGly.match,StrA_AGly.ref_seq,StrA_AGly.pct_id,StrA_AGly.ctg_cov,StrB_AGly.assembled,StrB_AGly.match,StrB_AGly.ref_seq,StrB_AGly.pct_id,StrB_AGly.ctg_cov,StrB_AGly.novel_var,SulIII_Sul.assembled,SulIII_Sul.match,SulIII_Sul.ref_seq,SulIII_Sul.pct_id,SulIII_Sul.ctg_cov,SulII_Sul.assembled,SulII_Sul.match,SulII_Sul.ref_seq,SulII_Sul.pct_id,SulII_Sul.ctg_cov,SulII_Sul.novel_var,SulI_Sul.assembled,SulI_Sul.match,SulI_Sul.ref_seq,SulI_Sul.pct_id,SulI_Sul.ctg_cov,SulI_Sul.novel_var,TEM_1D_Bla.assembled,TEM_1D_Bla.match,TEM_1D_Bla.ref_seq,TEM_1D_Bla.pct_id,TEM_1D_Bla.ctg_cov,TEM_1D_Bla.novel_var,TetA_Tet.assembled,TetA_Tet.match,TetA_Tet.ref_seq,TetA_Tet.pct_id,TetA_Tet.ctg_cov,TetB_Tet.assembled,TetB_Tet.match,TetB_Tet.ref_seq,TetB_Tet.pct_id,TetB_Tet.ctg_cov,TetB_Tet.novel_var
./ariba_amr_results/JHRY00000000/report.tsv,yes,yes,AMPH_Ecoli_Bla.89__AMPH_Ecoli_Bla__AMPH__615,99.31,46.4,no,no,no,NA,NA,NA,no,NA,NA,NA,NA,no,no,NA,NA,NA,no,no,NA,NA,NA,yes,yes,AadA_AGly.229__AadA_AGly__AadA1__1598,99.62,46.6,no,no,no,NA,NA,NA,NA,yes,yes,AmpC1_Ecoli_Bla.49__AmpC1_Ecoli_Bla__AmpC1__1670,98.38,41.5,yes,yes,yes,AmpC2_Ecoli_Bla.99__AmpC2_Ecoli_Bla__AmpC2__346,97.71,47.6,yes,no,no,NA,NA,NA,NA,no,no,NA,NA,NA,no,no,NA,NA,NA,no,no,NA,NA,NA,partial,no,CatBx_Phe.371__CatBx_Phe__CatB4__602,100.0,43.9,no,no,no,NA,NA,NA,NA,yes,yes,DfrA1_Tmt.430__DfrA1_Tmt__DfrA1__319,99.79,39.9,yes,no,no,NA,NA,NA,no,no,NA,NA,NA,no,no,NA,NA,NA,no,no,NA,NA,NA,NA,no,NA,NA,NA,no,no,NA,NA,NA,no,no,NA,NA,NA,yes,yes,MrdA_Bla.16__MrdA_Bla__MrdA__836,99.16,50.5,no,no,no,NA,NA,NA,no,NA,NA,NA,no,no,NA,NA,NA,partial,no,StrA_AGly.263__StrA_AGly__StrA__1501,99.76,35.9,no,no,NA,NA,NA,NA,no,no,NA,NA,NA,yes,yes,SulII_Sul.256__SulII_Sul__SulII__1219,100.0,46.8,no,yes,yes,SulI_Sul.225__SulI_Sul__SulI__1616,100.0,47.1,no,yes,yes,TEM_1D_Bla.205__TEM_1D_Bla__TEM_95__948,99.88,48.9,yes,no,no,NA,NA,NA,no,no,NA,NA,NA,NA
./ariba_amr_results/NC_010468/report.tsv,yes,yes,AMPH_Ecoli_Bla.89__AMPH_Ecoli_Bla__AMPH__615,98.96,44.1,no,no,no,NA,NA,NA,no,NA,NA,NA,NA,no,no,NA,NA,NA,no,no,NA,NA,NA,no,no,NA,NA,NA,NA,no,no,NA,NA,NA,NA,yes,yes,AmpC1_Ecoli_Bla.49__AmpC1_Ecoli_Bla__AmpC1__1670,99.23,49.9,yes,yes,yes,AmpC2_Ecoli_Bla.99__AmpC2_Ecoli_Bla__AmpC2__346,98.5,43.4,yes,no,no,NA,NA,NA,NA,no,no,NA,NA,NA,no,no,NA,NA,NA,no,no,NA,NA,NA,no,no,NA,NA,NA,NA,no,no,NA,NA,NA,NA,no,no,NA,NA,NA,NA,no,no,NA,NA,NA,no,no,NA,NA,NA,no,no,NA,NA,NA,no,no,NA,NA,NA,NA,no,NA,NA,NA,no,no,NA,NA,NA,no,no,NA,NA,NA,yes,yes,MrdA_Bla.16__MrdA_Bla__MrdA__836,99.74,52.7,no,no,no,NA,NA,NA,no,NA,NA,NA,no,no,NA,NA,NA,no,no,NA,NA,NA,no,no,NA,NA,NA,NA,no,no,NA,NA,NA,no,no,NA,NA,NA,NA,no,no,NA,NA,NA,NA,no,no,NA,NA,NA,NA,no,no,NA,NA,NA,no,no,NA,NA,NA,NA
./ariba_amr_results/SRR1314407_trimmed/report.tsv,yes,yes,AMPH_Ecoli_Bla.89__AMPH_Ecoli_Bla__AMPH__615,97.41,33.2,yes,no,no,NA,NA,NA,no,NA,NA,NA,NA,no,no,NA,NA,NA,no,no,NA,NA,NA,no,no,NA,NA,NA,NA,no,no,NA,NA,NA,NA,partial,no,AmpC1_Ecoli_Bla.49__AmpC1_Ecoli_Bla__AmpC1__1670,97.18,5.0,yes,yes,yes,AmpC2_Ecoli_Bla.99__AmpC2_Ecoli_Bla__AmpC2__346,98.15,36.2,yes,no,no,NA,NA,NA,NA,no,no,NA,NA,NA,no,no,NA,NA,NA,no,no,NA,NA,NA,no,no,NA,NA,NA,NA,no,no,NA,NA,NA,NA,no,no,NA,NA,NA,NA,no,no,NA,NA,NA,no,no,NA,NA,NA,no,no,NA,NA,NA,no,no,NA,NA,NA,NA,no,NA,NA,NA,no,no,NA,NA,NA,no,no,NA,NA,NA,yes,yes,MrdA_Bla.16__MrdA_Bla__MrdA__836,98.26,38.4,no,no,no,NA,NA,NA,no,NA,NA,NA,no,no,NA,NA,NA,no,no,NA,NA,NA,partial,no,StrB_AGly.227__StrB_AGly__StrB__1614,99.56,2.2,no,no,no,NA,NA,NA,no,no,NA,NA,NA,NA,no,no,NA,NA,NA,NA,partial,no,TEM_1D_Bla.205__TEM_1D_Bla__TEM_1__888,99.59,1.6,no,no,no,NA,NA,NA,no,no,NA,NA,NA,NA
./ariba_amr_results/SRR4176975_trimmed/report.tsv,yes,yes,AMPH_Ecoli_Bla.89__AMPH_Ecoli_Bla__AMPH__615,97.41,28.9,yes,no,no,NA,NA,NA,no,NA,NA,NA,NA,no,no,NA,NA,NA,no,no,NA,NA,NA,no,no,NA,NA,NA,NA,no,no,NA,NA,NA,NA,partial,no,AmpC1_Ecoli_Bla.49__AmpC1_Ecoli_Bla__AmpC1__1670,95.18,4.5,yes,yes,yes,AmpC2_Ecoli_Bla.99__AmpC2_Ecoli_Bla__AmpC2__346,97.97,28.9,yes,no,no,NA,NA,NA,NA,no,no,NA,NA,NA,no,no,NA,NA,NA,no,no,NA,NA,NA,no,no,NA,NA,NA,NA,no,no,NA,NA,NA,NA,no,no,NA,NA,NA,NA,no,no,NA,NA,NA,no,no,NA,NA,NA,no,no,NA,NA,NA,no,no,NA,NA,NA,NA,no,NA,NA,NA,no,no,NA,NA,NA,no,no,NA,NA,NA,yes,yes,MrdA_Bla.16__MrdA_Bla__MrdA__836,98.53,34.0,no,no,no,NA,NA,NA,no,NA,NA,NA,no,no,NA,NA,NA,no,no,NA,NA,NA,no,no,NA,NA,NA,NA,no,no,NA,NA,NA,no,no,NA,NA,NA,NA,no,no,NA,NA,NA,NA,no,no,NA,NA,NA,NA,no,no,NA,NA,NA,no,no,NA,NA,NA,NA
./ariba_amr_results/SRR4788200_trimmed/report.tsv,yes,yes,AMPH_Ecoli_Bla.89__AMPH_Ecoli_Bla__AMPH__615,99.48,52.2,no,no,no,NA,NA,NA,no,NA,NA,NA,NA,no,no,NA,NA,NA,no,no,NA,NA,NA,no,no,NA,NA,NA,NA,no,no,NA,NA,NA,NA,yes,yes,AmpC1_Ecoli_Bla.49__AmpC1_Ecoli_Bla__AmpC1__1670,96.93,34.5,yes,yes,yes,AmpC2_Ecoli_Bla.99__AmpC2_Ecoli_Bla__AmpC2__346,97.35,48.2,yes,no,no,NA,NA,NA,NA,no,no,NA,NA,NA,no,no,NA,NA,NA,no,no,NA,NA,NA,no,no,NA,NA,NA,NA,no,no,NA,NA,NA,NA,no,no,NA,NA,NA,NA,no,no,NA,NA,NA,no,no,NA,NA,NA,no,no,NA,NA,NA,no,no,NA,NA,NA,NA,no,NA,NA,NA,no,no,NA,NA,NA,no,no,NA,NA,NA,yes,yes,MrdA_Bla.16__MrdA_Bla__MrdA__836,99.0,61.4,no,no,no,NA,NA,NA,no,NA,NA,NA,no,no,NA,NA,NA,no,no,NA,NA,NA,no,no,NA,NA,NA,NA,no,no,NA,NA,NA,no,no,NA,NA,NA,NA,no,no,NA,NA,NA,NA,no,no,NA,NA,NA,NA,no,no,NA,NA,NA,no,no,NA,NA,NA,NA
./ariba_amr_results/SRR5029817_trimmed/report.tsv,yes,yes,AMPH_Ecoli_Bla.89__AMPH_Ecoli_Bla__AMPH__615,98.7,41.6,no,no,no,NA,NA,NA,no,NA,NA,NA,NA,no,no,NA,NA,NA,no,no,NA,NA,NA,no,no,NA,NA,NA,NA,no,no,NA,NA,NA,NA,yes,yes,AmpC1_Ecoli_Bla.49__AmpC1_Ecoli_Bla__AmpC1__1670,98.08,30.0,yes,yes,yes,AmpC2_Ecoli_Bla.99__AmpC2_Ecoli_Bla__AmpC2__346,97.62,44.9,yes,no,no,NA,NA,NA,NA,no,no,NA,NA,NA,no,no,NA,NA,NA,no,no,NA,NA,NA,no,no,NA,NA,NA,NA,no,no,NA,NA,NA,NA,no,no,NA,NA,NA,NA,no,no,NA,NA,NA,no,no,NA,NA,NA,no,no,NA,NA,NA,no,no,NA,NA,NA,NA,no,NA,NA,NA,no,no,NA,NA,NA,no,no,NA,NA,NA,yes,yes,MrdA_Bla.16__MrdA_Bla__MrdA__836,98.79,47.9,no,no,no,NA,NA,NA,no,NA,NA,NA,no,no,NA,NA,NA,no,no,NA,NA,NA,no,no,NA,NA,NA,NA,no,no,NA,NA,NA,no,no,NA,NA,NA,NA,no,no,NA,NA,NA,NA,no,no,NA,NA,NA,NA,no,no,NA,NA,NA,no,no,NA,NA,NA,NA
./ariba_amr_results/SRR5029854_trimmed/report.tsv,yes,yes,AMPH_Ecoli_Bla.89__AMPH_Ecoli_Bla__AMPH__615,99.48,59.6,no,no,no,NA,NA,NA,no,NA,NA,NA,NA,no,no,NA,NA,NA,no,no,NA,NA,NA,no,no,NA,NA,NA,NA,no,no,NA,NA,NA,NA,yes,yes,AmpC1_Ecoli_Bla.49__AmpC1_Ecoli_Bla__AmpC1__1670,96.93,44.1,yes,yes,yes,AmpC2_Ecoli_Bla.99__AmpC2_Ecoli_Bla__AmpC2__346,97.35,46.4,yes,no,no,NA,NA,NA,NA,no,no,NA,NA,NA,no,no,NA,NA,NA,no,no,NA,NA,NA,no,no,NA,NA,NA,NA,no,no,NA,NA,NA,NA,no,no,NA,NA,NA,NA,no,no,NA,NA,NA,no,no,NA,NA,NA,no,no,NA,NA,NA,no,no,NA,NA,NA,NA,no,NA,NA,NA,no,no,NA,NA,NA,no,no,NA,NA,NA,yes,yes,MrdA_Bla.16__MrdA_Bla__MrdA__836,99.0,70.5,no,no,no,NA,NA,NA,no,NA,NA,NA,no,no,NA,NA,NA,no,no,NA,NA,NA,no,no,NA,NA,NA,NA,no,no,NA,NA,NA,no,no,NA,NA,NA,NA,no,no,NA,NA,NA,NA,no,no,NA,NA,NA,NA,no,no,NA,NA,NA,no,no,NA,NA,NA,NA
./ariba_amr_results/SRR5030805_trimmed/report.tsv,yes,yes,AMPH_Ecoli_Bla.89__AMPH_Ecoli_Bla__AMPH__615,100.0,34.2,no,no,no,NA,NA,NA,no,NA,NA,NA,NA,no,no,NA,NA,NA,no,no,NA,NA,NA,no,no,NA,NA,NA,NA,no,no,NA,NA,NA,NA,yes,yes,AmpC1_Ecoli_Bla.49__AmpC1_Ecoli_Bla__AmpC1__1670,100.0,25.3,no,yes,yes,AmpC2_Ecoli_Bla.99__AmpC2_Ecoli_Bla__AmpC2__346,100.0,37.3,no,no,no,NA,NA,NA,NA,no,no,NA,NA,NA,no,no,NA,NA,NA,no,no,NA,NA,NA,no,no,NA,NA,NA,NA,no,no,NA,NA,NA,NA,no,no,NA,NA,NA,NA,no,no,NA,NA,NA,no,no,NA,NA,NA,no,no,NA,NA,NA,no,no,NA,NA,NA,NA,no,NA,NA,NA,no,no,NA,NA,NA,no,no,NA,NA,NA,yes,yes,MrdA_Bla.16__MrdA_Bla__MrdA__836,100.0,39.4,no,no,no,NA,NA,NA,no,NA,NA,NA,no,no,NA,NA,NA,no,no,NA,NA,NA,no,no,NA,NA,NA,NA,no,no,NA,NA,NA,no,no,NA,NA,NA,NA,no,no,NA,NA,NA,NA,no,no,NA,NA,NA,NA,no,no,NA,NA,NA,no,no,NA,NA,NA,NA
./ariba_amr_results/SRR5031148_trimmed/report.tsv,yes,yes,AMPH_Ecoli_Bla.89__AMPH_Ecoli_Bla__AMPH__615,98.7,28.0,no,no,no,NA,NA,NA,no,NA,NA,NA,NA,no,no,NA,NA,NA,yes,yes,AadA4_5_AGly.285__AadA4_5_AGly__AadA5__1497,100.0,23.1,yes,yes,AadA_AGly.229__AadA_AGly__AadA1__1598,99.62,45.2,no,no,no,NA,NA,NA,NA,yes,yes,AmpC1_Ecoli_Bla.49__AmpC1_Ecoli_Bla__AmpC1__1670,98.16,28.2,yes,yes,yes,AmpC2_Ecoli_Bla.99__AmpC2_Ecoli_Bla__AmpC2__346,97.53,31.6,yes,no,no,NA,NA,NA,NA,no,no,NA,NA,NA,yes,yes,CTX_M_1_Bla.193__CTX_M_1_Bla__CTX_M_15__150,100.0,39.6,no,no,NA,NA,NA,partial,no,CatBx_Phe.371__CatBx_Phe__CatB4__602,100.0,90.3,no,no,no,NA,NA,NA,NA,yes,yes,DfrA1_Tmt.430__DfrA1_Tmt__DfrA1__319,99.79,58.2,yes,no,no,NA,NA,NA,yes,yes,DfrA7_Tmt.433__DfrA7_Tmt__DfrA17__316,100.0,41.6,no,no,NA,NA,NA,no,no,NA,NA,NA,NA,no,NA,NA,NA,no,no,NA,NA,NA,no,no,NA,NA,NA,yes,yes,MrdA_Bla.16__MrdA_Bla__MrdA__836,99.42,31.2,no,no,no,NA,NA,NA,no,NA,NA,NA,yes,yes,Qnr_S_Flq.357__Qnr_S_Flq__Qnr_S1__1455,100.0,43.5,no,no,NA,NA,NA,no,no,NA,NA,NA,NA,no,no,NA,NA,NA,yes,yes,SulII_Sul.256__SulII_Sul__SulII__1219,100.0,30.1,no,partial,no,SulI_Sul.225__SulI_Sul__SulI__1616,100.0,17.9,no,partial,no,TEM_1D_Bla.205__TEM_1D_Bla__TEM_1__888,99.62,45.2,yes,no,no,NA,NA,NA,no,no,NA,NA,NA,NA
./ariba_amr_results/SRR5034942_trimmed/report.tsv,yes,yes,AMPH_Ecoli_Bla.89__AMPH_Ecoli_Bla__AMPH__615,99.48,26.3,no,no,no,NA,NA,NA,no,NA,NA,NA,NA,no,no,NA,NA,NA,no,no,NA,NA,NA,no,no,NA,NA,NA,NA,no,no,NA,NA,NA,NA,yes,yes,AmpC1_Ecoli_Bla.49__AmpC1_Ecoli_Bla__AmpC1__1670,96.93,24.2,yes,yes,yes,AmpC2_Ecoli_Bla.99__AmpC2_Ecoli_Bla__AmpC2__346,97.35,23.9,yes,no,no,NA,NA,NA,NA,no,no,NA,NA,NA,no,no,NA,NA,NA,no,no,NA,NA,NA,no,no,NA,NA,NA,NA,no,no,NA,NA,NA,NA,no,no,NA,NA,NA,NA,no,no,NA,NA,NA,no,no,NA,NA,NA,no,no,NA,NA,NA,no,no,NA,NA,NA,NA,no,NA,NA,NA,no,no,NA,NA,NA,no,no,NA,NA,NA,yes,yes,MrdA_Bla.16__MrdA_Bla__MrdA__836,99.0,38.8,no,no,no,NA,NA,NA,no,NA,NA,NA,no,no,NA,NA,NA,no,no,NA,NA,NA,no,no,NA,NA,NA,NA,no,no,NA,NA,NA,no,no,NA,NA,NA,NA,no,no,NA,NA,NA,NA,no,no,NA,NA,NA,NA,no,no,NA,NA,NA,no,no,NA,NA,NA,NA
./ariba_amr_results/SRR5112858_trimmed/report.tsv,yes,yes,AMPH_Ecoli_Bla.89__AMPH_Ecoli_Bla__AMPH__615,98.79,40.1,yes,no,no,NA,NA,NA,no,NA,NA,NA,NA,no,no,NA,NA,NA,no,no,NA,NA,NA,no,no,NA,NA,NA,NA,no,no,NA,NA,NA,NA,yes,yes,AmpC1_Ecoli_Bla.49__AmpC1_Ecoli_Bla__AmpC1__1670,98.16,29.7,yes,yes,yes,AmpC2_Ecoli_Bla.99__AmpC2_Ecoli_Bla__AmpC2__346,97.71,43.0,yes,no,no,NA,NA,NA,NA,no,no,NA,NA,NA,no,no,NA,NA,NA,no,no,NA,NA,NA,no,no,NA,NA,NA,NA,no,no,NA,NA,NA,NA,no,no,NA,NA,NA,NA,no,no,NA,NA,NA,no,no,NA,NA,NA,no,no,NA,NA,NA,no,no,NA,NA,NA,NA,no,NA,NA,NA,no,no,NA,NA,NA,no,no,NA,NA,NA,yes,yes,MrdA_Bla.16__MrdA_Bla__MrdA__836,98.69,49.2,no,no,no,NA,NA,NA,no,NA,NA,NA,no,no,NA,NA,NA,no,no,NA,NA,NA,no,no,NA,NA,NA,NA,no,no,NA,NA,NA,no,no,NA,NA,NA,NA,no,no,NA,NA,NA,NA,no,no,NA,NA,NA,NA,no,no,NA,NA,NA,no,no,NA,NA,NA,NA
./ariba_amr_results/SRR6473143_trimmed/report.tsv,yes,yes,AMPH_Ecoli_Bla.89__AMPH_Ecoli_Bla__AMPH__615,99.4,56.2,yes,no,no,NA,NA,NA,no,NA,NA,NA,NA,no,no,NA,NA,NA,no,no,NA,NA,NA,no,no,NA,NA,NA,NA,no,no,NA,NA,NA,NA,yes,yes,AmpC1_Ecoli_Bla.49__AmpC1_Ecoli_Bla__AmpC1__1670,98.16,46.1,yes,yes,yes,AmpC2_Ecoli_Bla.99__AmpC2_Ecoli_Bla__AmpC2__346,97.71,53.9,yes,no,no,NA,NA,NA,NA,no,no,NA,NA,NA,no,no,NA,NA,NA,no,no,NA,NA,NA,partial,no,CatBx_Phe.371__CatBx_Phe__CatB4__602,100.0,71.4,no,no,no,NA,NA,NA,NA,no,no,NA,NA,NA,NA,no,no,NA,NA,NA,no,no,NA,NA,NA,no,no,NA,NA,NA,no,no,NA,NA,NA,NA,no,NA,NA,NA,no,no,NA,NA,NA,no,no,NA,NA,NA,yes,yes,MrdA_Bla.16__MrdA_Bla__MrdA__836,99.42,64.6,no,no,no,NA,NA,NA,no,NA,NA,NA,no,no,NA,NA,NA,yes,yes,StrA_AGly.263__StrA_AGly__StrA__1501,99.88,117.6,yes,yes,StrB_AGly.227__StrB_AGly__StrB__1614,100.0,159.9,no,no,no,NA,NA,NA,yes,yes,SulII_Sul.256__SulII_Sul__SulII__1219,99.63,85.9,yes,no,no,NA,NA,NA,NA,no,no,NA,NA,NA,NA,no,no,NA,NA,NA,no,no,NA,NA,NA,NA
./ariba_amr_results/SRR6872956_trimmed/report.tsv,yes,yes,AMPH_Ecoli_Bla.89__AMPH_Ecoli_Bla__AMPH__615,99.48,62.5,no,no,no,NA,NA,NA,no,NA,NA,NA,NA,no,no,NA,NA,NA,no,no,NA,NA,NA,no,no,NA,NA,NA,NA,no,no,NA,NA,NA,NA,yes,yes,AmpC1_Ecoli_Bla.49__AmpC1_Ecoli_Bla__AmpC1__1670,96.93,33.4,yes,yes,yes,AmpC2_Ecoli_Bla.99__AmpC2_Ecoli_Bla__AmpC2__346,97.35,45.1,yes,no,no,NA,NA,NA,NA,no,no,NA,NA,NA,no,no,NA,NA,NA,no,no,NA,NA,NA,no,no,NA,NA,NA,NA,no,no,NA,NA,NA,NA,no,no,NA,NA,NA,NA,no,no,NA,NA,NA,no,no,NA,NA,NA,no,no,NA,NA,NA,no,no,NA,NA,NA,NA,no,NA,NA,NA,no,no,NA,NA,NA,no,no,NA,NA,NA,yes,yes,MrdA_Bla.16__MrdA_Bla__MrdA__836,99.0,69.2,no,no,no,NA,NA,NA,no,NA,NA,NA,no,no,NA,NA,NA,no,no,NA,NA,NA,no,no,NA,NA,NA,NA,no,no,NA,NA,NA,no,no,NA,NA,NA,NA,no,no,NA,NA,NA,NA,no,no,NA,NA,NA,NA,no,no,NA,NA,NA,no,no,NA,NA,NA,NA
./ariba_amr_results/SRR6872957_trimmed/report.tsv,yes,yes,AMPH_Ecoli_Bla.89__AMPH_Ecoli_Bla__AMPH__615,99.48,36.8,no,no,no,NA,NA,NA,no,NA,NA,NA,NA,no,no,NA,NA,NA,no,no,NA,NA,NA,no,no,NA,NA,NA,NA,no,no,NA,NA,NA,NA,yes,yes,AmpC1_Ecoli_Bla.49__AmpC1_Ecoli_Bla__AmpC1__1670,96.93,25.3,yes,yes,yes,AmpC2_Ecoli_Bla.99__AmpC2_Ecoli_Bla__AmpC2__346,97.35,28.6,yes,no,no,NA,NA,NA,NA,no,no,NA,NA,NA,no,no,NA,NA,NA,no,no,NA,NA,NA,no,no,NA,NA,NA,NA,no,no,NA,NA,NA,NA,no,no,NA,NA,NA,NA,no,no,NA,NA,NA,no,no,NA,NA,NA,no,no,NA,NA,NA,no,no,NA,NA,NA,NA,no,NA,NA,NA,no,no,NA,NA,NA,no,no,NA,NA,NA,yes,yes,MrdA_Bla.16__MrdA_Bla__MrdA__836,99.0,39.8,no,no,no,NA,NA,NA,no,NA,NA,NA,no,no,NA,NA,NA,no,no,NA,NA,NA,no,no,NA,NA,NA,NA,no,no,NA,NA,NA,no,no,NA,NA,NA,NA,no,no,NA,NA,NA,NA,no,no,NA,NA,NA,NA,no,no,NA,NA,NA,no,no,NA,NA,NA,NA
./ariba_amr_results/SRR6872961_trimmed/report.tsv,yes,yes,AMPH_Ecoli_Bla.89__AMPH_Ecoli_Bla__AMPH__615,99.48,61.1,no,no,no,NA,NA,NA,no,NA,NA,NA,NA,no,no,NA,NA,NA,no,no,NA,NA,NA,no,no,NA,NA,NA,NA,no,no,NA,NA,NA,NA,yes,yes,AmpC1_Ecoli_Bla.49__AmpC1_Ecoli_Bla__AmpC1__1670,96.93,29.4,yes,yes,yes,AmpC2_Ecoli_Bla.99__AmpC2_Ecoli_Bla__AmpC2__346,97.35,45.7,yes,no,no,NA,NA,NA,NA,no,no,NA,NA,NA,no,no,NA,NA,NA,no,no,NA,NA,NA,no,no,NA,NA,NA,NA,no,no,NA,NA,NA,NA,no,no,NA,NA,NA,NA,no,no,NA,NA,NA,no,no,NA,NA,NA,no,no,NA,NA,NA,no,no,NA,NA,NA,NA,no,NA,NA,NA,no,no,NA,NA,NA,no,no,NA,NA,NA,yes,yes,MrdA_Bla.16__MrdA_Bla__MrdA__836,99.0,59.3,no,no,no,NA,NA,NA,no,NA,NA,NA,no,no,NA,NA,NA,no,no,NA,NA,NA,no,no,NA,NA,NA,NA,no,no,NA,NA,NA,no,no,NA,NA,NA,NA,no,no,NA,NA,NA,NA,no,no,NA,NA,NA,NA,no,no,NA,NA,NA,no,no,NA,NA,NA,NA
./ariba_amr_results/SRR7283675_trimmed/report.tsv,yes,yes,AMPH_Ecoli_Bla.89__AMPH_Ecoli_Bla__AMPH__615,99.48,37.6,no,no,no,NA,NA,NA,no,NA,NA,NA,NA,no,no,NA,NA,NA,no,no,NA,NA,NA,no,no,NA,NA,NA,NA,no,no,NA,NA,NA,NA,yes,yes,AmpC1_Ecoli_Bla.49__AmpC1_Ecoli_Bla__AmpC1__1670,96.93,25.8,yes,yes,yes,AmpC2_Ecoli_Bla.99__AmpC2_Ecoli_Bla__AmpC2__346,97.35,27.0,yes,no,no,NA,NA,NA,NA,no,no,NA,NA,NA,no,no,NA,NA,NA,no,no,NA,NA,NA,no,no,NA,NA,NA,NA,no,no,NA,NA,NA,NA,no,no,NA,NA,NA,NA,no,no,NA,NA,NA,no,no,NA,NA,NA,no,no,NA,NA,NA,no,no,NA,NA,NA,NA,no,NA,NA,NA,no,no,NA,NA,NA,no,no,NA,NA,NA,yes,yes,MrdA_Bla.16__MrdA_Bla__MrdA__836,99.0,41.4,no,no,no,NA,NA,NA,no,NA,NA,NA,no,no,NA,NA,NA,no,no,NA,NA,NA,no,no,NA,NA,NA,NA,no,no,NA,NA,NA,no,no,NA,NA,NA,NA,no,no,NA,NA,NA,NA,no,no,NA,NA,NA,NA,no,no,NA,NA,NA,no,no,NA,NA,NA,NA
./ariba_amr_results/SRR7286473_trimmed/report.tsv,yes,yes,AMPH_Ecoli_Bla.89__AMPH_Ecoli_Bla__AMPH__615,99.31,64.3,no,no,no,NA,NA,NA,no,NA,NA,NA,NA,no,no,NA,NA,NA,no,no,NA,NA,NA,no,no,NA,NA,NA,NA,no,no,NA,NA,NA,NA,yes,yes,AmpC1_Ecoli_Bla.49__AmpC1_Ecoli_Bla__AmpC1__1670,98.16,36.0,yes,yes,yes,AmpC2_Ecoli_Bla.99__AmpC2_Ecoli_Bla__AmpC2__346,97.71,65.3,yes,no,no,NA,NA,NA,NA,no,no,NA,NA,NA,no,no,NA,NA,NA,no,no,NA,NA,NA,no,no,NA,NA,NA,NA,no,no,NA,NA,NA,NA,no,no,NA,NA,NA,NA,no,no,NA,NA,NA,no,no,NA,NA,NA,no,no,NA,NA,NA,no,no,NA,NA,NA,NA,no,NA,NA,NA,no,no,NA,NA,NA,no,no,NA,NA,NA,yes,yes,MrdA_Bla.16__MrdA_Bla__MrdA__836,98.79,69.6,no,no,no,NA,NA,NA,no,NA,NA,NA,no,no,NA,NA,NA,no,no,NA,NA,NA,no,no,NA,NA,NA,NA,no,no,NA,NA,NA,no,no,NA,NA,NA,NA,no,no,NA,NA,NA,NA,no,no,NA,NA,NA,NA,no,no,NA,NA,NA,no,no,NA,NA,NA,NA
./ariba_amr_results/SRR7286622_trimmed/report.tsv,yes,yes,AMPH_Ecoli_Bla.89__AMPH_Ecoli_Bla__AMPH__615,99.48,86.4,no,no,no,NA,NA,NA,no,NA,NA,NA,NA,no,no,NA,NA,NA,no,no,NA,NA,NA,no,no,NA,NA,NA,NA,no,no,NA,NA,NA,NA,yes,yes,AmpC1_Ecoli_Bla.49__AmpC1_Ecoli_Bla__AmpC1__1670,96.93,53.0,yes,yes,yes,AmpC2_Ecoli_Bla.99__AmpC2_Ecoli_Bla__AmpC2__346,97.35,61.2,yes,no,no,NA,NA,NA,NA,no,no,NA,NA,NA,no,no,NA,NA,NA,no,no,NA,NA,NA,partial,no,CatBx_Phe.371__CatBx_Phe__CatB4__602,100.0,88.7,no,no,no,NA,NA,NA,NA,no,no,NA,NA,NA,NA,no,no,NA,NA,NA,no,no,NA,NA,NA,yes,yes,DfrA8_Tmt.416__DfrA8_Tmt__DfrA8__1079,100.0,88.2,no,no,NA,NA,NA,NA,no,NA,NA,NA,no,no,NA,NA,NA,no,no,NA,NA,NA,yes,yes,MrdA_Bla.16__MrdA_Bla__MrdA__836,99.0,84.4,no,no,no,NA,NA,NA,partial,QnrB_Flq.344__QnrB_Flq__QnrB19__10,100.0,2.1,no,no,NA,NA,NA,yes,yes,StrA_AGly.263__StrA_AGly__StrA__1501,99.88,74.0,yes,yes,StrB_AGly.227__StrB_AGly__StrB__1614,100.0,97.0,no,no,no,NA,NA,NA,yes,yes,SulII_Sul.256__SulII_Sul__SulII__1219,99.63,56.8,yes,no,no,NA,NA,NA,NA,yes,yes,TEM_1D_Bla.205__TEM_1D_Bla__TEM_95__948,99.88,97.4,yes,yes,yes,TetA_Tet.52__TetA_Tet__TetA__1545,100.0,89.3,no,no,NA,NA,NA,NA
./ariba_amr_results/SRR7286655_trimmed/report.tsv,yes,yes,AMPH_Ecoli_Bla.89__AMPH_Ecoli_Bla__AMPH__615,99.48,48.0,no,no,no,NA,NA,NA,no,NA,NA,NA,NA,no,no,NA,NA,NA,no,no,NA,NA,NA,no,no,NA,NA,NA,NA,no,no,NA,NA,NA,NA,yes,yes,AmpC1_Ecoli_Bla.49__AmpC1_Ecoli_Bla__AmpC1__1670,96.93,31.3,yes,yes,yes,AmpC2_Ecoli_Bla.99__AmpC2_Ecoli_Bla__AmpC2__346,97.35,32.8,yes,no,no,NA,NA,NA,NA,no,no,NA,NA,NA,no,no,NA,NA,NA,no,no,NA,NA,NA,no,no,NA,NA,NA,NA,no,no,NA,NA,NA,NA,no,no,NA,NA,NA,NA,no,no,NA,NA,NA,no,no,NA,NA,NA,no,no,NA,NA,NA,no,no,NA,NA,NA,NA,no,NA,NA,NA,no,no,NA,NA,NA,no,no,NA,NA,NA,yes,yes,MrdA_Bla.16__MrdA_Bla__MrdA__836,99.0,44.9,no,no,no,NA,NA,NA,no,NA,NA,NA,no,no,NA,NA,NA,no,no,NA,NA,NA,no,no,NA,NA,NA,NA,no,no,NA,NA,NA,no,no,NA,NA,NA,NA,no,no,NA,NA,NA,NA,no,no,NA,NA,NA,NA,no,no,NA,NA,NA,no,no,NA,NA,NA,NA
./ariba_amr_results/SRR7290992_trimmed/report.tsv,yes,yes,AMPH_Ecoli_Bla.89__AMPH_Ecoli_Bla__AMPH__615,99.48,44.6,no,no,no,NA,NA,NA,no,NA,NA,NA,NA,no,no,NA,NA,NA,no,no,NA,NA,NA,no,no,NA,NA,NA,NA,no,no,NA,NA,NA,NA,yes,yes,AmpC1_Ecoli_Bla.49__AmpC1_Ecoli_Bla__AmpC1__1670,96.93,32.3,yes,yes,yes,AmpC2_Ecoli_Bla.99__AmpC2_Ecoli_Bla__AmpC2__346,97.35,39.3,yes,no,no,NA,NA,NA,NA,no,no,NA,NA,NA,no,no,NA,NA,NA,no,no,NA,NA,NA,no,no,NA,NA,NA,NA,no,no,NA,NA,NA,NA,no,no,NA,NA,NA,NA,no,no,NA,NA,NA,no,no,NA,NA,NA,no,no,NA,NA,NA,no,no,NA,NA,NA,NA,no,NA,NA,NA,no,no,NA,NA,NA,no,no,NA,NA,NA,yes,yes,MrdA_Bla.16__MrdA_Bla__MrdA__836,99.0,53.5,no,no,no,NA,NA,NA,no,NA,NA,NA,no,no,NA,NA,NA,no,no,NA,NA,NA,no,no,NA,NA,NA,NA,no,no,NA,NA,NA,no,no,NA,NA,NA,NA,no,no,NA,NA,NA,NA,no,no,NA,NA,NA,NA,no,no,NA,NA,NA,no,no,NA,NA,NA,NA
./ariba_amr_results/SRR7358287_trimmed/report.tsv,yes,yes,AMPH_Ecoli_Bla.89__AMPH_Ecoli_Bla__AMPH__615,99.48,63.2,no,no,no,NA,NA,NA,no,NA,NA,NA,NA,no,no,NA,NA,NA,no,no,NA,NA,NA,no,no,NA,NA,NA,NA,no,no,NA,NA,NA,NA,yes,yes,AmpC1_Ecoli_Bla.49__AmpC1_Ecoli_Bla__AmpC1__1670,96.93,33.1,yes,yes,yes,AmpC2_Ecoli_Bla.99__AmpC2_Ecoli_Bla__AmpC2__346,97.35,36.7,yes,no,no,NA,NA,NA,NA,no,no,NA,NA,NA,no,no,NA,NA,NA,no,no,NA,NA,NA,no,no,NA,NA,NA,NA,no,no,NA,NA,NA,NA,no,no,NA,NA,NA,NA,no,no,NA,NA,NA,no,no,NA,NA,NA,no,no,NA,NA,NA,no,no,NA,NA,NA,NA,no,NA,NA,NA,no,no,NA,NA,NA,no,no,NA,NA,NA,yes,yes,MrdA_Bla.16__MrdA_Bla__MrdA__836,99.0,72.6,no,no,no,NA,NA,NA,no,NA,NA,NA,no,no,NA,NA,NA,no,no,NA,NA,NA,no,no,NA,NA,NA,NA,no,no,NA,NA,NA,no,no,NA,NA,NA,NA,no,no,NA,NA,NA,NA,no,no,NA,NA,NA,NA,no,no,NA,NA,NA,no,no,NA,NA,NA,NA
./ariba_amr_results/SRR7367202_trimmed/report.tsv,yes,yes,AMPH_Ecoli_Bla.89__AMPH_Ecoli_Bla__AMPH__615,99.48,30.9,no,no,no,NA,NA,NA,interrupted,Aac3_Iva_AGly.289__Aac3_Iva_AGly__Aac3_Iva__1489,99.87,21.4,yes,no,no,NA,NA,NA,no,no,NA,NA,NA,yes,yes,AadA_AGly.229__AadA_AGly__AadA1__1598,99.62,20.9,no,no,no,NA,NA,NA,NA,yes,yes,AmpC1_Ecoli_Bla.49__AmpC1_Ecoli_Bla__AmpC1__1670,96.93,17.9,yes,yes,yes,AmpC2_Ecoli_Bla.99__AmpC2_Ecoli_Bla__AmpC2__346,97.35,23.1,yes,no,no,NA,NA,NA,NA,yes,yes,Aph4_Ia_AGly.121__Aph4_Ia_AGly__Aph4_Ia__1061,100.0,22.2,no,no,NA,NA,NA,no,no,NA,NA,NA,partial,no,CatBx_Phe.371__CatBx_Phe__CatB4__602,100.0,23.4,no,no,no,NA,NA,NA,NA,yes,yes,DfrA1_Tmt.430__DfrA1_Tmt__DfrA1__319,99.79,19.0,yes,no,no,NA,NA,NA,no,no,NA,NA,NA,no,no,NA,NA,NA,yes,yes,FloR_Phe.66__FloR_Phe__FloR__1212,99.67,26.8,yes,no,NA,NA,NA,no,no,NA,NA,NA,yes,yes,MphB_MLS.154__MphB_MLS__MphB__1639,100.0,38.4,yes,yes,MrdA_Bla.16__MrdA_Bla__MrdA__836,99.0,31.3,no,no,no,NA,NA,NA,no,NA,NA,NA,no,no,NA,NA,NA,yes,yes,StrA_AGly.263__StrA_AGly__StrA__1501,99.88,18.8,yes,yes,StrB_AGly.227__StrB_AGly__StrB__1614,100.0,19.0,no,no,no,NA,NA,NA,yes,yes,SulII_Sul.256__SulII_Sul__SulII__1219,99.63,15.9,yes,yes,yes,SulI_Sul.225__SulI_Sul__SulI__1616,100.0,15.4,no,yes,yes,TEM_1D_Bla.205__TEM_1D_Bla__TEM_95__948,99.88,24.5,yes,yes,yes,TetA_Tet.52__TetA_Tet__TetA__1545,100.0,30.9,no,no,NA,NA,NA,NA
./ariba_amr_results/SRR7367218_trimmed/report.tsv,yes,yes,AMPH_Ecoli_Bla.89__AMPH_Ecoli_Bla__AMPH__615,99.48,42.0,no,no,no,NA,NA,NA,no,NA,NA,NA,NA,no,no,NA,NA,NA,no,no,NA,NA,NA,no,no,NA,NA,NA,NA,no,no,NA,NA,NA,NA,yes,yes,AmpC1_Ecoli_Bla.49__AmpC1_Ecoli_Bla__AmpC1__1670,96.93,21.4,yes,yes,yes,AmpC2_Ecoli_Bla.99__AmpC2_Ecoli_Bla__AmpC2__346,97.35,25.3,yes,no,no,NA,NA,NA,NA,no,no,NA,NA,NA,no,no,NA,NA,NA,no,no,NA,NA,NA,no,no,NA,NA,NA,NA,no,no,NA,NA,NA,NA,no,no,NA,NA,NA,NA,no,no,NA,NA,NA,no,no,NA,NA,NA,no,no,NA,NA,NA,no,no,NA,NA,NA,NA,no,NA,NA,NA,no,no,NA,NA,NA,no,no,NA,NA,NA,yes,yes,MrdA_Bla.16__MrdA_Bla__MrdA__836,99.0,38.0,no,no,no,NA,NA,NA,no,NA,NA,NA,no,no,NA,NA,NA,no,no,NA,NA,NA,no,no,NA,NA,NA,NA,no,no,NA,NA,NA,no,no,NA,NA,NA,NA,no,no,NA,NA,NA,NA,no,no,NA,NA,NA,NA,no,no,NA,NA,NA,no,no,NA,NA,NA,NA
./ariba_amr_results/SRR7367232_trimmed/report.tsv,yes,yes,AMPH_Ecoli_Bla.89__AMPH_Ecoli_Bla__AMPH__615,99.48,40.1,no,no,no,NA,NA,NA,no,NA,NA,NA,NA,no,no,NA,NA,NA,no,no,NA,NA,NA,no,no,NA,NA,NA,NA,no,no,NA,NA,NA,NA,yes,yes,AmpC1_Ecoli_Bla.49__AmpC1_Ecoli_Bla__AmpC1__1670,96.93,29.9,yes,yes,yes,AmpC2_Ecoli_Bla.99__AmpC2_Ecoli_Bla__AmpC2__346,97.35,36.2,yes,no,no,NA,NA,NA,NA,no,no,NA,NA,NA,no,no,NA,NA,NA,no,no,NA,NA,NA,no,no,NA,NA,NA,NA,no,no,NA,NA,NA,NA,no,no,NA,NA,NA,NA,no,no,NA,NA,NA,no,no,NA,NA,NA,no,no,NA,NA,NA,no,no,NA,NA,NA,NA,no,NA,NA,NA,no,no,NA,NA,NA,no,no,NA,NA,NA,yes,yes,MrdA_Bla.16__MrdA_Bla__MrdA__836,99.0,42.3,no,no,no,NA,NA,NA,no,NA,NA,NA,no,no,NA,NA,NA,no,no,NA,NA,NA,no,no,NA,NA,NA,NA,no,no,NA,NA,NA,no,no,NA,NA,NA,NA,no,no,NA,NA,NA,NA,no,no,NA,NA,NA,NA,no,no,NA,NA,NA,no,no,NA,NA,NA,NA
./ariba_amr_results/SRR7495430_trimmed/report.tsv,yes,yes,AMPH_Ecoli_Bla.89__AMPH_Ecoli_Bla__AMPH__615,99.48,76.1,no,no,no,NA,NA,NA,no,NA,NA,NA,NA,no,no,NA,NA,NA,no,no,NA,NA,NA,no,no,NA,NA,NA,NA,no,no,NA,NA,NA,NA,yes,yes,AmpC1_Ecoli_Bla.49__AmpC1_Ecoli_Bla__AmpC1__1670,96.93,35.8,yes,yes,yes,AmpC2_Ecoli_Bla.99__AmpC2_Ecoli_Bla__AmpC2__346,97.35,61.9,yes,no,no,NA,NA,NA,NA,no,no,NA,NA,NA,no,no,NA,NA,NA,no,no,NA,NA,NA,no,no,NA,NA,NA,NA,no,no,NA,NA,NA,NA,no,no,NA,NA,NA,NA,no,no,NA,NA,NA,no,no,NA,NA,NA,no,no,NA,NA,NA,no,no,NA,NA,NA,NA,no,NA,NA,NA,no,no,NA,NA,NA,no,no,NA,NA,NA,yes,yes,MrdA_Bla.16__MrdA_Bla__MrdA__836,99.0,72.0,no,no,no,NA,NA,NA,no,NA,NA,NA,no,no,NA,NA,NA,no,no,NA,NA,NA,no,no,NA,NA,NA,NA,no,no,NA,NA,NA,no,no,NA,NA,NA,NA,no,no,NA,NA,NA,NA,no,no,NA,NA,NA,NA,no,no,NA,NA,NA,no,no,NA,NA,NA,NA
./ariba_amr_results/SRR7500901_trimmed/report.tsv,yes,yes,AMPH_Ecoli_Bla.89__AMPH_Ecoli_Bla__AMPH__615,98.88,34.9,no,no,no,NA,NA,NA,no,NA,NA,NA,NA,no,no,NA,NA,NA,no,no,NA,NA,NA,no,no,NA,NA,NA,NA,no,no,NA,NA,NA,NA,yes,yes,AmpC1_Ecoli_Bla.49__AmpC1_Ecoli_Bla__AmpC1__1670,100.0,30.0,no,yes,yes,AmpC2_Ecoli_Bla.99__AmpC2_Ecoli_Bla__AmpC2__346,97.53,29.6,yes,no,no,NA,NA,NA,NA,no,no,NA,NA,NA,no,no,NA,NA,NA,no,no,NA,NA,NA,partial,no,CatBx_Phe.371__CatBx_Phe__CatB4__602,99.07,45.9,no,no,no,NA,NA,NA,NA,no,no,NA,NA,NA,NA,no,no,NA,NA,NA,no,no,NA,NA,NA,no,no,NA,NA,NA,no,no,NA,NA,NA,NA,no,NA,NA,NA,no,no,NA,NA,NA,no,no,NA,NA,NA,yes,yes,MrdA_Bla.16__MrdA_Bla__MrdA__836,99.37,36.9,no,no,no,NA,NA,NA,no,NA,NA,NA,no,no,NA,NA,NA,no,no,NA,NA,NA,no,no,NA,NA,NA,NA,no,no,NA,NA,NA,no,no,NA,NA,NA,NA,no,no,NA,NA,NA,NA,no,no,NA,NA,NA,NA,no,no,NA,NA,NA,no,no,NA,NA,NA,NA
./ariba_amr_results/SRR7500929_trimmed/report.tsv,yes,yes,AMPH_Ecoli_Bla.89__AMPH_Ecoli_Bla__AMPH__615,98.7,89.2,no,no,no,NA,NA,NA,no,NA,NA,NA,NA,no,no,NA,NA,NA,no,no,NA,NA,NA,no,no,NA,NA,NA,NA,no,no,NA,NA,NA,NA,yes,yes,AmpC1_Ecoli_Bla.49__AmpC1_Ecoli_Bla__AmpC1__1670,98.16,27.2,yes,yes,yes,AmpC2_Ecoli_Bla.99__AmpC2_Ecoli_Bla__AmpC2__346,97.53,33.8,yes,no,no,NA,NA,NA,NA,no,no,NA,NA,NA,no,no,NA,NA,NA,no,no,NA,NA,NA,no,no,NA,NA,NA,NA,no,no,NA,NA,NA,NA,no,no,NA,NA,NA,NA,no,no,NA,NA,NA,no,no,NA,NA,NA,no,no,NA,NA,NA,no,no,NA,NA,NA,NA,no,NA,NA,NA,no,no,NA,NA,NA,no,no,NA,NA,NA,yes,yes,MrdA_Bla.16__MrdA_Bla__MrdA__836,98.69,43.4,no,no,no,NA,NA,NA,no,NA,NA,NA,no,no,NA,NA,NA,no,no,NA,NA,NA,no,no,NA,NA,NA,NA,no,no,NA,NA,NA,no,no,NA,NA,NA,NA,no,no,NA,NA,NA,NA,no,no,NA,NA,NA,NA,no,no,NA,NA,NA,no,no,NA,NA,NA,NA
./ariba_amr_results/SRR7500937_trimmed/report.tsv,yes,yes,AMPH_Ecoli_Bla.89__AMPH_Ecoli_Bla__AMPH__615,98.7,34.5,no,no,no,NA,NA,NA,no,NA,NA,NA,NA,no,no,NA,NA,NA,no,no,NA,NA,NA,no,no,NA,NA,NA,NA,no,no,NA,NA,NA,NA,yes,yes,AmpC1_Ecoli_Bla.49__AmpC1_Ecoli_Bla__AmpC1__1670,98.16,27.4,yes,yes,yes,AmpC2_Ecoli_Bla.99__AmpC2_Ecoli_Bla__AmpC2__346,97.71,38.6,yes,no,no,NA,NA,NA,NA,no,no,NA,NA,NA,no,no,NA,NA,NA,no,no,NA,NA,NA,no,no,NA,NA,NA,NA,no,no,NA,NA,NA,NA,no,no,NA,NA,NA,NA,no,no,NA,NA,NA,no,no,NA,NA,NA,no,no,NA,NA,NA,no,no,NA,NA,NA,NA,no,NA,NA,NA,no,no,NA,NA,NA,no,no,NA,NA,NA,yes,yes,MrdA_Bla.16__MrdA_Bla__MrdA__836,99.32,39.1,no,no,no,NA,NA,NA,no,NA,NA,NA,no,no,NA,NA,NA,no,no,NA,NA,NA,no,no,NA,NA,NA,NA,no,no,NA,NA,NA,no,no,NA,NA,NA,NA,no,no,NA,NA,NA,NA,no,no,NA,NA,NA,NA,no,no,NA,NA,NA,no,no,NA,NA,NA,NA
./ariba_amr_results/SRR7500950_trimmed/report.tsv,yes,yes,AMPH_Ecoli_Bla.89__AMPH_Ecoli_Bla__AMPH__615,98.88,41.5,yes,no,no,NA,NA,NA,no,NA,NA,NA,NA,no,no,NA,NA,NA,no,no,NA,NA,NA,no,no,NA,NA,NA,NA,no,no,NA,NA,NA,NA,yes,yes,AmpC1_Ecoli_Bla.49__AmpC1_Ecoli_Bla__AmpC1__1670,96.86,36.3,yes,yes,yes,AmpC2_Ecoli_Bla.99__AmpC2_Ecoli_Bla__AmpC2__346,97.35,35.4,yes,no,no,NA,NA,NA,NA,no,no,NA,NA,NA,no,no,NA,NA,NA,no,no,NA,NA,NA,no,no,NA,NA,NA,NA,no,no,NA,NA,NA,NA,no,no,NA,NA,NA,NA,no,no,NA,NA,NA,no,no,NA,NA,NA,no,no,NA,NA,NA,no,no,NA,NA,NA,NA,no,NA,NA,NA,no,no,NA,NA,NA,no,no,NA,NA,NA,yes,yes,MrdA_Bla.16__MrdA_Bla__MrdA__836,99.74,62.6,no,no,no,NA,NA,NA,no,NA,NA,NA,no,no,NA,NA,NA,no,no,NA,NA,NA,no,no,NA,NA,NA,NA,no,no,NA,NA,NA,no,no,NA,NA,NA,NA,no,no,NA,NA,NA,NA,no,no,NA,NA,NA,NA,no,no,NA,NA,NA,no,no,NA,NA,NA,NA
./ariba_amr_results/SRR7501136_trimmed/report.tsv,yes,yes,AMPH_Ecoli_Bla.89__AMPH_Ecoli_Bla__AMPH__615,99.48,41.0,no,no,no,NA,NA,NA,no,NA,NA,NA,NA,no,no,NA,NA,NA,no,no,NA,NA,NA,no,no,NA,NA,NA,NA,no,no,NA,NA,NA,NA,yes,yes,AmpC1_Ecoli_Bla.49__AmpC1_Ecoli_Bla__AmpC1__1670,96.93,24.9,yes,yes,yes,AmpC2_Ecoli_Bla.99__AmpC2_Ecoli_Bla__AmpC2__346,97.35,33.5,yes,no,no,NA,NA,NA,NA,no,no,NA,NA,NA,no,no,NA,NA,NA,no,no,NA,NA,NA,no,no,NA,NA,NA,NA,no,no,NA,NA,NA,NA,no,no,NA,NA,NA,NA,no,no,NA,NA,NA,no,no,NA,NA,NA,no,no,NA,NA,NA,no,no,NA,NA,NA,NA,no,NA,NA,NA,no,no,NA,NA,NA,no,no,NA,NA,NA,yes,yes,MrdA_Bla.16__MrdA_Bla__MrdA__836,99.0,43.7,no,no,no,NA,NA,NA,no,NA,NA,NA,no,no,NA,NA,NA,no,no,NA,NA,NA,no,no,NA,NA,NA,NA,no,no,NA,NA,NA,no,no,NA,NA,NA,NA,no,no,NA,NA,NA,NA,no,no,NA,NA,NA,NA,no,no,NA,NA,NA,no,no,NA,NA,NA,NA
./ariba_amr_results/SRR7501163_trimmed/report.tsv,yes,yes,AMPH_Ecoli_Bla.89__AMPH_Ecoli_Bla__AMPH__615,99.31,54.6,no,no,no,NA,NA,NA,no,NA,NA,NA,NA,no,no,NA,NA,NA,no,no,NA,NA,NA,no,no,NA,NA,NA,NA,no,no,NA,NA,NA,NA,yes,yes,AmpC1_Ecoli_Bla.49__AmpC1_Ecoli_Bla__AmpC1__1670,95.94,27.5,yes,yes,yes,AmpC2_Ecoli_Bla.99__AmpC2_Ecoli_Bla__AmpC2__346,97.88,35.6,yes,no,no,NA,NA,NA,NA,no,no,NA,NA,NA,no,no,NA,NA,NA,no,no,NA,NA,NA,partial,no,CatBx_Phe.371__CatBx_Phe__CatB4__602,100.0,18.8,no,no,no,NA,NA,NA,NA,no,no,NA,NA,NA,NA,no,no,NA,NA,NA,no,no,NA,NA,NA,no,no,NA,NA,NA,no,no,NA,NA,NA,NA,no,NA,NA,NA,no,no,NA,NA,NA,no,no,NA,NA,NA,yes,yes,MrdA_Bla.16__MrdA_Bla__MrdA__836,98.69,54.0,no,no,no,NA,NA,NA,no,NA,NA,NA,no,no,NA,NA,NA,no,no,NA,NA,NA,no,no,NA,NA,NA,NA,no,no,NA,NA,NA,no,no,NA,NA,NA,NA,no,no,NA,NA,NA,NA,no,no,NA,NA,NA,NA,no,no,NA,NA,NA,no,no,NA,NA,NA,NA
./ariba_amr_results/SRR7501167_trimmed/report.tsv,yes,yes,AMPH_Ecoli_Bla.89__AMPH_Ecoli_Bla__AMPH__615,98.7,62.5,no,no,no,NA,NA,NA,no,NA,NA,NA,NA,no,no,NA,NA,NA,no,no,NA,NA,NA,no,no,NA,NA,NA,NA,no,no,NA,NA,NA,NA,yes,yes,AmpC1_Ecoli_Bla.49__AmpC1_Ecoli_Bla__AmpC1__1670,98.16,40.6,yes,yes,yes,AmpC2_Ecoli_Bla.99__AmpC2_Ecoli_Bla__AmpC2__346,97.53,62.3,yes,no,no,NA,NA,NA,NA,no,no,NA,NA,NA,no,no,NA,NA,NA,no,no,NA,NA,NA,no,no,NA,NA,NA,NA,no,no,NA,NA,NA,NA,no,no,NA,NA,NA,NA,no,no,NA,NA,NA,no,no,NA,NA,NA,no,no,NA,NA,NA,no,no,NA,NA,NA,NA,no,NA,NA,NA,no,no,NA,NA,NA,no,no,NA,NA,NA,yes,yes,MrdA_Bla.16__MrdA_Bla__MrdA__836,99.42,73.7,no,no,no,NA,NA,NA,no,NA,NA,NA,no,no,NA,NA,NA,no,no,NA,NA,NA,no,no,NA,NA,NA,NA,no,no,NA,NA,NA,no,no,NA,NA,NA,NA,no,no,NA,NA,NA,NA,no,no,NA,NA,NA,NA,no,no,NA,NA,NA,no,no,NA,NA,NA,NA
./ariba_amr_results/SRR7505880_trimmed/report.tsv,yes,yes,AMPH_Ecoli_Bla.89__AMPH_Ecoli_Bla__AMPH__615,99.48,67.4,no,no,no,NA,NA,NA,no,NA,NA,NA,NA,no,no,NA,NA,NA,no,no,NA,NA,NA,no,no,NA,NA,NA,NA,no,no,NA,NA,NA,NA,yes,yes,AmpC1_Ecoli_Bla.49__AmpC1_Ecoli_Bla__AmpC1__1670,96.93,34.6,yes,yes,yes,AmpC2_Ecoli_Bla.99__AmpC2_Ecoli_Bla__AmpC2__346,97.35,43.2,yes,no,no,NA,NA,NA,NA,no,no,NA,NA,NA,no,no,NA,NA,NA,no,no,NA,NA,NA,no,no,NA,NA,NA,NA,no,no,NA,NA,NA,NA,no,no,NA,NA,NA,NA,no,no,NA,NA,NA,no,no,NA,NA,NA,no,no,NA,NA,NA,no,no,NA,NA,NA,NA,no,NA,NA,NA,no,no,NA,NA,NA,no,no,NA,NA,NA,yes,yes,MrdA_Bla.16__MrdA_Bla__MrdA__836,99.0,67.8,no,no,no,NA,NA,NA,no,NA,NA,NA,no,no,NA,NA,NA,yes,yes,StrA_AGly.263__StrA_AGly__StrA__1501,100.0,32.6,yes,yes,StrB_AGly.227__StrB_AGly__StrB__1614,100.0,36.8,no,no,no,NA,NA,NA,yes,yes,SulII_Sul.256__SulII_Sul__SulII__1219,100.0,31.1,no,no,no,NA,NA,NA,NA,no,no,NA,NA,NA,NA,no,no,NA,NA,NA,yes,yes,TetB_Tet.67__TetB_Tet__TetB__1213,99.75,56.4,yes
./ariba_amr_results/SRR7505881_trimmed/report.tsv,yes,yes,AMPH_Ecoli_Bla.89__AMPH_Ecoli_Bla__AMPH__615,97.5,41.4,yes,no,no,NA,NA,NA,no,NA,NA,NA,NA,no,no,NA,NA,NA,no,no,NA,NA,NA,no,no,NA,NA,NA,NA,no,no,NA,NA,NA,NA,partial,no,AmpC1_Ecoli_Bla.49__AmpC1_Ecoli_Bla__AmpC1__1670,97.59,8.3,yes,yes,yes,AmpC2_Ecoli_Bla.99__AmpC2_Ecoli_Bla__AmpC2__346,98.15,32.8,yes,no,no,NA,NA,NA,NA,no,no,NA,NA,NA,no,no,NA,NA,NA,no,no,NA,NA,NA,no,no,NA,NA,NA,NA,no,no,NA,NA,NA,NA,no,no,NA,NA,NA,NA,no,no,NA,NA,NA,no,no,NA,NA,NA,no,no,NA,NA,NA,no,no,NA,NA,NA,NA,no,NA,NA,NA,no,no,NA,NA,NA,no,no,NA,NA,NA,yes,yes,MrdA_Bla.16__MrdA_Bla__MrdA__836,98.26,39.6,no,no,no,NA,NA,NA,no,NA,NA,NA,no,no,NA,NA,NA,no,no,NA,NA,NA,no,no,NA,NA,NA,NA,no,no,NA,NA,NA,no,no,NA,NA,NA,NA,no,no,NA,NA,NA,NA,no,no,NA,NA,NA,NA,no,no,NA,NA,NA,no,no,NA,NA,NA,NA
./ariba_amr_results/esc_ba9167aa_as/report.tsv,yes,yes,AMPH_Ecoli_Bla.89__AMPH_Ecoli_Bla__AMPH__615,97.41,40.8,yes,no,no,NA,NA,NA,no,NA,NA,NA,NA,no,no,NA,NA,NA,no,no,NA,NA,NA,no,no,NA,NA,NA,NA,no,no,NA,NA,NA,NA,no,no,NA,NA,NA,NA,yes,yes,AmpC2_Ecoli_Bla.99__AmpC2_Ecoli_Bla__AmpC2__346,97.71,37.4,yes,no,no,NA,NA,NA,NA,no,no,NA,NA,NA,no,no,NA,NA,NA,no,no,NA,NA,NA,no,no,NA,NA,NA,NA,no,no,NA,NA,NA,NA,no,no,NA,NA,NA,NA,no,no,NA,NA,NA,no,no,NA,NA,NA,no,no,NA,NA,NA,no,no,NA,NA,NA,NA,no,NA,NA,NA,no,no,NA,NA,NA,no,no,NA,NA,NA,yes,yes,MrdA_Bla.16__MrdA_Bla__MrdA__836,98.63,45.8,no,no,no,NA,NA,NA,no,NA,NA,NA,no,no,NA,NA,NA,no,no,NA,NA,NA,no,no,NA,NA,NA,NA,no,no,NA,NA,NA,no,no,NA,NA,NA,NA,no,no,NA,NA,NA,NA,no,no,NA,NA,NA,NA,no,no,NA,NA,NA,no,no,NA,NA,NA,NA
./ariba_amr_results/esc_ba9185aa_as/report.tsv,yes,yes,AMPH_Ecoli_Bla.89__AMPH_Ecoli_Bla__AMPH__615,99.05,44.1,yes,no,no,NA,NA,NA,no,NA,NA,NA,NA,no,no,NA,NA,NA,no,no,NA,NA,NA,no,no,NA,NA,NA,NA,no,no,NA,NA,NA,NA,yes,yes,AmpC1_Ecoli_Bla.49__AmpC1_Ecoli_Bla__AmpC1__1670,98.16,42.1,yes,yes,yes,AmpC2_Ecoli_Bla.99__AmpC2_Ecoli_Bla__AmpC2__346,97.71,47.4,yes,no,no,NA,NA,NA,NA,no,no,NA,NA,NA,no,no,NA,NA,NA,no,no,NA,NA,NA,no,no,NA,NA,NA,NA,no,no,NA,NA,NA,NA,no,no,NA,NA,NA,NA,no,no,NA,NA,NA,no,no,NA,NA,NA,no,no,NA,NA,NA,no,no,NA,NA,NA,NA,no,NA,NA,NA,no,no,NA,NA,NA,no,no,NA,NA,NA,yes,yes,MrdA_Bla.16__MrdA_Bla__MrdA__836,98.69,48.1,no,no,no,NA,NA,NA,no,NA,NA,NA,no,no,NA,NA,NA,no,no,NA,NA,NA,no,no,NA,NA,NA,NA,no,no,NA,NA,NA,no,no,NA,NA,NA,NA,no,no,NA,NA,NA,NA,no,no,NA,NA,NA,NA,no,no,NA,NA,NA,no,no,NA,NA,NA,NA
./ariba_amr_results/esc_ba9187aa_as/report.tsv,yes,yes,AMPH_Ecoli_Bla.89__AMPH_Ecoli_Bla__AMPH__615,97.41,40.9,yes,no,no,NA,NA,NA,no,NA,NA,NA,NA,no,no,NA,NA,NA,no,no,NA,NA,NA,no,no,NA,NA,NA,NA,no,no,NA,NA,NA,NA,partial,no,AmpC1_Ecoli_Bla.49__AmpC1_Ecoli_Bla__AmpC1__1670,97.26,7.3,yes,yes,yes,AmpC2_Ecoli_Bla.99__AmpC2_Ecoli_Bla__AmpC2__346,98.15,40.6,yes,no,no,NA,NA,NA,NA,no,no,NA,NA,NA,no,no,NA,NA,NA,no,no,NA,NA,NA,no,no,NA,NA,NA,NA,no,no,NA,NA,NA,NA,no,no,NA,NA,NA,NA,no,no,NA,NA,NA,no,no,NA,NA,NA,no,no,NA,NA,NA,no,no,NA,NA,NA,NA,no,NA,NA,NA,no,no,NA,NA,NA,no,no,NA,NA,NA,yes,yes,MrdA_Bla.16__MrdA_Bla__MrdA__836,98.26,44.9,no,no,no,NA,NA,NA,no,NA,NA,NA,no,no,NA,NA,NA,no,no,NA,NA,NA,no,no,NA,NA,NA,NA,no,no,NA,NA,NA,no,no,NA,NA,NA,NA,no,no,NA,NA,NA,NA,no,no,NA,NA,NA,NA,no,no,NA,NA,NA,no,no,NA,NA,NA,NA
./ariba_amr_results/esc_ba9206aa_as/report.tsv,yes,yes,AMPH_Ecoli_Bla.89__AMPH_Ecoli_Bla__AMPH__615,97.5,42.2,yes,no,no,NA,NA,NA,no,NA,NA,NA,NA,no,no,NA,NA,NA,no,no,NA,NA,NA,no,no,NA,NA,NA,NA,no,no,NA,NA,NA,NA,partial,no,AmpC1_Ecoli_Bla.49__AmpC1_Ecoli_Bla__AmpC1__1670,97.59,14.5,yes,yes,yes,AmpC2_Ecoli_Bla.99__AmpC2_Ecoli_Bla__AmpC2__346,98.15,39.7,yes,no,no,NA,NA,NA,NA,no,no,NA,NA,NA,no,no,NA,NA,NA,no,no,NA,NA,NA,no,no,NA,NA,NA,NA,no,no,NA,NA,NA,NA,no,no,NA,NA,NA,NA,no,no,NA,NA,NA,no,no,NA,NA,NA,no,no,NA,NA,NA,no,no,NA,NA,NA,NA,no,NA,NA,NA,no,no,NA,NA,NA,no,no,NA,NA,NA,yes,yes,MrdA_Bla.16__MrdA_Bla__MrdA__836,98.26,45.1,no,no,no,NA,NA,NA,no,NA,NA,NA,no,no,NA,NA,NA,no,no,NA,NA,NA,no,no,NA,NA,NA,NA,no,no,NA,NA,NA,no,no,NA,NA,NA,NA,no,no,NA,NA,NA,NA,yes,yes,TEM_1D_Bla.205__TEM_1D_Bla__TEM_95__948,99.88,47.3,yes,no,no,NA,NA,NA,no,no,NA,NA,NA,NA
./ariba_amr_results/esc_ba9216aa_as/report.tsv,yes,yes,AMPH_Ecoli_Bla.89__AMPH_Ecoli_Bla__AMPH__615,97.32,40.0,yes,no,no,NA,NA,NA,no,NA,NA,NA,NA,no,no,NA,NA,NA,no,no,NA,NA,NA,no,no,NA,NA,NA,NA,no,no,NA,NA,NA,NA,no,no,NA,NA,NA,NA,yes,yes,AmpC2_Ecoli_Bla.99__AmpC2_Ecoli_Bla__AmpC2__346,97.8,38.8,yes,no,no,NA,NA,NA,NA,no,no,NA,NA,NA,no,no,NA,NA,NA,no,no,NA,NA,NA,no,no,NA,NA,NA,NA,no,no,NA,NA,NA,NA,no,no,NA,NA,NA,NA,no,no,NA,NA,NA,no,no,NA,NA,NA,no,no,NA,NA,NA,no,no,NA,NA,NA,NA,no,NA,NA,NA,no,no,NA,NA,NA,no,no,NA,NA,NA,yes,yes,MrdA_Bla.16__MrdA_Bla__MrdA__836,98.58,46.2,no,no,no,NA,NA,NA,no,NA,NA,NA,no,no,NA,NA,NA,no,no,NA,NA,NA,no,no,NA,NA,NA,NA,no,no,NA,NA,NA,no,no,NA,NA,NA,NA,no,no,NA,NA,NA,NA,no,no,NA,NA,NA,NA,no,no,NA,NA,NA,no,no,NA,NA,NA,NA
./ariba_amr_results/esc_ba9223aa_as/report.tsv,yes,yes,AMPH_Ecoli_Bla.89__AMPH_Ecoli_Bla__AMPH__615,97.32,40.5,yes,no,no,NA,NA,NA,no,NA,NA,NA,NA,no,no,NA,NA,NA,no,no,NA,NA,NA,no,no,NA,NA,NA,NA,no,no,NA,NA,NA,NA,partial,no,AmpC1_Ecoli_Bla.49__AmpC1_Ecoli_Bla__AmpC1__1670,97.59,14.5,yes,yes,yes,AmpC2_Ecoli_Bla.99__AmpC2_Ecoli_Bla__AmpC2__346,97.88,41.3,yes,no,no,NA,NA,NA,NA,no,no,NA,NA,NA,no,no,NA,NA,NA,no,no,NA,NA,NA,partial,no,CatBx_Phe.371__CatBx_Phe__CatB4__602,100.0,32.6,no,no,no,NA,NA,NA,NA,no,no,NA,NA,NA,NA,no,no,NA,NA,NA,no,no,NA,NA,NA,no,no,NA,NA,NA,no,no,NA,NA,NA,NA,no,NA,NA,NA,no,no,NA,NA,NA,no,no,NA,NA,NA,yes,yes,MrdA_Bla.16__MrdA_Bla__MrdA__836,98.42,44.1,no,no,no,NA,NA,NA,no,NA,NA,NA,no,no,NA,NA,NA,no,no,NA,NA,NA,no,no,NA,NA,NA,NA,no,no,NA,NA,NA,no,no,NA,NA,NA,NA,no,no,NA,NA,NA,NA,no,no,NA,NA,NA,NA,no,no,NA,NA,NA,no,no,NA,NA,NA,NA
./ariba_amr_results/esc_ba9247aa_as/report.tsv,yes,yes,AMPH_Ecoli_Bla.89__AMPH_Ecoli_Bla__AMPH__615,98.62,42.0,yes,no,no,NA,NA,NA,no,NA,NA,NA,NA,no,no,NA,NA,NA,no,no,NA,NA,NA,no,no,NA,NA,NA,NA,no,no,NA,NA,NA,NA,yes,yes,AmpC1_Ecoli_Bla.49__AmpC1_Ecoli_Bla__AmpC1__1670,97.78,38.4,yes,yes,yes,AmpC2_Ecoli_Bla.99__AmpC2_Ecoli_Bla__AmpC2__346,97.62,40.9,yes,no,no,NA,NA,NA,NA,no,no,NA,NA,NA,no,no,NA,NA,NA,no,no,NA,NA,NA,partial,no,CatBx_Phe.371__CatBx_Phe__CatB4__602,100.0,32.1,no,no,no,NA,NA,NA,NA,no,no,NA,NA,NA,NA,no,no,NA,NA,NA,yes,yes,DfrA7_Tmt.433__DfrA7_Tmt__DfrA7__318,100.0,42.4,no,no,NA,NA,NA,no,no,NA,NA,NA,NA,no,NA,NA,NA,no,no,NA,NA,NA,no,no,NA,NA,NA,yes,yes,MrdA_Bla.16__MrdA_Bla__MrdA__836,99.32,50.7,no,no,no,NA,NA,NA,no,NA,NA,NA,no,no,NA,NA,NA,yes,yes,StrA_AGly.263__StrA_AGly__StrA__1501,99.88,46.3,yes,yes,StrB_AGly.227__StrB_AGly__StrB__1614,100.0,50.8,no,no,no,NA,NA,NA,yes,yes,SulII_Sul.256__SulII_Sul__SulII__1219,99.63,45.0,yes,yes,yes,SulI_Sul.225__SulI_Sul__SulI__1616,100.0,50.9,no,yes,yes,TEM_1D_Bla.205__TEM_1D_Bla__TEM_95__948,99.88,47.3,yes,yes,yes,TetA_Tet.52__TetA_Tet__TetA__1545,100.0,50.9,no,no,NA,NA,NA,NA
./ariba_amr_results/esc_ba9248aa_as/report.tsv,yes,yes,AMPH_Ecoli_Bla.89__AMPH_Ecoli_Bla__AMPH__615,99.4,46.9,yes,no,no,NA,NA,NA,no,NA,NA,NA,NA,no,no,NA,NA,NA,no,no,NA,NA,NA,no,no,NA,NA,NA,NA,no,no,NA,NA,NA,NA,yes,yes,AmpC1_Ecoli_Bla.49__AmpC1_Ecoli_Bla__AmpC1__1670,98.62,42.7,yes,yes,yes,AmpC2_Ecoli_Bla.99__AmpC2_Ecoli_Bla__AmpC2__346,97.53,37.9,yes,yes,yes,Aph3__Ia_AGly.251__Aph3__Ia_AGly__Aph3__Ia__1217,99.39,46.2,yes,no,no,NA,NA,NA,no,no,NA,NA,NA,no,no,NA,NA,NA,no,no,NA,NA,NA,NA,no,no,NA,NA,NA,NA,no,no,NA,NA,NA,NA,no,no,NA,NA,NA,no,no,NA,NA,NA,no,no,NA,NA,NA,no,no,NA,NA,NA,NA,no,NA,NA,NA,no,no,NA,NA,NA,no,no,NA,NA,NA,yes,yes,MrdA_Bla.16__MrdA_Bla__MrdA__836,99.05,49.6,no,no,no,NA,NA,NA,no,NA,NA,NA,no,no,NA,NA,NA,yes,yes,StrA_AGly.263__StrA_AGly__StrA__1501,99.88,46.3,yes,yes,StrB_AGly.227__StrB_AGly__StrB__1614,100.0,46.9,no,no,no,NA,NA,NA,no,no,NA,NA,NA,NA,yes,yes,SulI_Sul.225__SulI_Sul__SulI__1616,100.0,47.5,no,no,no,NA,NA,NA,NA,no,no,NA,NA,NA,yes,yes,TetB_Tet.67__TetB_Tet__TetB__1213,99.67,48.1,yes
./ariba_amr_results/esc_ba9262aa_as/report.tsv,yes,yes,AMPH_Ecoli_Bla.89__AMPH_Ecoli_Bla__AMPH__615,99.48,47.2,no,no,no,NA,NA,NA,no,NA,NA,NA,NA,no,no,NA,NA,NA,no,no,NA,NA,NA,no,no,NA,NA,NA,NA,no,no,NA,NA,NA,NA,yes,yes,AmpC1_Ecoli_Bla.49__AmpC1_Ecoli_Bla__AmpC1__1670,96.93,33.1,yes,yes,yes,AmpC2_Ecoli_Bla.99__AmpC2_Ecoli_Bla__AmpC2__346,97.35,44.0,yes,no,no,NA,NA,NA,NA,no,no,NA,NA,NA,no,no,NA,NA,NA,no,no,NA,NA,NA,no,no,NA,NA,NA,NA,no,no,NA,NA,NA,NA,no,no,NA,NA,NA,NA,no,no,NA,NA,NA,no,no,NA,NA,NA,no,no,NA,NA,NA,no,no,NA,NA,NA,NA,no,NA,NA,NA,no,no,NA,NA,NA,no,no,NA,NA,NA,yes,yes,MrdA_Bla.16__MrdA_Bla__MrdA__836,98.95,48.3,yes,no,no,NA,NA,NA,no,NA,NA,NA,no,no,NA,NA,NA,no,no,NA,NA,NA,no,no,NA,NA,NA,NA,no,no,NA,NA,NA,no,no,NA,NA,NA,NA,no,no,NA,NA,NA,NA,no,no,NA,NA,NA,NA,no,no,NA,NA,NA,no,no,NA,NA,NA,NA
./ariba_amr_results/esc_ba9285aa_as/report.tsv,yes,yes,AMPH_Ecoli_Bla.89__AMPH_Ecoli_Bla__AMPH__615,99.48,47.4,no,no,no,NA,NA,NA,no,NA,NA,NA,NA,no,no,NA,NA,NA,no,no,NA,NA,NA,yes,yes,AadA_AGly.229__AadA_AGly__AadA1__1598,99.49,54.1,yes,yes_nonunique,yes,AadA_AGly.229__AadA_AGly__AadA2__1605,100.0,49.0,yes,yes,yes,AmpC1_Ecoli_Bla.49__AmpC1_Ecoli_Bla__AmpC1__1670,96.93,38.5,yes,yes,yes,AmpC2_Ecoli_Bla.99__AmpC2_Ecoli_Bla__AmpC2__346,97.35,44.7,yes,no,no,NA,NA,NA,NA,no,no,NA,NA,NA,no,no,NA,NA,NA,no,no,NA,NA,NA,partial,no,CatBx_Phe.371__CatBx_Phe__CatB4__602,100.0,99.8,no,yes,yes,CmlA_Phe.55__CmlA_Phe__CmlA1__1537,99.92,50.7,yes,yes,yes,DfrA1_Tmt.430__DfrA1_Tmt__DfrA1__319,99.79,47.4,yes,no,no,NA,NA,NA,no,no,NA,NA,NA,yes,yes,DfrA8_Tmt.416__DfrA8_Tmt__DfrA8__1079,100.0,45.8,no,no,NA,NA,NA,NA,partial,MefB_MLS.60__MefB_MLS__MefB__1203,100.0,47.5,no,no,NA,NA,NA,no,no,NA,NA,NA,yes,yes,MrdA_Bla.16__MrdA_Bla__MrdA__836,99.0,48.9,no,no,no,NA,NA,NA,no,NA,NA,NA,no,no,NA,NA,NA,yes,yes,StrA_AGly.263__StrA_AGly__StrA__1501,99.88,47.3,yes,yes,StrB_AGly.227__StrB_AGly__StrB__1614,100.0,48.6,no,yes,yes,SulIII_Sul.284__SulIII_Sul__SulIII__1498,100.0,46.6,yes,yes,SulII_Sul.256__SulII_Sul__SulII__1219,99.63,44.9,yes,yes,yes,SulI_Sul.225__SulI_Sul__SulI__1616,100.0,47.1,no,yes,yes,TEM_1D_Bla.205__TEM_1D_Bla__TEM_95__948,99.88,47.3,yes,yes,yes,TetA_Tet.52__TetA_Tet__TetA__1545,100.0,50.9,no,no,NA,NA,NA,NA
./ariba_amr_results/esc_ba9354aa_as/report.tsv,yes,yes,AMPH_Ecoli_Bla.89__AMPH_Ecoli_Bla__AMPH__615,99.48,47.4,no,no,no,NA,NA,NA,no,NA,NA,NA,NA,no,no,NA,NA,NA,no,no,NA,NA,NA,no,no,NA,NA,NA,NA,no,no,NA,NA,NA,NA,yes,yes,AmpC1_Ecoli_Bla.49__AmpC1_Ecoli_Bla__AmpC1__1670,96.93,34.1,yes,yes,yes,AmpC2_Ecoli_Bla.99__AmpC2_Ecoli_Bla__AmpC2__346,97.35,47.1,yes,no,no,NA,NA,NA,NA,no,no,NA,NA,NA,no,no,NA,NA,NA,no,no,NA,NA,NA,no,no,NA,NA,NA,NA,no,no,NA,NA,NA,NA,no,no,NA,NA,NA,NA,no,no,NA,NA,NA,no,no,NA,NA,NA,no,no,NA,NA,NA,no,no,NA,NA,NA,NA,no,NA,NA,NA,no,no,NA,NA,NA,no,no,NA,NA,NA,yes,yes,MrdA_Bla.16__MrdA_Bla__MrdA__836,99.0,49.4,no,no,no,NA,NA,NA,no,NA,NA,NA,no,no,NA,NA,NA,no,no,NA,NA,NA,no,no,NA,NA,NA,NA,no,no,NA,NA,NA,no,no,NA,NA,NA,NA,no,no,NA,NA,NA,NA,no,no,NA,NA,NA,NA,no,no,NA,NA,NA,no,no,NA,NA,NA,NA
./ariba_amr_results/esc_ba9361aa_as/report.tsv,yes,yes,AMPH_Ecoli_Bla.89__AMPH_Ecoli_Bla__AMPH__615,99.48,47.4,no,no,no,NA,NA,NA,no,NA,NA,NA,NA,no,no,NA,NA,NA,no,no,NA,NA,NA,no,no,NA,NA,NA,NA,no,no,NA,NA,NA,NA,yes,yes,AmpC1_Ecoli_Bla.49__AmpC1_Ecoli_Bla__AmpC1__1670,96.93,34.1,yes,yes,yes,AmpC2_Ecoli_Bla.99__AmpC2_Ecoli_Bla__AmpC2__346,97.35,44.7,yes,no,no,NA,NA,NA,NA,no,no,NA,NA,NA,no,no,NA,NA,NA,no,no,NA,NA,NA,no,no,NA,NA,NA,NA,no,no,NA,NA,NA,NA,no,no,NA,NA,NA,NA,no,no,NA,NA,NA,no,no,NA,NA,NA,no,no,NA,NA,NA,no,no,NA,NA,NA,NA,no,NA,NA,NA,no,no,NA,NA,NA,no,no,NA,NA,NA,yes,yes,MrdA_Bla.16__MrdA_Bla__MrdA__836,99.0,49.4,no,no,no,NA,NA,NA,no,NA,NA,NA,no,no,NA,NA,NA,no,no,NA,NA,NA,no,no,NA,NA,NA,NA,no,no,NA,NA,NA,no,no,NA,NA,NA,NA,no,no,NA,NA,NA,NA,no,no,NA,NA,NA,NA,no,no,NA,NA,NA,no,no,NA,NA,NA,NA
./ariba_amr_results/esc_ba9444aa_as/report.tsv,yes,yes,AMPH_Ecoli_Bla.89__AMPH_Ecoli_Bla__AMPH__615,99.48,47.4,no,no,no,NA,NA,NA,no,NA,NA,NA,NA,no,no,NA,NA,NA,no,no,NA,NA,NA,no,no,NA,NA,NA,NA,no,no,NA,NA,NA,NA,yes,yes,AmpC1_Ecoli_Bla.49__AmpC1_Ecoli_Bla__AmpC1__1670,96.93,34.1,yes,yes,yes,AmpC2_Ecoli_Bla.99__AmpC2_Ecoli_Bla__AmpC2__346,97.35,44.7,yes,no,no,NA,NA,NA,NA,no,no,NA,NA,NA,no,no,NA,NA,NA,no,no,NA,NA,NA,no,no,NA,NA,NA,NA,no,no,NA,NA,NA,NA,no,no,NA,NA,NA,NA,no,no,NA,NA,NA,no,no,NA,NA,NA,no,no,NA,NA,NA,no,no,NA,NA,NA,NA,no,NA,NA,NA,no,no,NA,NA,NA,no,no,NA,NA,NA,yes,yes,MrdA_Bla.16__MrdA_Bla__MrdA__836,99.0,49.5,no,no,no,NA,NA,NA,no,NA,NA,NA,no,no,NA,NA,NA,no,no,NA,NA,NA,no,no,NA,NA,NA,NA,no,no,NA,NA,NA,no,no,NA,NA,NA,NA,no,no,NA,NA,NA,NA,no,no,NA,NA,NA,NA,no,no,NA,NA,NA,no,no,NA,NA,NA,NA
./ariba_amr_results/esc_ba9498aa_as/report.tsv,yes,yes,AMPH_Ecoli_Bla.89__AMPH_Ecoli_Bla__AMPH__615,99.48,47.2,no,no,no,NA,NA,NA,no,NA,NA,NA,NA,no,no,NA,NA,NA,no,no,NA,NA,NA,no,no,NA,NA,NA,NA,no,no,NA,NA,NA,NA,yes,yes,AmpC1_Ecoli_Bla.49__AmpC1_Ecoli_Bla__AmpC1__1670,96.93,33.1,yes,yes,yes,AmpC2_Ecoli_Bla.99__AmpC2_Ecoli_Bla__AmpC2__346,97.35,44.7,yes,no,no,NA,NA,NA,NA,no,no,NA,NA,NA,no,no,NA,NA,NA,no,no,NA,NA,NA,no,no,NA,NA,NA,NA,no,no,NA,NA,NA,NA,no,no,NA,NA,NA,NA,no,no,NA,NA,NA,no,no,NA,NA,NA,no,no,NA,NA,NA,no,no,NA,NA,NA,NA,no,NA,NA,NA,no,no,NA,NA,NA,no,no,NA,NA,NA,yes,yes,MrdA_Bla.16__MrdA_Bla__MrdA__836,99.0,48.9,no,no,no,NA,NA,NA,no,NA,NA,NA,no,no,NA,NA,NA,yes,yes,StrA_AGly.263__StrA_AGly__StrA__1501,100.0,48.0,yes,yes,StrB_AGly.227__StrB_AGly__StrB__1614,100.0,46.9,no,no,no,NA,NA,NA,yes,yes,SulII_Sul.256__SulII_Sul__SulII__1219,100.0,46.8,no,no,no,NA,NA,NA,NA,no,no,NA,NA,NA,NA,no,no,NA,NA,NA,yes,yes,TetB_Tet.67__TetB_Tet__TetB__1213,99.75,48.4,yes
./ariba_amr_results/esc_ba9515aa_as/report.tsv,yes,yes,AMPH_Ecoli_Bla.89__AMPH_Ecoli_Bla__AMPH__615,97.24,41.1,yes,no,no,NA,NA,NA,no,NA,NA,NA,NA,no,no,NA,NA,NA,no,no,NA,NA,NA,no,no,NA,NA,NA,NA,no,no,NA,NA,NA,NA,partial,no,AmpC1_Ecoli_Bla.49__AmpC1_Ecoli_Bla__AmpC1__1670,97.59,15.7,yes,yes,yes,AmpC2_Ecoli_Bla.99__AmpC2_Ecoli_Bla__AmpC2__346,97.97,39.3,yes,no,no,NA,NA,NA,NA,no,no,NA,NA,NA,no,no,NA,NA,NA,no,no,NA,NA,NA,no,no,NA,NA,NA,NA,no,no,NA,NA,NA,NA,no,no,NA,NA,NA,NA,no,no,NA,NA,NA,no,no,NA,NA,NA,no,no,NA,NA,NA,no,no,NA,NA,NA,NA,no,NA,NA,NA,no,no,NA,NA,NA,no,no,NA,NA,NA,yes,yes,MrdA_Bla.16__MrdA_Bla__MrdA__836,98.48,45.1,no,no,no,NA,NA,NA,no,NA,NA,NA,no,no,NA,NA,NA,no,no,NA,NA,NA,no,no,NA,NA,NA,NA,no,no,NA,NA,NA,no,no,NA,NA,NA,NA,no,no,NA,NA,NA,NA,no,no,NA,NA,NA,NA,no,no,NA,NA,NA,no,no,NA,NA,NA,NA
./ariba_amr_results/esc_ba9527aa_as/report.tsv,yes,yes,AMPH_Ecoli_Bla.89__AMPH_Ecoli_Bla__AMPH__615,97.06,38.4,yes,yes,yes,Aac3_IIa_AGly.203__Aac3_IIa_AGly__Aac3_IId__884,99.88,49.2,no,NA,NA,NA,NA,no,no,NA,NA,NA,no,no,NA,NA,NA,no,no,NA,NA,NA,NA,no,no,NA,NA,NA,NA,partial,no,AmpC1_Ecoli_Bla.49__AmpC1_Ecoli_Bla__AmpC1__1670,97.22,7.3,yes,yes,yes,AmpC2_Ecoli_Bla.99__AmpC2_Ecoli_Bla__AmpC2__346,97.8,39.1,yes,no,no,NA,NA,NA,NA,no,no,NA,NA,NA,yes,yes,CTX_M_1_Bla.193__CTX_M_1_Bla__CTX_M_15__150,100.0,50.9,yes,yes,CatA1_Phe.352__CatA1_Phe__CatA1__1470,99.85,45.0,partial,no,CatBx_Phe.371__CatBx_Phe__CatB4__602,100.0,59.5,no,no,no,NA,NA,NA,NA,no,no,NA,NA,NA,NA,no,no,NA,NA,NA,no,no,NA,NA,NA,no,no,NA,NA,NA,no,no,NA,NA,NA,NA,no,NA,NA,NA,no,no,NA,NA,NA,no,no,NA,NA,NA,yes,yes,MrdA_Bla.16__MrdA_Bla__MrdA__836,98.69,46.7,no,no,no,NA,NA,NA,no,NA,NA,NA,no,no,NA,NA,NA,yes,yes,StrA_AGly.263__StrA_AGly__StrA__1501,99.87,49.1,yes,yes,StrB_AGly.227__StrB_AGly__StrB__1614,100.0,50.7,no,no,no,NA,NA,NA,yes,yes,SulII_Sul.256__SulII_Sul__SulII__1219,99.63,45.1,yes,no,no,NA,NA,NA,NA,yes,yes,TEM_1D_Bla.205__TEM_1D_Bla__TEM_95__948,99.88,47.3,yes,no,no,NA,NA,NA,yes,yes,TetB_Tet.67__TetB_Tet__TetB__1213,99.59,47.7,yes
./ariba_amr_results/esc_ba9605aa_as/report.tsv,yes,yes,AMPH_Ecoli_Bla.89__AMPH_Ecoli_Bla__AMPH__615,98.88,43.7,no,no,no,NA,NA,NA,no,NA,NA,NA,NA,no,no,NA,NA,NA,no,no,NA,NA,NA,no,no,NA,NA,NA,NA,no,no,NA,NA,NA,NA,yes,yes,AmpC1_Ecoli_Bla.49__AmpC1_Ecoli_Bla__AmpC1__1670,99.39,50.3,yes,yes,yes,AmpC2_Ecoli_Bla.99__AmpC2_Ecoli_Bla__AmpC2__346,97.35,45.0,yes,no,no,NA,NA,NA,NA,no,no,NA,NA,NA,no,no,NA,NA,NA,no,no,NA,NA,NA,no,no,NA,NA,NA,NA,no,no,NA,NA,NA,NA,no,no,NA,NA,NA,NA,no,no,NA,NA,NA,no,no,NA,NA,NA,no,no,NA,NA,NA,no,no,NA,NA,NA,NA,no,NA,NA,NA,no,no,NA,NA,NA,no,no,NA,NA,NA,yes,yes,MrdA_Bla.16__MrdA_Bla__MrdA__836,99.74,52.7,no,no,no,NA,NA,NA,no,NA,NA,NA,no,no,NA,NA,NA,no,no,NA,NA,NA,no,no,NA,NA,NA,NA,no,no,NA,NA,NA,no,no,NA,NA,NA,NA,no,no,NA,NA,NA,NA,no,no,NA,NA,NA,NA,no,no,NA,NA,NA,no,no,NA,NA,NA,NA
./ariba_amr_results/esc_ca4802aa_as/report.tsv,yes,yes,AMPH_Ecoli_Bla.89__AMPH_Ecoli_Bla__AMPH__615,99.48,47.4,no,no,no,NA,NA,NA,no,NA,NA,NA,NA,no,no,NA,NA,NA,no,no,NA,NA,NA,no,no,NA,NA,NA,NA,no,no,NA,NA,NA,NA,yes,yes,AmpC1_Ecoli_Bla.49__AmpC1_Ecoli_Bla__AmpC1__1670,96.93,38.5,yes,yes,yes,AmpC2_Ecoli_Bla.99__AmpC2_Ecoli_Bla__AmpC2__346,97.35,46.7,yes,no,no,NA,NA,NA,NA,no,no,NA,NA,NA,no,no,NA,NA,NA,no,no,NA,NA,NA,no,no,NA,NA,NA,NA,no,no,NA,NA,NA,NA,no,no,NA,NA,NA,NA,no,no,NA,NA,NA,no,no,NA,NA,NA,no,no,NA,NA,NA,no,no,NA,NA,NA,NA,no,NA,NA,NA,no,no,NA,NA,NA,no,no,NA,NA,NA,yes,yes,MrdA_Bla.16__MrdA_Bla__MrdA__836,99.0,49.4,no,no,no,NA,NA,NA,no,NA,NA,NA,no,no,NA,NA,NA,no,no,NA,NA,NA,no,no,NA,NA,NA,NA,no,no,NA,NA,NA,no,no,NA,NA,NA,NA,no,no,NA,NA,NA,NA,no,no,NA,NA,NA,NA,no,no,NA,NA,NA,no,no,NA,NA,NA,NA
./ariba_amr_results/esc_ca4823aa_as/report.tsv,yes,yes,AMPH_Ecoli_Bla.89__AMPH_Ecoli_Bla__AMPH__615,97.41,41.2,yes,no,no,NA,NA,NA,no,NA,NA,NA,NA,no,no,NA,NA,NA,no,no,NA,NA,NA,no,no,NA,NA,NA,NA,no,no,NA,NA,NA,NA,partial,no,AmpC1_Ecoli_Bla.49__AmpC1_Ecoli_Bla__AmpC1__1670,97.59,15.7,yes,yes,yes,AmpC2_Ecoli_Bla.99__AmpC2_Ecoli_Bla__AmpC2__346,98.15,39.5,yes,no,no,NA,NA,NA,NA,no,no,NA,NA,NA,no,no,NA,NA,NA,no,no,NA,NA,NA,no,no,NA,NA,NA,NA,no,no,NA,NA,NA,NA,no,no,NA,NA,NA,NA,no,no,NA,NA,NA,no,no,NA,NA,NA,no,no,NA,NA,NA,no,no,NA,NA,NA,NA,no,NA,NA,NA,no,no,NA,NA,NA,no,no,NA,NA,NA,yes,yes,MrdA_Bla.16__MrdA_Bla__MrdA__836,98.26,44.5,no,no,no,NA,NA,NA,no,NA,NA,NA,no,no,NA,NA,NA,no,no,NA,NA,NA,no,no,NA,NA,NA,NA,no,no,NA,NA,NA,no,no,NA,NA,NA,NA,no,no,NA,NA,NA,NA,no,no,NA,NA,NA,NA,no,no,NA,NA,NA,no,no,NA,NA,NA,NA
./ariba_amr_results/esc_ca4831aa_as/report.tsv,yes,yes,AMPH_Ecoli_Bla.89__AMPH_Ecoli_Bla__AMPH__615,99.48,47.2,no,no,no,NA,NA,NA,no,NA,NA,NA,NA,no,no,NA,NA,NA,no,no,NA,NA,NA,no,no,NA,NA,NA,NA,no,no,NA,NA,NA,NA,interrupted,no,AmpC1_Ecoli_Bla.49__AmpC1_Ecoli_Bla__AmpC1__1670,95.02,32.4,yes,yes,yes,AmpC2_Ecoli_Bla.99__AmpC2_Ecoli_Bla__AmpC2__346,97.35,44.2,yes,no,no,NA,NA,NA,NA,no,no,NA,NA,NA,no,no,NA,NA,NA,no,no,NA,NA,NA,no,no,NA,NA,NA,NA,no,no,NA,NA,NA,NA,no,no,NA,NA,NA,NA,no,no,NA,NA,NA,no,no,NA,NA,NA,no,no,NA,NA,NA,no,no,NA,NA,NA,NA,no,NA,NA,NA,no,no,NA,NA,NA,no,no,NA,NA,NA,yes,yes,MrdA_Bla.16__MrdA_Bla__MrdA__836,99.0,49.5,no,no,no,NA,NA,NA,no,NA,NA,NA,no,no,NA,NA,NA,no,no,NA,NA,NA,no,no,NA,NA,NA,NA,no,no,NA,NA,NA,no,no,NA,NA,NA,NA,no,no,NA,NA,NA,NA,no,no,NA,NA,NA,NA,no,no,NA,NA,NA,no,no,NA,NA,NA,NA
./ariba_amr_results/esc_ca4848aa_as/report.tsv,yes,yes,AMPH_Ecoli_Bla.89__AMPH_Ecoli_Bla__AMPH__615,96.72,33.3,yes,no,no,NA,NA,NA,no,NA,NA,NA,NA,no,no,NA,NA,NA,no,no,NA,NA,NA,no,no,NA,NA,NA,NA,no,no,NA,NA,NA,NA,yes,yes,AmpC1_Ecoli_Bla.49__AmpC1_Ecoli_Bla__AmpC1__1670,96.46,30.5,yes,yes,yes,AmpC2_Ecoli_Bla.99__AmpC2_Ecoli_Bla__AmpC2__346,97.97,39.3,yes,no,no,NA,NA,NA,NA,no,no,NA,NA,NA,no,no,NA,NA,NA,no,no,NA,NA,NA,partial,no,CatBx_Phe.371__CatBx_Phe__CatB4__602,100.0,50.4,no,no,no,NA,NA,NA,NA,no,no,NA,NA,NA,NA,no,no,NA,NA,NA,no,no,NA,NA,NA,no,no,NA,NA,NA,no,no,NA,NA,NA,NA,no,NA,NA,NA,no,no,NA,NA,NA,no,no,NA,NA,NA,yes,yes,MrdA_Bla.16__MrdA_Bla__MrdA__836,98.79,49.8,no,no,no,NA,NA,NA,no,NA,NA,NA,no,no,NA,NA,NA,yes,yes,StrA_AGly.263__StrA_AGly__StrA__1501,99.88,46.3,yes,yes,StrB_AGly.227__StrB_AGly__StrB__1614,100.0,50.8,no,no,no,NA,NA,NA,yes,yes,SulII_Sul.256__SulII_Sul__SulII__1219,99.63,44.9,yes,no,no,NA,NA,NA,NA,yes,yes,TEM_1D_Bla.205__TEM_1D_Bla__TEM_95__948,99.88,50.7,yes,no,no,NA,NA,NA,no,no,NA,NA,NA,NA
./ariba_amr_results/esc_ca4860aa_as/report.tsv,yes,yes,AMPH_Ecoli_Bla.89__AMPH_Ecoli_Bla__AMPH__615,96.72,33.3,yes,no,no,NA,NA,NA,no,NA,NA,NA,NA,no,no,NA,NA,NA,yes,yes,AadA4_5_AGly.285__AadA4_5_AGly__AadA5__1497,100.0,46.6,no,no,NA,NA,NA,NA,no,no,NA,NA,NA,NA,yes,yes,AmpC1_Ecoli_Bla.49__AmpC1_Ecoli_Bla__AmpC1__1670,96.46,30.7,yes,yes,yes,AmpC2_Ecoli_Bla.99__AmpC2_Ecoli_Bla__AmpC2__346,98.06,40.8,yes,no,no,NA,NA,NA,NA,no,no,NA,NA,NA,no,no,NA,NA,NA,no,no,NA,NA,NA,partial,no,CatBx_Phe.371__CatBx_Phe__CatB4__602,100.0,28.6,yes,no,no,NA,NA,NA,NA,no,no,NA,NA,NA,NA,no,no,NA,NA,NA,yes,yes,DfrA7_Tmt.433__DfrA7_Tmt__DfrA17__316,100.0,42.2,no,no,NA,NA,NA,no,no,NA,NA,NA,NA,no,NA,NA,NA,no,no,NA,NA,NA,no,no,NA,NA,NA,yes,yes,MrdA_Bla.16__MrdA_Bla__MrdA__836,98.79,49.5,no,no,no,NA,NA,NA,no,NA,NA,NA,no,no,NA,NA,NA,no,no,NA,NA,NA,no,no,NA,NA,NA,NA,no,no,NA,NA,NA,no,no,NA,NA,NA,NA,yes,yes,SulI_Sul.225__SulI_Sul__SulI__1616,100.0,47.0,no,no,no,NA,NA,NA,NA,no,no,NA,NA,NA,yes,yes,TetB_Tet.67__TetB_Tet__TetB__1213,99.67,48.3,yes
./ariba_amr_results/esc_ca4865aa_as/report.tsv,yes,yes,AMPH_Ecoli_Bla.89__AMPH_Ecoli_Bla__AMPH__615,98.7,43.1,yes,no,no,NA,NA,NA,no,NA,NA,NA,NA,no,no,NA,NA,NA,no,no,NA,NA,NA,no,no,NA,NA,NA,NA,no,no,NA,NA,NA,NA,yes,yes,AmpC1_Ecoli_Bla.49__AmpC1_Ecoli_Bla__AmpC1__1670,96.46,33.6,yes,yes,yes,AmpC2_Ecoli_Bla.99__AmpC2_Ecoli_Bla__AmpC2__346,98.06,40.8,yes,no,no,NA,NA,NA,NA,no,no,NA,NA,NA,no,no,NA,NA,NA,no,no,NA,NA,NA,no,no,NA,NA,NA,NA,no,no,NA,NA,NA,NA,no,no,NA,NA,NA,NA,no,no,NA,NA,NA,no,no,NA,NA,NA,no,no,NA,NA,NA,no,no,NA,NA,NA,NA,no,NA,NA,NA,no,no,NA,NA,NA,no,no,NA,NA,NA,yes,yes,MrdA_Bla.16__MrdA_Bla__MrdA__836,98.79,48.7,no,no,no,NA,NA,NA,no,NA,NA,NA,no,no,NA,NA,NA,no,no,NA,NA,NA,no,no,NA,NA,NA,NA,no,no,NA,NA,NA,no,no,NA,NA,NA,NA,no,no,NA,NA,NA,NA,no,no,NA,NA,NA,NA,no,no,NA,NA,NA,no,no,NA,NA,NA,NA
./ariba_amr_results/esc_ca4873aa_as/report.tsv,yes,yes,AMPH_Ecoli_Bla.89__AMPH_Ecoli_Bla__AMPH__615,99.48,47.4,no,no,no,NA,NA,NA,no,NA,NA,NA,NA,no,no,NA,NA,NA,no,no,NA,NA,NA,no,no,NA,NA,NA,NA,no,no,NA,NA,NA,NA,yes,yes,AmpC1_Ecoli_Bla.49__AmpC1_Ecoli_Bla__AmpC1__1670,96.93,33.1,yes,yes,yes,AmpC2_Ecoli_Bla.99__AmpC2_Ecoli_Bla__AmpC2__346,97.35,47.1,yes,no,no,NA,NA,NA,NA,no,no,NA,NA,NA,no,no,NA,NA,NA,no,no,NA,NA,NA,no,no,NA,NA,NA,NA,no,no,NA,NA,NA,NA,no,no,NA,NA,NA,NA,no,no,NA,NA,NA,no,no,NA,NA,NA,no,no,NA,NA,NA,no,no,NA,NA,NA,NA,no,NA,NA,NA,no,no,NA,NA,NA,no,no,NA,NA,NA,yes,yes,MrdA_Bla.16__MrdA_Bla__MrdA__836,99.0,49.5,no,no,no,NA,NA,NA,no,NA,NA,NA,no,no,NA,NA,NA,no,no,NA,NA,NA,no,no,NA,NA,NA,NA,no,no,NA,NA,NA,no,no,NA,NA,NA,NA,no,no,NA,NA,NA,NA,no,no,NA,NA,NA,NA,no,no,NA,NA,NA,no,no,NA,NA,NA,NA
./ariba_amr_results/esc_ca4881aa_as/report.tsv,yes,yes,AMPH_Ecoli_Bla.89__AMPH_Ecoli_Bla__AMPH__615,99.31,44.9,no,no,no,NA,NA,NA,no,NA,NA,NA,NA,no,no,NA,NA,NA,no,no,NA,NA,NA,no,no,NA,NA,NA,NA,no,no,NA,NA,NA,NA,yes,yes,AmpC1_Ecoli_Bla.49__AmpC1_Ecoli_Bla__AmpC1__1670,96.92,31.1,yes,yes,yes,AmpC2_Ecoli_Bla.99__AmpC2_Ecoli_Bla__AmpC2__346,98.5,43.4,yes,no,no,NA,NA,NA,NA,no,no,NA,NA,NA,no,no,NA,NA,NA,no,no,NA,NA,NA,no,no,NA,NA,NA,NA,no,no,NA,NA,NA,NA,no,no,NA,NA,NA,NA,no,no,NA,NA,NA,no,no,NA,NA,NA,no,no,NA,NA,NA,no,no,NA,NA,NA,NA,no,NA,NA,NA,no,no,NA,NA,NA,no,no,NA,NA,NA,yes,yes,MrdA_Bla.16__MrdA_Bla__MrdA__836,99.37,51.5,no,no,no,NA,NA,NA,no,NA,NA,NA,no,no,NA,NA,NA,no,no,NA,NA,NA,no,no,NA,NA,NA,NA,no,no,NA,NA,NA,no,no,NA,NA,NA,NA,no,no,NA,NA,NA,NA,no,no,NA,NA,NA,NA,no,no,NA,NA,NA,no,no,NA,NA,NA,NA
./ariba_amr_results/esc_ca4887aa_as/report.tsv,yes,yes,AMPH_Ecoli_Bla.89__AMPH_Ecoli_Bla__AMPH__615,97.5,42.2,yes,no,no,NA,NA,NA,no,NA,NA,NA,NA,no,no,NA,NA,NA,no,no,NA,NA,NA,no,no,NA,NA,NA,NA,no,no,NA,NA,NA,NA,partial,no,AmpC1_Ecoli_Bla.49__AmpC1_Ecoli_Bla__AmpC1__1670,97.59,14.5,yes,yes,yes,AmpC2_Ecoli_Bla.99__AmpC2_Ecoli_Bla__AmpC2__346,97.62,37.5,yes,no,no,NA,NA,NA,NA,no,no,NA,NA,NA,no,no,NA,NA,NA,no,no,NA,NA,NA,no,no,NA,NA,NA,NA,no,no,NA,NA,NA,NA,no,no,NA,NA,NA,NA,no,no,NA,NA,NA,no,no,NA,NA,NA,no,no,NA,NA,NA,no,no,NA,NA,NA,NA,no,NA,NA,NA,no,no,NA,NA,NA,no,no,NA,NA,NA,yes,yes,MrdA_Bla.16__MrdA_Bla__MrdA__836,98.58,44.9,no,no,no,NA,NA,NA,no,NA,NA,NA,no,no,NA,NA,NA,no,no,NA,NA,NA,no,no,NA,NA,NA,NA,no,no,NA,NA,NA,no,no,NA,NA,NA,NA,no,no,NA,NA,NA,NA,no,no,NA,NA,NA,NA,no,no,NA,NA,NA,no,no,NA,NA,NA,NA
./ariba_amr_results/esc_ca4893aa_as/report.tsv,yes,yes,AMPH_Ecoli_Bla.89__AMPH_Ecoli_Bla__AMPH__615,97.5,42.0,yes,no,no,NA,NA,NA,no,NA,NA,NA,NA,no,no,NA,NA,NA,no,no,NA,NA,NA,no,no,NA,NA,NA,NA,no,no,NA,NA,NA,NA,partial,no,AmpC1_Ecoli_Bla.49__AmpC1_Ecoli_Bla__AmpC1__1670,97.59,14.5,yes,yes,yes,AmpC2_Ecoli_Bla.99__AmpC2_Ecoli_Bla__AmpC2__346,97.62,37.8,yes,no,no,NA,NA,NA,NA,no,no,NA,NA,NA,no,no,NA,NA,NA,no,no,NA,NA,NA,no,no,NA,NA,NA,NA,no,no,NA,NA,NA,NA,no,no,NA,NA,NA,NA,no,no,NA,NA,NA,no,no,NA,NA,NA,no,no,NA,NA,NA,no,no,NA,NA,NA,NA,no,NA,NA,NA,no,no,NA,NA,NA,no,no,NA,NA,NA,yes,yes,MrdA_Bla.16__MrdA_Bla__MrdA__836,98.58,45.1,no,no,no,NA,NA,NA,no,NA,NA,NA,no,no,NA,NA,NA,no,no,NA,NA,NA,no,no,NA,NA,NA,NA,no,no,NA,NA,NA,no,no,NA,NA,NA,NA,no,no,NA,NA,NA,NA,no,no,NA,NA,NA,NA,no,no,NA,NA,NA,no,no,NA,NA,NA,NA
./ariba_amr_results/esc_ca4896aa_as/report.tsv,yes,yes,AMPH_Ecoli_Bla.89__AMPH_Ecoli_Bla__AMPH__615,97.06,37.8,yes,no,no,NA,NA,NA,no,NA,NA,NA,NA,no,no,NA,NA,NA,no,no,NA,NA,NA,no,no,NA,NA,NA,NA,no,no,NA,NA,NA,NA,partial,no,AmpC1_Ecoli_Bla.49__AmpC1_Ecoli_Bla__AmpC1__1670,97.22,4.0,yes,yes,yes,AmpC2_Ecoli_Bla.99__AmpC2_Ecoli_Bla__AmpC2__346,97.8,39.1,yes,yes,yes,Aph3__Ia_AGly.251__Aph3__Ia_AGly__Aph3__Ia__1217,99.39,46.3,yes,no,no,NA,NA,NA,no,no,NA,NA,NA,no,no,NA,NA,NA,no,no,NA,NA,NA,NA,no,no,NA,NA,NA,NA,no,no,NA,NA,NA,NA,no,no,NA,NA,NA,no,no,NA,NA,NA,no,no,NA,NA,NA,no,no,NA,NA,NA,NA,no,NA,NA,NA,no,no,NA,NA,NA,no,no,NA,NA,NA,yes,yes,MrdA_Bla.16__MrdA_Bla__MrdA__836,98.69,46.7,no,no,no,NA,NA,NA,no,NA,NA,NA,no,no,NA,NA,NA,yes,yes,StrA_AGly.263__StrA_AGly__StrA__1501,99.88,46.3,yes,yes,StrB_AGly.227__StrB_AGly__StrB__1614,100.0,46.9,no,no,no,NA,NA,NA,yes,yes,SulII_Sul.256__SulII_Sul__SulII__1219,99.88,46.2,no,no,no,NA,NA,NA,NA,no,no,NA,NA,NA,NA,no,no,NA,NA,NA,yes,yes,TetB_Tet.67__TetB_Tet__TetB__1213,99.67,48.3,yes
./ariba_amr_results/esc_ca4903aa_as/report.tsv,yes,yes,AMPH_Ecoli_Bla.89__AMPH_Ecoli_Bla__AMPH__615,99.31,46.7,yes,no,no,NA,NA,NA,no,NA,NA,NA,NA,no,no,NA,NA,NA,no,no,NA,NA,NA,no,no,NA,NA,NA,NA,no,no,NA,NA,NA,NA,yes,yes,AmpC1_Ecoli_Bla.49__AmpC1_Ecoli_Bla__AmpC1__1670,98.62,43.2,yes,yes,yes,AmpC2_Ecoli_Bla.99__AmpC2_Ecoli_Bla__AmpC2__346,97.53,37.9,yes,no,no,NA,NA,NA,NA,no,no,NA,NA,NA,no,no,NA,NA,NA,no,no,NA,NA,NA,no,no,NA,NA,NA,NA,no,no,NA,NA,NA,NA,no,no,NA,NA,NA,NA,no,no,NA,NA,NA,no,no,NA,NA,NA,no,no,NA,NA,NA,no,no,NA,NA,NA,NA,no,NA,NA,NA,no,no,NA,NA,NA,no,no,NA,NA,NA,yes,yes,MrdA_Bla.16__MrdA_Bla__MrdA__836,99.05,50.1,no,no,no,NA,NA,NA,no,NA,NA,NA,no,no,NA,NA,NA,no,no,NA,NA,NA,no,no,NA,NA,NA,NA,no,no,NA,NA,NA,no,no,NA,NA,NA,NA,no,no,NA,NA,NA,NA,no,no,NA,NA,NA,NA,no,no,NA,NA,NA,no,no,NA,NA,NA,NA
./ariba_amr_results/esc_ca4906aa_as/report.tsv,yes,yes,AMPH_Ecoli_Bla.89__AMPH_Ecoli_Bla__AMPH__615,97.41,40.9,yes,no,no,NA,NA,NA,no,NA,NA,NA,NA,no,no,NA,NA,NA,no,no,NA,NA,NA,no,no,NA,NA,NA,NA,no,no,NA,NA,NA,NA,partial,no,AmpC1_Ecoli_Bla.49__AmpC1_Ecoli_Bla__AmpC1__1670,97.59,15.7,yes,yes,yes,AmpC2_Ecoli_Bla.99__AmpC2_Ecoli_Bla__AmpC2__346,98.15,41.1,yes,no,no,NA,NA,NA,NA,no,no,NA,NA,NA,no,no,NA,NA,NA,no,no,NA,NA,NA,no,no,NA,NA,NA,NA,no,no,NA,NA,NA,NA,no,no,NA,NA,NA,NA,no,no,NA,NA,NA,no,no,NA,NA,NA,no,no,NA,NA,NA,no,no,NA,NA,NA,NA,no,NA,NA,NA,no,no,NA,NA,NA,no,no,NA,NA,NA,yes,yes,MrdA_Bla.16__MrdA_Bla__MrdA__836,98.58,45.5,no,no,no,NA,NA,NA,no,NA,NA,NA,no,no,NA,NA,NA,no,no,NA,NA,NA,no,no,NA,NA,NA,NA,no,no,NA,NA,NA,no,no,NA,NA,NA,NA,no,no,NA,NA,NA,NA,no,no,NA,NA,NA,NA,no,no,NA,NA,NA,no,no,NA,NA,NA,NA
./ariba_amr_results/esc_ca4911aa_as/report.tsv,yes,yes,AMPH_Ecoli_Bla.89__AMPH_Ecoli_Bla__AMPH__615,97.41,40.9,yes,no,no,NA,NA,NA,no,NA,NA,NA,NA,no,no,NA,NA,NA,no,no,NA,NA,NA,no,no,NA,NA,NA,NA,no,no,NA,NA,NA,NA,partial,no,AmpC1_Ecoli_Bla.49__AmpC1_Ecoli_Bla__AmpC1__1670,96.39,11.9,yes,interrupted,no,AmpC2_Ecoli_Bla.99__AmpC2_Ecoli_Bla__AmpC2__346,98.06,40.9,yes,no,no,NA,NA,NA,NA,no,no,NA,NA,NA,no,no,NA,NA,NA,no,no,NA,NA,NA,no,no,NA,NA,NA,NA,no,no,NA,NA,NA,NA,no,no,NA,NA,NA,NA,no,no,NA,NA,NA,no,no,NA,NA,NA,no,no,NA,NA,NA,no,no,NA,NA,NA,NA,no,NA,NA,NA,no,no,NA,NA,NA,no,no,NA,NA,NA,yes,yes,MrdA_Bla.16__MrdA_Bla__MrdA__836,98.63,46.8,no,no,no,NA,NA,NA,no,NA,NA,NA,no,no,NA,NA,NA,no,no,NA,NA,NA,no,no,NA,NA,NA,NA,no,no,NA,NA,NA,no,no,NA,NA,NA,NA,no,no,NA,NA,NA,NA,no,no,NA,NA,NA,NA,no,no,NA,NA,NA,no,no,NA,NA,NA,NA
./ariba_amr_results/esc_ca4920aa_as/report.tsv,yes,yes,AMPH_Ecoli_Bla.89__AMPH_Ecoli_Bla__AMPH__615,97.5,42.0,yes,no,no,NA,NA,NA,no,NA,NA,NA,NA,no,no,NA,NA,NA,no,no,NA,NA,NA,no,no,NA,NA,NA,NA,no,no,NA,NA,NA,NA,partial,no,AmpC1_Ecoli_Bla.49__AmpC1_Ecoli_Bla__AmpC1__1670,97.59,14.5,yes,yes,yes,AmpC2_Ecoli_Bla.99__AmpC2_Ecoli_Bla__AmpC2__346,98.15,40.1,yes,no,no,NA,NA,NA,NA,no,no,NA,NA,NA,no,no,NA,NA,NA,no,no,NA,NA,NA,no,no,NA,NA,NA,NA,no,no,NA,NA,NA,NA,no,no,NA,NA,NA,NA,no,no,NA,NA,NA,no,no,NA,NA,NA,no,no,NA,NA,NA,no,no,NA,NA,NA,NA,no,NA,NA,NA,no,no,NA,NA,NA,no,no,NA,NA,NA,yes,yes,MrdA_Bla.16__MrdA_Bla__MrdA__836,98.26,44.8,no,no,no,NA,NA,NA,no,NA,NA,NA,no,no,NA,NA,NA,no,no,NA,NA,NA,no,no,NA,NA,NA,NA,no,no,NA,NA,NA,no,no,NA,NA,NA,NA,no,no,NA,NA,NA,NA,no,no,NA,NA,NA,NA,no,no,NA,NA,NA,no,no,NA,NA,NA,NA
./ariba_amr_results/esc_ca4924aa_as/report.tsv,yes,yes,AMPH_Ecoli_Bla.89__AMPH_Ecoli_Bla__AMPH__615,97.5,42.2,yes,no,no,NA,NA,NA,no,NA,NA,NA,NA,no,no,NA,NA,NA,no,no,NA,NA,NA,no,no,NA,NA,NA,NA,no,no,NA,NA,NA,NA,partial,no,AmpC1_Ecoli_Bla.49__AmpC1_Ecoli_Bla__AmpC1__1670,97.59,14.5,yes,yes,yes,AmpC2_Ecoli_Bla.99__AmpC2_Ecoli_Bla__AmpC2__346,98.15,39.5,yes,no,no,NA,NA,NA,NA,no,no,NA,NA,NA,no,no,NA,NA,NA,no,no,NA,NA,NA,partial,no,CatBx_Phe.371__CatBx_Phe__CatB4__602,100.0,32.6,no,no,no,NA,NA,NA,NA,no,no,NA,NA,NA,NA,no,no,NA,NA,NA,no,no,NA,NA,NA,no,no,NA,NA,NA,no,no,NA,NA,NA,NA,no,NA,NA,NA,no,no,NA,NA,NA,no,no,NA,NA,NA,yes,yes,MrdA_Bla.16__MrdA_Bla__MrdA__836,98.26,44.8,no,no,no,NA,NA,NA,no,NA,NA,NA,no,no,NA,NA,NA,no,no,NA,NA,NA,no,no,NA,NA,NA,NA,no,no,NA,NA,NA,no,no,NA,NA,NA,NA,no,no,NA,NA,NA,NA,no,no,NA,NA,NA,NA,no,no,NA,NA,NA,no,no,NA,NA,NA,NA
./ariba_amr_results/esc_ca4929aa_as/report.tsv,yes,yes,AMPH_Ecoli_Bla.89__AMPH_Ecoli_Bla__AMPH__615,97.06,38.4,yes,no,no,NA,NA,NA,no,NA,NA,NA,NA,yes,yes,AacAad_AGly.43__AacAad_AGly__Aac6Ib_cr__1678,99.81,45.1,yes,yes,AadA4_5_AGly.285__AadA4_5_AGly__AadA5__1497,100.0,46.6,no,no,NA,NA,NA,NA,no,no,NA,NA,NA,NA,partial,no,AmpC1_Ecoli_Bla.49__AmpC1_Ecoli_Bla__AmpC1__1670,97.22,4.0,yes,yes,yes,AmpC2_Ecoli_Bla.99__AmpC2_Ecoli_Bla__AmpC2__346,97.8,39.1,yes,no,no,NA,NA,NA,NA,no,no,NA,NA,NA,yes,yes,CTX_M_1_Bla.193__CTX_M_1_Bla__CTX_M_15__150,100.0,50.6,no,no,NA,NA,NA,yes,yes,CatBx_Phe.371__CatBx_Phe__CatB4__602,100.0,48.2,no,no,no,NA,NA,NA,NA,no,no,NA,NA,NA,NA,no,no,NA,NA,NA,yes,yes,DfrA7_Tmt.433__DfrA7_Tmt__DfrA17__316,100.0,42.2,no,no,NA,NA,NA,no,no,NA,NA,NA,NA,no,NA,NA,NA,yes,yes,MphA_MLS.158__MphA_MLS__MphA__1663,100.0,56.5,no,no,NA,NA,NA,yes,yes,MrdA_Bla.16__MrdA_Bla__MrdA__836,98.69,46.6,no,yes,yes,OXA_1_Bla.231__OXA_1_Bla__OXA_1__520,100.0,47.1,no,NA,NA,NA,no,no,NA,NA,NA,no,no,NA,NA,NA,no,no,NA,NA,NA,NA,no,no,NA,NA,NA,no,no,NA,NA,NA,NA,yes,yes,SulI_Sul.225__SulI_Sul__SulI__1616,100.0,47.0,no,no,no,NA,NA,NA,NA,yes,yes,TetA_Tet.52__TetA_Tet__TetA__1545,100.0,50.9,no,no,NA,NA,NA,NA
./ariba_amr_results/esc_ca4934aa_as/report.tsv,yes,yes,AMPH_Ecoli_Bla.89__AMPH_Ecoli_Bla__AMPH__615,97.5,42.0,yes,no,no,NA,NA,NA,no,NA,NA,NA,NA,no,no,NA,NA,NA,no,no,NA,NA,NA,yes,yes,AadA_AGly.229__AadA_AGly__AadA1__1598,99.62,46.6,no,no,no,NA,NA,NA,NA,partial,no,AmpC1_Ecoli_Bla.49__AmpC1_Ecoli_Bla__AmpC1__1670,97.59,14.5,yes,yes,yes,AmpC2_Ecoli_Bla.99__AmpC2_Ecoli_Bla__AmpC2__346,98.15,39.5,yes,no,no,NA,NA,NA,NA,no,no,NA,NA,NA,no,no,NA,NA,NA,yes,yes,CatA1_Phe.352__CatA1_Phe__CatA1__1470,99.85,45.9,partial,no,CatBx_Phe.371__CatBx_Phe__CatB4__602,100.0,58.1,no,no,no,NA,NA,NA,NA,yes,yes,DfrA1_Tmt.430__DfrA1_Tmt__DfrA1__319,99.79,40.0,yes,no,no,NA,NA,NA,no,no,NA,NA,NA,no,no,NA,NA,NA,no,no,NA,NA,NA,NA,no,NA,NA,NA,no,no,NA,NA,NA,no,no,NA,NA,NA,yes,yes,MrdA_Bla.16__MrdA_Bla__MrdA__836,98.26,44.8,no,no,no,NA,NA,NA,no,NA,NA,NA,no,no,NA,NA,NA,yes,yes,StrA_AGly.263__StrA_AGly__StrA__1501,99.88,46.3,yes,yes,StrB_AGly.227__StrB_AGly__StrB__1614,99.88,50.0,yes,no,no,NA,NA,NA,yes,yes,SulII_Sul.256__SulII_Sul__SulII__1219,99.63,45.0,yes,yes,yes,SulI_Sul.225__SulI_Sul__SulI__1616,100.0,47.0,no,yes,yes,TEM_1D_Bla.205__TEM_1D_Bla__TEM_95__948,99.88,54.1,yes,no,no,NA,NA,NA,yes,yes,TetB_Tet.67__TetB_Tet__TetB__1213,99.67,48.1,yes
./ariba_amr_results/esc_ca4938aa_as/report.tsv,yes,yes,AMPH_Ecoli_Bla.89__AMPH_Ecoli_Bla__AMPH__615,96.72,33.3,yes,no,no,NA,NA,NA,no,NA,NA,NA,NA,no,no,NA,NA,NA,yes,yes,AadA4_5_AGly.285__AadA4_5_AGly__AadA5__1497,100.0,46.5,no,no,NA,NA,NA,NA,no,no,NA,NA,NA,NA,yes,yes,AmpC1_Ecoli_Bla.49__AmpC1_Ecoli_Bla__AmpC1__1670,96.46,30.6,yes,yes,yes,AmpC2_Ecoli_Bla.99__AmpC2_Ecoli_Bla__AmpC2__346,98.06,40.8,yes,no,no,NA,NA,NA,NA,no,no,NA,NA,NA,no,no,NA,NA,NA,no,no,NA,NA,NA,partial,no,CatBx_Phe.371__CatBx_Phe__CatB4__602,100.0,47.8,no,no,no,NA,NA,NA,NA,no,no,NA,NA,NA,NA,no,no,NA,NA,NA,yes,yes,DfrA7_Tmt.433__DfrA7_Tmt__DfrA17__316,100.0,42.2,no,no,NA,NA,NA,no,no,NA,NA,NA,NA,no,NA,NA,NA,no,no,NA,NA,NA,no,no,NA,NA,NA,yes,yes,MrdA_Bla.16__MrdA_Bla__MrdA__836,98.79,49.4,no,no,no,NA,NA,NA,no,NA,NA,NA,no,no,NA,NA,NA,no,no,NA,NA,NA,no,no,NA,NA,NA,NA,no,no,NA,NA,NA,no,no,NA,NA,NA,NA,yes,yes,SulI_Sul.225__SulI_Sul__SulI__1616,100.0,47.0,no,no,no,NA,NA,NA,NA,no,no,NA,NA,NA,yes,yes,TetB_Tet.67__TetB_Tet__TetB__1213,99.67,48.3,yes
./ariba_amr_results/esc_ca4949aa_as/report.tsv,yes,yes,AMPH_Ecoli_Bla.89__AMPH_Ecoli_Bla__AMPH__615,99.48,47.2,no,no,no,NA,NA,NA,no,NA,NA,NA,NA,no,no,NA,NA,NA,no,no,NA,NA,NA,no,no,NA,NA,NA,NA,no,no,NA,NA,NA,NA,yes,yes,AmpC1_Ecoli_Bla.49__AmpC1_Ecoli_Bla__AmpC1__1670,96.93,33.1,yes,yes,yes,AmpC2_Ecoli_Bla.99__AmpC2_Ecoli_Bla__AmpC2__346,97.35,44.7,yes,no,no,NA,NA,NA,NA,no,no,NA,NA,NA,no,no,NA,NA,NA,no,no,NA,NA,NA,no,no,NA,NA,NA,NA,no,no,NA,NA,NA,NA,no,no,NA,NA,NA,NA,no,no,NA,NA,NA,no,no,NA,NA,NA,no,no,NA,NA,NA,no,no,NA,NA,NA,NA,no,NA,NA,NA,no,no,NA,NA,NA,no,no,NA,NA,NA,yes,yes,MrdA_Bla.16__MrdA_Bla__MrdA__836,99.0,49.5,no,no,no,NA,NA,NA,no,NA,NA,NA,no,no,NA,NA,NA,no,no,NA,NA,NA,no,no,NA,NA,NA,NA,no,no,NA,NA,NA,no,no,NA,NA,NA,NA,no,no,NA,NA,NA,NA,no,no,NA,NA,NA,NA,no,no,NA,NA,NA,no,no,NA,NA,NA,NA
./ariba_amr_results/esc_ca4951aa_as/report.tsv,yes,yes,AMPH_Ecoli_Bla.89__AMPH_Ecoli_Bla__AMPH__615,99.48,47.2,no,no,no,NA,NA,NA,no,NA,NA,NA,NA,no,no,NA,NA,NA,no,no,NA,NA,NA,no,no,NA,NA,NA,NA,no,no,NA,NA,NA,NA,yes,yes,AmpC1_Ecoli_Bla.49__AmpC1_Ecoli_Bla__AmpC1__1670,96.93,34.1,yes,yes,yes,AmpC2_Ecoli_Bla.99__AmpC2_Ecoli_Bla__AmpC2__346,97.35,44.7,yes,no,no,NA,NA,NA,NA,no,no,NA,NA,NA,no,no,NA,NA,NA,no,no,NA,NA,NA,no,no,NA,NA,NA,NA,no,no,NA,NA,NA,NA,no,no,NA,NA,NA,NA,no,no,NA,NA,NA,no,no,NA,NA,NA,no,no,NA,NA,NA,no,no,NA,NA,NA,NA,no,NA,NA,NA,no,no,NA,NA,NA,no,no,NA,NA,NA,yes,yes,MrdA_Bla.16__MrdA_Bla__MrdA__836,99.0,49.4,no,no,no,NA,NA,NA,no,NA,NA,NA,no,no,NA,NA,NA,no,no,NA,NA,NA,no,no,NA,NA,NA,NA,no,no,NA,NA,NA,no,no,NA,NA,NA,NA,no,no,NA,NA,NA,NA,no,no,NA,NA,NA,NA,no,no,NA,NA,NA,no,no,NA,NA,NA,NA
./ariba_amr_results/esc_ca4965aa_as/report.tsv,yes,yes,AMPH_Ecoli_Bla.89__AMPH_Ecoli_Bla__AMPH__615,98.7,41.6,no,no,no,NA,NA,NA,no,NA,NA,NA,NA,no,no,NA,NA,NA,no,no,NA,NA,NA,no,no,NA,NA,NA,NA,no,no,NA,NA,NA,NA,yes,yes,AmpC1_Ecoli_Bla.49__AmpC1_Ecoli_Bla__AmpC1__1670,98.08,41.7,yes,yes,yes,AmpC2_Ecoli_Bla.99__AmpC2_Ecoli_Bla__AmpC2__346,97.62,38.4,yes,no,no,NA,NA,NA,NA,no,no,NA,NA,NA,no,no,NA,NA,NA,no,no,NA,NA,NA,no,no,NA,NA,NA,NA,no,no,NA,NA,NA,NA,no,no,NA,NA,NA,NA,no,no,NA,NA,NA,no,no,NA,NA,NA,no,no,NA,NA,NA,no,no,NA,NA,NA,NA,no,NA,NA,NA,no,no,NA,NA,NA,no,no,NA,NA,NA,yes,yes,MrdA_Bla.16__MrdA_Bla__MrdA__836,99.42,51.6,no,no,no,NA,NA,NA,no,NA,NA,NA,no,no,NA,NA,NA,no,no,NA,NA,NA,no,no,NA,NA,NA,NA,no,no,NA,NA,NA,no,no,NA,NA,NA,NA,no,no,NA,NA,NA,NA,no,no,NA,NA,NA,NA,no,no,NA,NA,NA,no,no,NA,NA,NA,NA
./ariba_amr_results/esc_ca4968aa_as/report.tsv,yes,yes,AMPH_Ecoli_Bla.89__AMPH_Ecoli_Bla__AMPH__615,99.48,47.4,no,no,no,NA,NA,NA,no,NA,NA,NA,NA,no,no,NA,NA,NA,no,no,NA,NA,NA,no,no,NA,NA,NA,NA,no,no,NA,NA,NA,NA,yes,yes,AmpC1_Ecoli_Bla.49__AmpC1_Ecoli_Bla__AmpC1__1670,96.93,34.1,yes,yes,yes,AmpC2_Ecoli_Bla.99__AmpC2_Ecoli_Bla__AmpC2__346,97.35,44.2,yes,no,no,NA,NA,NA,NA,no,no,NA,NA,NA,no,no,NA,NA,NA,no,no,NA,NA,NA,partial,no,CatBx_Phe.371__CatBx_Phe__CatB4__602,100.0,87.9,no,no,no,NA,NA,NA,NA,no,no,NA,NA,NA,NA,no,no,NA,NA,NA,no,no,NA,NA,NA,yes,yes,DfrA8_Tmt.416__DfrA8_Tmt__DfrA8__1079,100.0,45.7,no,no,NA,NA,NA,NA,no,NA,NA,NA,no,no,NA,NA,NA,no,no,NA,NA,NA,yes,yes,MrdA_Bla.16__MrdA_Bla__MrdA__836,99.0,48.9,no,no,no,NA,NA,NA,no,NA,NA,NA,no,no,NA,NA,NA,yes,yes,StrA_AGly.263__StrA_AGly__StrA__1501,99.88,46.3,yes,yes,StrB_AGly.227__StrB_AGly__StrB__1614,100.0,50.4,no,no,no,NA,NA,NA,yes,yes,SulII_Sul.256__SulII_Sul__SulII__1219,99.63,45.0,yes,no,no,NA,NA,NA,NA,yes,yes,TEM_1D_Bla.205__TEM_1D_Bla__TEM_95__948,99.88,47.3,yes,yes,yes,TetA_Tet.52__TetA_Tet__TetA__1545,100.0,50.9,no,no,NA,NA,NA,NA
./ariba_amr_results/esc_ca4985aa_as/report.tsv,yes,yes,AMPH_Ecoli_Bla.89__AMPH_Ecoli_Bla__AMPH__615,100.0,49.9,no,no,no,NA,NA,NA,no,NA,NA,NA,NA,no,no,NA,NA,NA,no,no,NA,NA,NA,no,no,NA,NA,NA,NA,no,no,NA,NA,NA,NA,yes,yes,AmpC1_Ecoli_Bla.49__AmpC1_Ecoli_Bla__AmpC1__1670,100.0,50.9,no,yes,yes,AmpC2_Ecoli_Bla.99__AmpC2_Ecoli_Bla__AmpC2__346,100.0,53.5,no,no,no,NA,NA,NA,NA,no,no,NA,NA,NA,no,no,NA,NA,NA,no,no,NA,NA,NA,no,no,NA,NA,NA,NA,no,no,NA,NA,NA,NA,no,no,NA,NA,NA,NA,no,no,NA,NA,NA,no,no,NA,NA,NA,no,no,NA,NA,NA,no,no,NA,NA,NA,NA,no,NA,NA,NA,no,no,NA,NA,NA,no,no,NA,NA,NA,yes,yes,MrdA_Bla.16__MrdA_Bla__MrdA__836,100.0,54.2,no,no,no,NA,NA,NA,no,NA,NA,NA,no,no,NA,NA,NA,no,no,NA,NA,NA,no,no,NA,NA,NA,NA,no,no,NA,NA,NA,no,no,NA,NA,NA,NA,no,no,NA,NA,NA,NA,no,no,NA,NA,NA,NA,no,no,NA,NA,NA,no,no,NA,NA,NA,NA
./ariba_amr_results/esc_ca4989aa_as/report.tsv,yes,yes,AMPH_Ecoli_Bla.89__AMPH_Ecoli_Bla__AMPH__615,97.5,41.9,yes,no,no,NA,NA,NA,no,NA,NA,NA,NA,no,no,NA,NA,NA,no,no,NA,NA,NA,yes,yes,AadA_AGly.229__AadA_AGly__AadA1__1598,99.24,46.1,yes,no,no,NA,NA,NA,NA,partial,no,AmpC1_Ecoli_Bla.49__AmpC1_Ecoli_Bla__AmpC1__1670,97.59,14.5,yes,yes,yes,AmpC2_Ecoli_Bla.99__AmpC2_Ecoli_Bla__AmpC2__346,98.15,39.7,yes,no,no,NA,NA,NA,NA,no,no,NA,NA,NA,no,no,NA,NA,NA,no,no,NA,NA,NA,partial,no,CatBx_Phe.371__CatBx_Phe__CatB4__602,100.0,32.6,no,no,no,NA,NA,NA,NA,no,no,NA,NA,NA,NA,no,no,NA,NA,NA,no,no,NA,NA,NA,no,no,NA,NA,NA,no,no,NA,NA,NA,NA,no,NA,NA,NA,no,no,NA,NA,NA,no,no,NA,NA,NA,yes,yes,MrdA_Bla.16__MrdA_Bla__MrdA__836,98.32,45.2,no,no,no,NA,NA,NA,no,NA,NA,NA,no,no,NA,NA,NA,no,no,NA,NA,NA,no,no,NA,NA,NA,NA,no,no,NA,NA,NA,no,no,NA,NA,NA,NA,yes,yes,SulI_Sul.225__SulI_Sul__SulI__1616,100.0,47.0,no,no,no,NA,NA,NA,NA,no,no,NA,NA,NA,no,no,NA,NA,NA,NA
./ariba_amr_results/esc_ca4998aa_as/report.tsv,yes,yes,AMPH_Ecoli_Bla.89__AMPH_Ecoli_Bla__AMPH__615,99.48,47.4,no,no,no,NA,NA,NA,no,NA,NA,NA,NA,no,no,NA,NA,NA,no,no,NA,NA,NA,no,no,NA,NA,NA,NA,no,no,NA,NA,NA,NA,yes,yes,AmpC1_Ecoli_Bla.49__AmpC1_Ecoli_Bla__AmpC1__1670,96.93,33.1,yes,yes,yes,AmpC2_Ecoli_Bla.99__AmpC2_Ecoli_Bla__AmpC2__346,97.35,44.2,yes,no,no,NA,NA,NA,NA,no,no,NA,NA,NA,no,no,NA,NA,NA,no,no,NA,NA,NA,no,no,NA,NA,NA,NA,no,no,NA,NA,NA,NA,no,no,NA,NA,NA,NA,no,no,NA,NA,NA,no,no,NA,NA,NA,no,no,NA,NA,NA,no,no,NA,NA,NA,NA,no,NA,NA,NA,no,no,NA,NA,NA,no,no,NA,NA,NA,yes,yes,MrdA_Bla.16__MrdA_Bla__MrdA__836,99.0,49.4,no,no,no,NA,NA,NA,no,NA,NA,NA,no,no,NA,NA,NA,no,no,NA,NA,NA,no,no,NA,NA,NA,NA,no,no,NA,NA,NA,no,no,NA,NA,NA,NA,no,no,NA,NA,NA,NA,no,no,NA,NA,NA,NA,no,no,NA,NA,NA,no,no,NA,NA,NA,NA
./ariba_amr_results/esc_ca5004aa_as/report.tsv,yes,yes,AMPH_Ecoli_Bla.89__AMPH_Ecoli_Bla__AMPH__615,98.62,41.5,yes,no,no,NA,NA,NA,no,NA,NA,NA,NA,no,no,NA,NA,NA,no,no,NA,NA,NA,no,no,NA,NA,NA,NA,no,no,NA,NA,NA,NA,yes,yes,AmpC1_Ecoli_Bla.49__AmpC1_Ecoli_Bla__AmpC1__1670,97.78,38.6,yes,yes,yes,AmpC2_Ecoli_Bla.99__AmpC2_Ecoli_Bla__AmpC2__346,97.62,38.4,yes,no,no,NA,NA,NA,NA,no,no,NA,NA,NA,yes,yes,CTX_M_1_Bla.193__CTX_M_1_Bla__CTX_M_15__150,100.0,47.5,no,no,NA,NA,NA,partial,no,CatBx_Phe.371__CatBx_Phe__CatB4__602,100.0,29.7,no,no,no,NA,NA,NA,NA,no,no,NA,NA,NA,NA,no,no,NA,NA,NA,yes,yes,DfrA7_Tmt.433__DfrA7_Tmt__DfrA7__318,100.0,42.3,no,no,NA,NA,NA,no,no,NA,NA,NA,NA,no,NA,NA,NA,no,no,NA,NA,NA,no,no,NA,NA,NA,yes,yes,MrdA_Bla.16__MrdA_Bla__MrdA__836,99.32,50.7,no,no,no,NA,NA,NA,no,NA,NA,NA,no,no,NA,NA,NA,yes,yes,StrA_AGly.263__StrA_AGly__StrA__1501,99.88,46.3,yes,yes,StrB_AGly.227__StrB_AGly__StrB__1614,100.0,50.8,no,no,no,NA,NA,NA,yes,yes,SulII_Sul.256__SulII_Sul__SulII__1219,99.63,44.9,yes,yes,yes,SulI_Sul.225__SulI_Sul__SulI__1616,100.0,50.8,no,interrupted,no,TEM_1D_Bla.205__TEM_1D_Bla__TEM_1__888,99.88,51.5,yes,no,no,NA,NA,NA,no,no,NA,NA,NA,NA
./ariba_amr_results/esc_ca5014aa_as/report.tsv,yes,yes,AMPH_Ecoli_Bla.89__AMPH_Ecoli_Bla__AMPH__615,100.0,49.9,no,no,no,NA,NA,NA,no,NA,NA,NA,NA,no,no,NA,NA,NA,no,no,NA,NA,NA,no,no,NA,NA,NA,NA,no,no,NA,NA,NA,NA,yes,yes,AmpC1_Ecoli_Bla.49__AmpC1_Ecoli_Bla__AmpC1__1670,100.0,50.9,no,yes,yes,AmpC2_Ecoli_Bla.99__AmpC2_Ecoli_Bla__AmpC2__346,100.0,49.8,no,no,no,NA,NA,NA,NA,no,no,NA,NA,NA,no,no,NA,NA,NA,no,no,NA,NA,NA,no,no,NA,NA,NA,NA,no,no,NA,NA,NA,NA,no,no,NA,NA,NA,NA,no,no,NA,NA,NA,no,no,NA,NA,NA,no,no,NA,NA,NA,no,no,NA,NA,NA,NA,no,NA,NA,NA,no,no,NA,NA,NA,no,no,NA,NA,NA,yes,yes,MrdA_Bla.16__MrdA_Bla__MrdA__836,100.0,54.2,no,no,no,NA,NA,NA,no,NA,NA,NA,no,no,NA,NA,NA,no,no,NA,NA,NA,no,no,NA,NA,NA,NA,no,no,NA,NA,NA,no,no,NA,NA,NA,NA,no,no,NA,NA,NA,NA,no,no,NA,NA,NA,NA,no,no,NA,NA,NA,no,no,NA,NA,NA,NA
./ariba_amr_results/esc_ca5015aa_as/report.tsv,yes,yes,AMPH_Ecoli_Bla.89__AMPH_Ecoli_Bla__AMPH__615,99.48,47.4,no,no,no,NA,NA,NA,no,NA,NA,NA,NA,no,no,NA,NA,NA,no,no,NA,NA,NA,no,no,NA,NA,NA,NA,no,no,NA,NA,NA,NA,yes,yes,AmpC1_Ecoli_Bla.49__AmpC1_Ecoli_Bla__AmpC1__1670,96.93,38.5,yes,yes,yes,AmpC2_Ecoli_Bla.99__AmpC2_Ecoli_Bla__AmpC2__346,97.35,47.2,yes,no,no,NA,NA,NA,NA,no,no,NA,NA,NA,no,no,NA,NA,NA,no,no,NA,NA,NA,partial,no,CatBx_Phe.371__CatBx_Phe__CatB4__602,100.0,29.7,no,no,no,NA,NA,NA,NA,no,no,NA,NA,NA,NA,no,no,NA,NA,NA,yes,yes,DfrA7_Tmt.433__DfrA7_Tmt__DfrA7__318,100.0,42.4,no,no,NA,NA,NA,no,no,NA,NA,NA,NA,no,NA,NA,NA,no,no,NA,NA,NA,no,no,NA,NA,NA,yes,yes,MrdA_Bla.16__MrdA_Bla__MrdA__836,99.0,48.9,no,no,no,NA,NA,NA,no,NA,NA,NA,no,no,NA,NA,NA,yes,yes,StrA_AGly.263__StrA_AGly__StrA__1501,99.88,46.3,yes,yes,StrB_AGly.227__StrB_AGly__StrB__1614,100.0,50.8,no,no,no,NA,NA,NA,yes,yes,SulII_Sul.256__SulII_Sul__SulII__1219,99.63,44.9,yes,interrupted,no,SulI_Sul.225__SulI_Sul__SulI__1616,100.0,45.6,no,yes,yes,TEM_1D_Bla.205__TEM_1D_Bla__TEM_95__948,99.88,47.3,yes,no,no,NA,NA,NA,no,no,NA,NA,NA,NA
./ariba_amr_results/esc_ca5018aa_as/report.tsv,yes,yes,AMPH_Ecoli_Bla.89__AMPH_Ecoli_Bla__AMPH__615,99.05,43.7,yes,no,no,NA,NA,NA,no,NA,NA,NA,NA,no,no,NA,NA,NA,no,no,NA,NA,NA,no,no,NA,NA,NA,NA,no,no,NA,NA,NA,NA,yes,yes,AmpC1_Ecoli_Bla.49__AmpC1_Ecoli_Bla__AmpC1__1670,98.16,42.1,yes,yes,yes,AmpC2_Ecoli_Bla.99__AmpC2_Ecoli_Bla__AmpC2__346,97.71,47.6,yes,no,no,NA,NA,NA,NA,no,no,NA,NA,NA,no,no,NA,NA,NA,no,no,NA,NA,NA,no,no,NA,NA,NA,NA,no,no,NA,NA,NA,NA,no,no,NA,NA,NA,NA,no,no,NA,NA,NA,no,no,NA,NA,NA,no,no,NA,NA,NA,no,no,NA,NA,NA,NA,no,NA,NA,NA,no,no,NA,NA,NA,no,no,NA,NA,NA,yes,yes,MrdA_Bla.16__MrdA_Bla__MrdA__836,98.69,48.4,no,no,no,NA,NA,NA,no,NA,NA,NA,no,no,NA,NA,NA,no,no,NA,NA,NA,no,no,NA,NA,NA,NA,no,no,NA,NA,NA,no,no,NA,NA,NA,NA,no,no,NA,NA,NA,NA,no,no,NA,NA,NA,NA,no,no,NA,NA,NA,no,no,NA,NA,NA,NA
./ariba_amr_results/esc_ca5025aa_as/report.tsv,yes,yes,AMPH_Ecoli_Bla.89__AMPH_Ecoli_Bla__AMPH__615,96.72,33.3,yes,no,no,NA,NA,NA,no,NA,NA,NA,NA,no,no,NA,NA,NA,no,no,NA,NA,NA,no,no,NA,NA,NA,NA,no,no,NA,NA,NA,NA,yes,yes,AmpC1_Ecoli_Bla.49__AmpC1_Ecoli_Bla__AmpC1__1670,96.46,30.7,yes,yes,yes,AmpC2_Ecoli_Bla.99__AmpC2_Ecoli_Bla__AmpC2__346,98.06,40.0,yes,no,no,NA,NA,NA,NA,no,no,NA,NA,NA,no,no,NA,NA,NA,yes,yes,CatA1_Phe.352__CatA1_Phe__CatA1__1470,99.85,52.9,partial,no,CatBx_Phe.371__CatBx_Phe__CatB4__602,100.0,49.9,no,no,no,NA,NA,NA,NA,no,no,NA,NA,NA,NA,no,no,NA,NA,NA,no,no,NA,NA,NA,no,no,NA,NA,NA,no,no,NA,NA,NA,NA,no,NA,NA,NA,no,no,NA,NA,NA,no,no,NA,NA,NA,yes,yes,MrdA_Bla.16__MrdA_Bla__MrdA__836,98.79,49.5,no,no,no,NA,NA,NA,no,NA,NA,NA,no,no,NA,NA,NA,yes,yes,StrA_AGly.263__StrA_AGly__StrA__1501,99.88,49.1,partial,no,StrB_AGly.227__StrB_AGly__StrB__1614,100.0,45.1,no,no,no,NA,NA,NA,yes,yes,SulII_Sul.256__SulII_Sul__SulII__1219,100.0,46.8,no,no,no,NA,NA,NA,NA,yes,yes,TEM_1D_Bla.205__TEM_1D_Bla__TEM_90__943,99.88,51.1,yes,no,no,NA,NA,NA,yes,yes,TetB_Tet.67__TetB_Tet__TetB__1213,99.67,48.3,yes
./ariba_amr_results/esc_ca5026aa_as/report.tsv,yes,yes,AMPH_Ecoli_Bla.89__AMPH_Ecoli_Bla__AMPH__615,99.48,47.4,no,no,no,NA,NA,NA,no,NA,NA,NA,NA,no,no,NA,NA,NA,no,no,NA,NA,NA,no,no,NA,NA,NA,NA,no,no,NA,NA,NA,NA,yes,yes,AmpC1_Ecoli_Bla.49__AmpC1_Ecoli_Bla__AmpC1__1670,96.93,34.1,yes,yes,yes,AmpC2_Ecoli_Bla.99__AmpC2_Ecoli_Bla__AmpC2__346,97.35,47.1,yes,no,no,NA,NA,NA,NA,no,no,NA,NA,NA,no,no,NA,NA,NA,no,no,NA,NA,NA,no,no,NA,NA,NA,NA,no,no,NA,NA,NA,NA,no,no,NA,NA,NA,NA,no,no,NA,NA,NA,no,no,NA,NA,NA,no,no,NA,NA,NA,no,no,NA,NA,NA,NA,no,NA,NA,NA,no,no,NA,NA,NA,no,no,NA,NA,NA,yes,yes,MrdA_Bla.16__MrdA_Bla__MrdA__836,99.0,49.5,no,no,no,NA,NA,NA,no,NA,NA,NA,no,no,NA,NA,NA,no,no,NA,NA,NA,no,no,NA,NA,NA,NA,no,no,NA,NA,NA,no,no,NA,NA,NA,NA,no,no,NA,NA,NA,NA,no,no,NA,NA,NA,NA,no,no,NA,NA,NA,no,no,NA,NA,NA,NA
./ariba_amr_results/esc_ca5032aa_as/report.tsv,yes,yes,AMPH_Ecoli_Bla.89__AMPH_Ecoli_Bla__AMPH__615,97.41,41.1,yes,no,no,NA,NA,NA,no,NA,NA,NA,NA,no,no,NA,NA,NA,no,no,NA,NA,NA,no,no,NA,NA,NA,NA,no,no,NA,NA,NA,NA,partial,no,AmpC1_Ecoli_Bla.49__AmpC1_Ecoli_Bla__AmpC1__1670,97.26,7.3,yes,yes,yes,AmpC2_Ecoli_Bla.99__AmpC2_Ecoli_Bla__AmpC2__346,98.15,41.1,yes,no,no,NA,NA,NA,NA,no,no,NA,NA,NA,no,no,NA,NA,NA,no,no,NA,NA,NA,no,no,NA,NA,NA,NA,no,no,NA,NA,NA,NA,no,no,NA,NA,NA,NA,no,no,NA,NA,NA,no,no,NA,NA,NA,no,no,NA,NA,NA,no,no,NA,NA,NA,NA,no,NA,NA,NA,no,no,NA,NA,NA,no,no,NA,NA,NA,yes,yes,MrdA_Bla.16__MrdA_Bla__MrdA__836,98.26,45.2,no,no,no,NA,NA,NA,no,NA,NA,NA,no,no,NA,NA,NA,no,no,NA,NA,NA,no,no,NA,NA,NA,NA,no,no,NA,NA,NA,no,no,NA,NA,NA,NA,no,no,NA,NA,NA,NA,no,no,NA,NA,NA,NA,no,no,NA,NA,NA,no,no,NA,NA,NA,NA
./ariba_amr_results/esc_ca5033aa_as/report.tsv,yes,yes,AMPH_Ecoli_Bla.89__AMPH_Ecoli_Bla__AMPH__615,99.31,46.5,no,no,no,NA,NA,NA,no,NA,NA,NA,NA,no,no,NA,NA,NA,no,no,NA,NA,NA,no,no,NA,NA,NA,NA,no,no,NA,NA,NA,NA,yes,yes,AmpC1_Ecoli_Bla.49__AmpC1_Ecoli_Bla__AmpC1__1670,98.38,41.2,yes,yes,yes,AmpC2_Ecoli_Bla.99__AmpC2_Ecoli_Bla__AmpC2__346,97.71,47.4,yes,no,no,NA,NA,NA,NA,no,no,NA,NA,NA,no,no,NA,NA,NA,no,no,NA,NA,NA,no,no,NA,NA,NA,NA,no,no,NA,NA,NA,NA,no,no,NA,NA,NA,NA,no,no,NA,NA,NA,no,no,NA,NA,NA,no,no,NA,NA,NA,no,no,NA,NA,NA,NA,no,NA,NA,NA,no,no,NA,NA,NA,no,no,NA,NA,NA,yes,yes,MrdA_Bla.16__MrdA_Bla__MrdA__836,99.16,50.5,no,no,no,NA,NA,NA,no,NA,NA,NA,no,no,NA,NA,NA,no,no,NA,NA,NA,no,no,NA,NA,NA,NA,no,no,NA,NA,NA,no,no,NA,NA,NA,NA,no,no,NA,NA,NA,NA,no,no,NA,NA,NA,NA,no,no,NA,NA,NA,no,no,NA,NA,NA,NA
./ariba_amr_results/esc_ca5036aa_as/report.tsv,yes,yes,AMPH_Ecoli_Bla.89__AMPH_Ecoli_Bla__AMPH__615,97.5,42.0,yes,no,no,NA,NA,NA,no,NA,NA,NA,NA,no,no,NA,NA,NA,no,no,NA,NA,NA,no,no,NA,NA,NA,NA,no,no,NA,NA,NA,NA,partial,no,AmpC1_Ecoli_Bla.49__AmpC1_Ecoli_Bla__AmpC1__1670,97.59,14.5,yes,yes,yes,AmpC2_Ecoli_Bla.99__AmpC2_Ecoli_Bla__AmpC2__346,98.15,39.5,yes,no,no,NA,NA,NA,NA,no,no,NA,NA,NA,no,no,NA,NA,NA,no,no,NA,NA,NA,no,no,NA,NA,NA,NA,no,no,NA,NA,NA,NA,no,no,NA,NA,NA,NA,no,no,NA,NA,NA,no,no,NA,NA,NA,no,no,NA,NA,NA,no,no,NA,NA,NA,NA,no,NA,NA,NA,no,no,NA,NA,NA,no,no,NA,NA,NA,yes,yes,MrdA_Bla.16__MrdA_Bla__MrdA__836,98.26,44.8,no,no,no,NA,NA,NA,no,NA,NA,NA,no,no,NA,NA,NA,no,no,NA,NA,NA,no,no,NA,NA,NA,NA,no,no,NA,NA,NA,no,no,NA,NA,NA,NA,no,no,NA,NA,NA,NA,no,no,NA,NA,NA,NA,no,no,NA,NA,NA,no,no,NA,NA,NA,NA
./ariba_amr_results/esc_ca5066aa_as/report.tsv,yes,yes,AMPH_Ecoli_Bla.89__AMPH_Ecoli_Bla__AMPH__615,97.5,41.8,yes,no,no,NA,NA,NA,no,NA,NA,NA,NA,no,no,NA,NA,NA,no,no,NA,NA,NA,no,no,NA,NA,NA,NA,no,no,NA,NA,NA,NA,partial,no,AmpC1_Ecoli_Bla.49__AmpC1_Ecoli_Bla__AmpC1__1670,97.59,14.5,yes,yes,yes,AmpC2_Ecoli_Bla.99__AmpC2_Ecoli_Bla__AmpC2__346,98.06,39.2,yes,no,no,NA,NA,NA,NA,no,no,NA,NA,NA,no,no,NA,NA,NA,no,no,NA,NA,NA,no,no,NA,NA,NA,NA,no,no,NA,NA,NA,NA,no,no,NA,NA,NA,NA,no,no,NA,NA,NA,no,no,NA,NA,NA,no,no,NA,NA,NA,no,no,NA,NA,NA,NA,no,NA,NA,NA,no,no,NA,NA,NA,no,no,NA,NA,NA,yes,yes,MrdA_Bla.16__MrdA_Bla__MrdA__836,98.48,45.4,no,no,no,NA,NA,NA,no,NA,NA,NA,no,no,NA,NA,NA,no,no,NA,NA,NA,no,no,NA,NA,NA,NA,no,no,NA,NA,NA,no,no,NA,NA,NA,NA,no,no,NA,NA,NA,NA,no,no,NA,NA,NA,NA,no,no,NA,NA,NA,no,no,NA,NA,NA,NA
./ariba_amr_results/esc_ca5075aa_as/report.tsv,yes,yes,AMPH_Ecoli_Bla.89__AMPH_Ecoli_Bla__AMPH__615,97.5,42.0,yes,no,no,NA,NA,NA,no,NA,NA,NA,NA,no,no,NA,NA,NA,no,no,NA,NA,NA,no,no,NA,NA,NA,NA,no,no,NA,NA,NA,NA,partial,no,AmpC1_Ecoli_Bla.49__AmpC1_Ecoli_Bla__AmpC1__1670,97.59,14.5,yes,yes,yes,AmpC2_Ecoli_Bla.99__AmpC2_Ecoli_Bla__AmpC2__346,98.15,39.5,yes,no,no,NA,NA,NA,NA,no,no,NA,NA,NA,no,no,NA,NA,NA,no,no,NA,NA,NA,no,no,NA,NA,NA,NA,no,no,NA,NA,NA,NA,no,no,NA,NA,NA,NA,no,no,NA,NA,NA,no,no,NA,NA,NA,no,no,NA,NA,NA,no,no,NA,NA,NA,NA,no,NA,NA,NA,no,no,NA,NA,NA,no,no,NA,NA,NA,yes,yes,MrdA_Bla.16__MrdA_Bla__MrdA__836,98.26,44.8,no,no,no,NA,NA,NA,no,NA,NA,NA,no,no,NA,NA,NA,no,no,NA,NA,NA,no,no,NA,NA,NA,NA,no,no,NA,NA,NA,no,no,NA,NA,NA,NA,no,no,NA,NA,NA,NA,no,no,NA,NA,NA,NA,no,no,NA,NA,NA,no,no,NA,NA,NA,NA
./ariba_amr_results/esc_ca5087aa_as/report.tsv,yes,yes,AMPH_Ecoli_Bla.89__AMPH_Ecoli_Bla__AMPH__615,98.53,42.3,yes,no,no,NA,NA,NA,no,NA,NA,NA,NA,no,no,NA,NA,NA,no,no,NA,NA,NA,no,no,NA,NA,NA,NA,no,no,NA,NA,NA,NA,yes,yes,AmpC1_Ecoli_Bla.49__AmpC1_Ecoli_Bla__AmpC1__1670,98.16,41.6,yes,yes,yes,AmpC2_Ecoli_Bla.99__AmpC2_Ecoli_Bla__AmpC2__346,97.71,47.4,yes,no,no,NA,NA,NA,NA,no,no,NA,NA,NA,no,no,NA,NA,NA,no,no,NA,NA,NA,no,no,NA,NA,NA,NA,no,no,NA,NA,NA,NA,no,no,NA,NA,NA,NA,no,no,NA,NA,NA,no,no,NA,NA,NA,no,no,NA,NA,NA,no,no,NA,NA,NA,NA,no,NA,NA,NA,no,no,NA,NA,NA,no,no,NA,NA,NA,yes,yes,MrdA_Bla.16__MrdA_Bla__MrdA__836,98.79,48.7,no,no,no,NA,NA,NA,no,NA,NA,NA,no,no,NA,NA,NA,no,no,NA,NA,NA,no,no,NA,NA,NA,NA,no,no,NA,NA,NA,no,no,NA,NA,NA,NA,no,no,NA,NA,NA,NA,no,no,NA,NA,NA,NA,no,no,NA,NA,NA,no,no,NA,NA,NA,NA
./ariba_amr_results/esc_ca5088aa_as/report.tsv,yes,yes,AMPH_Ecoli_Bla.89__AMPH_Ecoli_Bla__AMPH__615,97.5,41.9,yes,no,no,NA,NA,NA,no,NA,NA,NA,NA,no,no,NA,NA,NA,no,no,NA,NA,NA,no,no,NA,NA,NA,NA,no,no,NA,NA,NA,NA,partial,no,AmpC1_Ecoli_Bla.49__AmpC1_Ecoli_Bla__AmpC1__1670,97.59,14.5,yes,yes,yes,AmpC2_Ecoli_Bla.99__AmpC2_Ecoli_Bla__AmpC2__346,97.62,37.8,yes,no,no,NA,NA,NA,NA,no,no,NA,NA,NA,no,no,NA,NA,NA,no,no,NA,NA,NA,partial,no,CatBx_Phe.371__CatBx_Phe__CatB4__602,100.0,32.6,no,no,no,NA,NA,NA,NA,no,no,NA,NA,NA,NA,no,no,NA,NA,NA,no,no,NA,NA,NA,no,no,NA,NA,NA,no,no,NA,NA,NA,NA,no,NA,NA,NA,no,no,NA,NA,NA,no,no,NA,NA,NA,yes,yes,MrdA_Bla.16__MrdA_Bla__MrdA__836,98.58,44.7,no,no,no,NA,NA,NA,no,NA,NA,NA,no,no,NA,NA,NA,no,no,NA,NA,NA,no,no,NA,NA,NA,NA,no,no,NA,NA,NA,no,no,NA,NA,NA,NA,no,no,NA,NA,NA,NA,no,no,NA,NA,NA,NA,no,no,NA,NA,NA,no,no,NA,NA,NA,NA
./ariba_amr_results/esc_ca5091aa_as/report.tsv,yes,yes,AMPH_Ecoli_Bla.89__AMPH_Ecoli_Bla__AMPH__615,99.48,47.2,no,no,no,NA,NA,NA,no,NA,NA,NA,NA,no,no,NA,NA,NA,no,no,NA,NA,NA,no,no,NA,NA,NA,NA,no,no,NA,NA,NA,NA,yes,yes,AmpC1_Ecoli_Bla.49__AmpC1_Ecoli_Bla__AmpC1__1670,96.93,33.1,yes,yes,yes,AmpC2_Ecoli_Bla.99__AmpC2_Ecoli_Bla__AmpC2__346,97.35,44.7,yes,no,no,NA,NA,NA,NA,no,no,NA,NA,NA,no,no,NA,NA,NA,no,no,NA,NA,NA,no,no,NA,NA,NA,NA,no,no,NA,NA,NA,NA,no,no,NA,NA,NA,NA,no,no,NA,NA,NA,no,no,NA,NA,NA,no,no,NA,NA,NA,no,no,NA,NA,NA,NA,no,NA,NA,NA,no,no,NA,NA,NA,no,no,NA,NA,NA,yes,yes,MrdA_Bla.16__MrdA_Bla__MrdA__836,99.0,49.5,no,no,no,NA,NA,NA,no,NA,NA,NA,no,no,NA,NA,NA,no,no,NA,NA,NA,no,no,NA,NA,NA,NA,no,no,NA,NA,NA,no,no,NA,NA,NA,NA,no,no,NA,NA,NA,NA,no,no,NA,NA,NA,NA,no,no,NA,NA,NA,no,no,NA,NA,NA,NA
./ariba_amr_results/esc_ca5108aa_as/report.tsv,yes,yes,AMPH_Ecoli_Bla.89__AMPH_Ecoli_Bla__AMPH__615,99.48,47.4,no,no,no,NA,NA,NA,no,NA,NA,NA,NA,no,no,NA,NA,NA,no,no,NA,NA,NA,no,no,NA,NA,NA,NA,no,no,NA,NA,NA,NA,yes,yes,AmpC1_Ecoli_Bla.49__AmpC1_Ecoli_Bla__AmpC1__1670,96.93,34.1,yes,yes,yes,AmpC2_Ecoli_Bla.99__AmpC2_Ecoli_Bla__AmpC2__346,97.35,44.2,yes,no,no,NA,NA,NA,NA,no,no,NA,NA,NA,no,no,NA,NA,NA,no,no,NA,NA,NA,no,no,NA,NA,NA,NA,no,no,NA,NA,NA,NA,no,no,NA,NA,NA,NA,no,no,NA,NA,NA,no,no,NA,NA,NA,no,no,NA,NA,NA,no,no,NA,NA,NA,NA,no,NA,NA,NA,no,no,NA,NA,NA,no,no,NA,NA,NA,yes,yes,MrdA_Bla.16__MrdA_Bla__MrdA__836,99.0,49.5,no,no,no,NA,NA,NA,no,NA,NA,NA,no,no,NA,NA,NA,no,no,NA,NA,NA,no,no,NA,NA,NA,NA,no,no,NA,NA,NA,no,no,NA,NA,NA,NA,no,no,NA,NA,NA,NA,no,no,NA,NA,NA,NA,no,no,NA,NA,NA,no,no,NA,NA,NA,NA
./ariba_amr_results/esc_ca5117aa_as/report.tsv,yes,yes,AMPH_Ecoli_Bla.89__AMPH_Ecoli_Bla__AMPH__615,99.05,44.1,yes,no,no,NA,NA,NA,no,NA,NA,NA,NA,no,no,NA,NA,NA,no,no,NA,NA,NA,no,no,NA,NA,NA,NA,no,no,NA,NA,NA,NA,yes,yes,AmpC1_Ecoli_Bla.49__AmpC1_Ecoli_Bla__AmpC1__1670,98.16,41.7,yes,yes,yes,AmpC2_Ecoli_Bla.99__AmpC2_Ecoli_Bla__AmpC2__346,97.71,47.4,yes,no,no,NA,NA,NA,NA,no,no,NA,NA,NA,no,no,NA,NA,NA,no,no,NA,NA,NA,no,no,NA,NA,NA,NA,no,no,NA,NA,NA,NA,no,no,NA,NA,NA,NA,no,no,NA,NA,NA,no,no,NA,NA,NA,no,no,NA,NA,NA,no,no,NA,NA,NA,NA,no,NA,NA,NA,no,no,NA,NA,NA,no,no,NA,NA,NA,yes,yes,MrdA_Bla.16__MrdA_Bla__MrdA__836,98.69,48.4,no,no,no,NA,NA,NA,no,NA,NA,NA,no,no,NA,NA,NA,no,no,NA,NA,NA,no,no,NA,NA,NA,NA,no,no,NA,NA,NA,no,no,NA,NA,NA,NA,no,no,NA,NA,NA,NA,no,no,NA,NA,NA,NA,no,no,NA,NA,NA,no,no,NA,NA,NA,NA
./ariba_amr_results/esc_ca5128aa_as/report.tsv,yes,yes,AMPH_Ecoli_Bla.89__AMPH_Ecoli_Bla__AMPH__615,98.01,42.9,yes,no,no,NA,NA,NA,no,NA,NA,NA,NA,no,no,NA,NA,NA,yes,yes,AadA4_5_AGly.285__AadA4_5_AGly__AadA5__1497,100.0,46.6,no,no,NA,NA,NA,NA,no,no,NA,NA,NA,NA,yes,yes,AmpC1_Ecoli_Bla.49__AmpC1_Ecoli_Bla__AmpC1__1670,96.0,35.9,yes,yes,yes,AmpC2_Ecoli_Bla.99__AmpC2_Ecoli_Bla__AmpC2__346,97.97,40.6,yes,no,no,NA,NA,NA,NA,no,no,NA,NA,NA,no,no,NA,NA,NA,partial,no,CatA1_Phe.352__CatA1_Phe__CatA1__1470,99.77,38.3,partial,no,CatBx_Phe.371__CatBx_Phe__CatB4__602,100.0,40.4,no,no,no,NA,NA,NA,NA,no,no,NA,NA,NA,NA,no,no,NA,NA,NA,yes,yes,DfrA7_Tmt.433__DfrA7_Tmt__DfrA17__316,100.0,42.2,no,no,NA,NA,NA,no,no,NA,NA,NA,NA,no,NA,NA,NA,yes,yes,MphA_MLS.158__MphA_MLS__MphA__1663,100.0,56.6,no,no,NA,NA,NA,yes,yes,MrdA_Bla.16__MrdA_Bla__MrdA__836,98.95,49.7,no,no,no,NA,NA,NA,no,NA,NA,NA,no,no,NA,NA,NA,yes,yes,StrA_AGly.263__StrA_AGly__StrA__1501,99.88,46.3,yes,yes,StrB_AGly.227__StrB_AGly__StrB__1614,100.0,50.8,no,no,no,NA,NA,NA,yes,yes,SulII_Sul.256__SulII_Sul__SulII__1219,99.63,44.9,yes,fragmented,no,SulI_Sul.225__SulI_Sul__SulI__1616,100.0,47.2,yes,yes,yes,TEM_1D_Bla.205__TEM_1D_Bla__TEM_95__948,99.88,51.3,yes,no,no,NA,NA,NA,no,no,NA,NA,NA,NA
./ariba_amr_results/esc_ca5129aa_as/report.tsv,yes,yes,AMPH_Ecoli_Bla.89__AMPH_Ecoli_Bla__AMPH__615,96.72,33.3,yes,no,no,NA,NA,NA,no,NA,NA,NA,NA,no,no,NA,NA,NA,yes,yes,AadA4_5_AGly.285__AadA4_5_AGly__AadA5__1497,100.0,46.5,no,no,NA,NA,NA,NA,no,no,NA,NA,NA,NA,yes,yes,AmpC1_Ecoli_Bla.49__AmpC1_Ecoli_Bla__AmpC1__1670,96.46,30.5,yes,yes,yes,AmpC2_Ecoli_Bla.99__AmpC2_Ecoli_Bla__AmpC2__346,98.06,40.8,yes,no,no,NA,NA,NA,NA,no,no,NA,NA,NA,no,no,NA,NA,NA,no,no,NA,NA,NA,partial,no,CatBx_Phe.371__CatBx_Phe__CatB4__602,100.0,31.7,no,no,no,NA,NA,NA,NA,no,no,NA,NA,NA,NA,no,no,NA,NA,NA,yes,yes,DfrA7_Tmt.433__DfrA7_Tmt__DfrA17__316,100.0,42.2,no,no,NA,NA,NA,no,no,NA,NA,NA,NA,no,NA,NA,NA,yes,yes,MphA_MLS.158__MphA_MLS__MphA__1663,100.0,57.0,no,no,NA,NA,NA,yes,yes,MrdA_Bla.16__MrdA_Bla__MrdA__836,98.79,49.8,no,no,no,NA,NA,NA,no,NA,NA,NA,no,no,NA,NA,NA,yes,yes,StrA_AGly.263__StrA_AGly__StrA__1501,99.88,46.3,yes,yes,StrB_AGly.227__StrB_AGly__StrB__1614,99.88,46.2,yes,no,no,NA,NA,NA,yes,yes,SulII_Sul.256__SulII_Sul__SulII__1219,100.0,46.8,no,yes,yes,SulI_Sul.225__SulI_Sul__SulI__1616,100.0,47.0,no,yes,yes,TEM_1D_Bla.205__TEM_1D_Bla__TEM_95__948,99.88,51.8,yes,yes,yes,TetA_Tet.52__TetA_Tet__TetA__1545,100.0,50.9,no,no,NA,NA,NA,NA
./ariba_amr_results/esc_ca5131aa_as/report.tsv,yes,yes,AMPH_Ecoli_Bla.89__AMPH_Ecoli_Bla__AMPH__615,97.5,42.0,yes,no,no,NA,NA,NA,no,NA,NA,NA,NA,no,no,NA,NA,NA,no,no,NA,NA,NA,no,no,NA,NA,NA,NA,no,no,NA,NA,NA,NA,partial,no,AmpC1_Ecoli_Bla.49__AmpC1_Ecoli_Bla__AmpC1__1670,97.59,14.5,yes,yes,yes,AmpC2_Ecoli_Bla.99__AmpC2_Ecoli_Bla__AmpC2__346,97.62,37.5,yes,no,no,NA,NA,NA,NA,no,no,NA,NA,NA,no,no,NA,NA,NA,no,no,NA,NA,NA,partial,no,CatBx_Phe.371__CatBx_Phe__CatB4__602,100.0,35.6,no,no,no,NA,NA,NA,NA,no,no,NA,NA,NA,NA,yes,yes,DfrA5_Tmt.431__DfrA5_Tmt__DfrA5__324,100.0,43.5,no,no,NA,NA,NA,no,no,NA,NA,NA,no,no,NA,NA,NA,NA,no,NA,NA,NA,no,no,NA,NA,NA,no,no,NA,NA,NA,yes,yes,MrdA_Bla.16__MrdA_Bla__MrdA__836,98.58,44.7,no,no,no,NA,NA,NA,no,NA,NA,NA,no,no,NA,NA,NA,yes,yes,StrA_AGly.263__StrA_AGly__StrA__1501,99.88,46.3,yes,yes,StrB_AGly.227__StrB_AGly__StrB__1614,100.0,50.7,no,no,no,NA,NA,NA,yes,yes,SulII_Sul.256__SulII_Sul__SulII__1219,99.63,44.9,yes,yes,yes,SulI_Sul.225__SulI_Sul__SulI__1616,100.0,48.9,no,yes,yes,TEM_1D_Bla.205__TEM_1D_Bla__TEM_95__948,99.88,55.0,yes,no,no,NA,NA,NA,no,no,NA,NA,NA,NA
./ariba_amr_results/esc_ca5139aa_as/report.tsv,yes,yes,AMPH_Ecoli_Bla.89__AMPH_Ecoli_Bla__AMPH__615,98.7,43.4,no,no,no,NA,NA,NA,no,NA,NA,NA,NA,no,no,NA,NA,NA,no,no,NA,NA,NA,no,no,NA,NA,NA,NA,no,no,NA,NA,NA,NA,yes,yes,AmpC1_Ecoli_Bla.49__AmpC1_Ecoli_Bla__AmpC1__1670,98.16,41.6,yes,yes,yes,AmpC2_Ecoli_Bla.99__AmpC2_Ecoli_Bla__AmpC2__346,97.44,37.1,yes,no,no,NA,NA,NA,NA,no,no,NA,NA,NA,no,no,NA,NA,NA,no,no,NA,NA,NA,no,no,NA,NA,NA,NA,no,no,NA,NA,NA,NA,no,no,NA,NA,NA,NA,no,no,NA,NA,NA,no,no,NA,NA,NA,no,no,NA,NA,NA,no,no,NA,NA,NA,NA,no,NA,NA,NA,no,no,NA,NA,NA,no,no,NA,NA,NA,yes,yes,MrdA_Bla.16__MrdA_Bla__MrdA__836,98.69,48.1,no,no,no,NA,NA,NA,no,NA,NA,NA,no,no,NA,NA,NA,no,no,NA,NA,NA,no,no,NA,NA,NA,NA,no,no,NA,NA,NA,no,no,NA,NA,NA,NA,no,no,NA,NA,NA,NA,no,no,NA,NA,NA,NA,no,no,NA,NA,NA,yes,yes,TetB_Tet.67__TetB_Tet__TetB__1213,99.67,48.3,yes
./ariba_amr_results/esc_ca5176aa_as/report.tsv,yes,yes,AMPH_Ecoli_Bla.89__AMPH_Ecoli_Bla__AMPH__615,99.48,47.2,no,no,no,NA,NA,NA,no,NA,NA,NA,NA,no,no,NA,NA,NA,no,no,NA,NA,NA,no,no,NA,NA,NA,NA,no,no,NA,NA,NA,NA,yes,yes,AmpC1_Ecoli_Bla.49__AmpC1_Ecoli_Bla__AmpC1__1670,96.93,34.1,yes,yes,yes,AmpC2_Ecoli_Bla.99__AmpC2_Ecoli_Bla__AmpC2__346,97.35,44.7,yes,no,no,NA,NA,NA,NA,no,no,NA,NA,NA,no,no,NA,NA,NA,no,no,NA,NA,NA,no,no,NA,NA,NA,NA,no,no,NA,NA,NA,NA,no,no,NA,NA,NA,NA,no,no,NA,NA,NA,no,no,NA,NA,NA,no,no,NA,NA,NA,no,no,NA,NA,NA,NA,no,NA,NA,NA,no,no,NA,NA,NA,no,no,NA,NA,NA,yes,yes,MrdA_Bla.16__MrdA_Bla__MrdA__836,99.0,49.5,no,no,no,NA,NA,NA,no,NA,NA,NA,no,no,NA,NA,NA,no,no,NA,NA,NA,no,no,NA,NA,NA,NA,no,no,NA,NA,NA,no,no,NA,NA,NA,NA,no,no,NA,NA,NA,NA,no,no,NA,NA,NA,NA,no,no,NA,NA,NA,no,no,NA,NA,NA,NA
./ariba_amr_results/esc_ca5177aa_as/report.tsv,yes,yes,AMPH_Ecoli_Bla.89__AMPH_Ecoli_Bla__AMPH__615,97.15,39.1,yes,no,no,NA,NA,NA,no,NA,NA,NA,NA,no,no,NA,NA,NA,no,no,NA,NA,NA,no,no,NA,NA,NA,NA,no,no,NA,NA,NA,NA,partial,no,AmpC1_Ecoli_Bla.49__AmpC1_Ecoli_Bla__AmpC1__1670,97.59,14.5,yes,yes,yes,AmpC2_Ecoli_Bla.99__AmpC2_Ecoli_Bla__AmpC2__346,97.97,39.3,yes,no,no,NA,NA,NA,NA,no,no,NA,NA,NA,no,no,NA,NA,NA,no,no,NA,NA,NA,no,no,NA,NA,NA,NA,no,no,NA,NA,NA,NA,no,no,NA,NA,NA,NA,no,no,NA,NA,NA,no,no,NA,NA,NA,no,no,NA,NA,NA,no,no,NA,NA,NA,NA,no,NA,NA,NA,no,no,NA,NA,NA,no,no,NA,NA,NA,yes,yes,MrdA_Bla.16__MrdA_Bla__MrdA__836,98.63,45.6,no,no,no,NA,NA,NA,no,NA,NA,NA,no,no,NA,NA,NA,no,no,NA,NA,NA,no,no,NA,NA,NA,NA,no,no,NA,NA,NA,no,no,NA,NA,NA,NA,no,no,NA,NA,NA,NA,no,no,NA,NA,NA,NA,no,no,NA,NA,NA,no,no,NA,NA,NA,NA
./ariba_amr_results/esc_ca5184aa_as/report.tsv,yes,yes,AMPH_Ecoli_Bla.89__AMPH_Ecoli_Bla__AMPH__615,98.79,43.4,no,no,no,NA,NA,NA,no,NA,NA,NA,NA,no,no,NA,NA,NA,no,no,NA,NA,NA,no,no,NA,NA,NA,NA,no,no,NA,NA,NA,NA,yes,yes,AmpC1_Ecoli_Bla.49__AmpC1_Ecoli_Bla__AmpC1__1670,98.16,41.7,yes,yes,yes,AmpC2_Ecoli_Bla.99__AmpC2_Ecoli_Bla__AmpC2__346,97.62,47.4,yes,no,no,NA,NA,NA,NA,no,no,NA,NA,NA,no,no,NA,NA,NA,no,no,NA,NA,NA,no,no,NA,NA,NA,NA,no,no,NA,NA,NA,NA,no,no,NA,NA,NA,NA,no,no,NA,NA,NA,no,no,NA,NA,NA,no,no,NA,NA,NA,no,no,NA,NA,NA,NA,no,NA,NA,NA,no,no,NA,NA,NA,no,no,NA,NA,NA,yes,yes,MrdA_Bla.16__MrdA_Bla__MrdA__836,99.32,50.9,no,no,no,NA,NA,NA,no,NA,NA,NA,no,no,NA,NA,NA,yes,yes,StrA_AGly.263__StrA_AGly__StrA__1501,99.88,46.3,partial,no,StrB_AGly.227__StrB_AGly__StrB__1614,100.0,45.1,no,no,no,NA,NA,NA,yes,yes,SulII_Sul.256__SulII_Sul__SulII__1219,100.0,46.8,no,no,no,NA,NA,NA,NA,yes,yes,TEM_1D_Bla.205__TEM_1D_Bla__TEM_135__985,99.88,47.2,yes,no,no,NA,NA,NA,no,no,NA,NA,NA,NA
