name,AMPH_Ecoli_Bla.assembled,AMPH_Ecoli_Bla.match,AMPH_Ecoli_Bla.ref_seq,AMPH_Ecoli_Bla.pct_id,AMPH_Ecoli_Bla.ctg_cov,AMPH_Ecoli_Bla.novel_var,Aac3_IIa_AGly.assembled,Aac3_IIa_AGly.match,Aac3_IIa_AGly.ref_seq,Aac3_IIa_AGly.pct_id,Aac3_IIa_AGly.ctg_cov,Aac3_Iva_AGly.assembled,Aac3_Iva_AGly.ref_seq,Aac3_Iva_AGly.pct_id,Aac3_Iva_AGly.ctg_cov,Aac3_Iva_AGly.novel_var,AacAad_AGly_3.assembled,AacAad_AGly_3.match,AacAad_AGly_3.ref_seq,AacAad_AGly_3.pct_id,AacAad_AGly_3.ctg_cov,AadA4_5_AGly.assembled,AadA4_5_AGly.match,AadA4_5_AGly.ref_seq,AadA4_5_AGly.pct_id,AadA4_5_AGly.ctg_cov,AadA_AGly.assembled,AadA_AGly.match,AadA_AGly.ref_seq,AadA_AGly.pct_id,AadA_AGly.ctg_cov,AadA_AGly.novel_var,AadA_AGly_1.assembled,AadA_AGly_1.ref_seq,AadA_AGly_1.pct_id,AadA_AGly_1.ctg_cov,AadA_AGly_1.novel_var,AadA_AGly_2.assembled,AadA_AGly_2.match,AadA_AGly_2.ref_seq,AadA_AGly_2.pct_id,AadA_AGly_2.ctg_cov,AadA_AGly_2.novel_var,AmpC1_Ecoli_Bla.assembled,AmpC1_Ecoli_Bla.match,AmpC1_Ecoli_Bla.ref_seq,AmpC1_Ecoli_Bla.pct_id,AmpC1_Ecoli_Bla.ctg_cov,AmpC1_Ecoli_Bla.novel_var,AmpC2_Ecoli_Bla.assembled,AmpC2_Ecoli_Bla.match,AmpC2_Ecoli_Bla.ref_seq,AmpC2_Ecoli_Bla.pct_id,AmpC2_Ecoli_Bla.ctg_cov,AmpC2_Ecoli_Bla.novel_var,Aph3__Ia_AGly.assembled,Aph3__Ia_AGly.match,Aph3__Ia_AGly.ref_seq,Aph3__Ia_AGly.pct_id,Aph3__Ia_AGly.ctg_cov,Aph4_Ia_AGly.assembled,Aph4_Ia_AGly.match,Aph4_Ia_AGly.ref_seq,Aph4_Ia_AGly.pct_id,Aph4_Ia_AGly.ctg_cov,CTX_M_1_Bla.assembled,CTX_M_1_Bla.match,CTX_M_1_Bla.ref_seq,CTX_M_1_Bla.pct_id,CTX_M_1_Bla.ctg_cov,CatA1_Phe.assembled,CatA1_Phe.ref_seq,CatA1_Phe.pct_id,CatA1_Phe.ctg_cov,CatBx_Phe.assembled,CatBx_Phe.ref_seq,CatBx_Phe.pct_id,CatBx_Phe.ctg_cov,CatBx_Phe.novel_var,DfrA1_Tmt_1.assembled,DfrA1_Tmt_1.match,DfrA1_Tmt_1.ref_seq,DfrA1_Tmt_1.pct_id,DfrA1_Tmt_1.ctg_cov,DfrA1_Tmt_1.novel_var,DfrA5_Tmt.assembled,DfrA5_Tmt.match,DfrA5_Tmt.ref_seq,DfrA5_Tmt.pct_id,DfrA5_Tmt.ctg_cov,DfrA5_Tmt_1.assembled,DfrA5_Tmt_1.match,DfrA5_Tmt_1.ref_seq,DfrA5_Tmt_1.pct_id,DfrA5_Tmt_1.ctg_cov,DfrA7_Tmt.assembled,DfrA7_Tmt.match,DfrA7_Tmt.ref_seq,DfrA7_Tmt.pct_id,DfrA7_Tmt.ctg_cov,DfrA8_Tmt.assembled,DfrA8_Tmt.match,DfrA8_Tmt.ref_seq,DfrA8_Tmt.pct_id,DfrA8_Tmt.ctg_cov,DfrA_Tmt.assembled,DfrA_Tmt.match,DfrA_Tmt.ref_seq,DfrA_Tmt.pct_id,DfrA_Tmt.ctg_cov,FloR_Phe.assembled,FloR_Phe.match,FloR_Phe.ref_seq,FloR_Phe.pct_id,FloR_Phe.ctg_cov,FloR_Phe.novel_var,MphA_MLS.assembled,MphA_MLS.match,MphA_MLS.ref_seq,MphA_MLS.pct_id,MphA_MLS.ctg_cov,MphB_MLS.assembled,MphB_MLS.match,MphB_MLS.ref_seq,MphB_MLS.pct_id,MphB_MLS.ctg_cov,MrdA_Bla.assembled,MrdA_Bla.match,MrdA_Bla.ref_seq,MrdA_Bla.pct_id,MrdA_Bla.ctg_cov,MrdA_Bla.novel_var,OXA_1_Bla.assembled,OXA_1_Bla.match,OXA_1_Bla.ref_seq,OXA_1_Bla.pct_id,OXA_1_Bla.ctg_cov,QnrB_Flq.assembled,QnrB_Flq.match,QnrB_Flq.ref_seq,QnrB_Flq.pct_id,QnrB_Flq.ctg_cov,Qnr_S_Flq_1.assembled,Qnr_S_Flq_1.match,Qnr_S_Flq_1.ref_seq,Qnr_S_Flq_1.pct_id,Qnr_S_Flq_1.ctg_cov,Sat_2A_AGly.assembled,Sat_2A_AGly.match,Sat_2A_AGly.ref_seq,Sat_2A_AGly.pct_id,Sat_2A_AGly.ctg_cov,StrA_AGly.assembled,StrA_AGly.match,StrA_AGly.ref_seq,StrA_AGly.pct_id,StrA_AGly.ctg_cov,StrA_AGly.novel_var,StrB_AGly.assembled,StrB_AGly.match,StrB_AGly.ref_seq,StrB_AGly.pct_id,StrB_AGly.ctg_cov,StrB_AGly.novel_var,SulII_Sul.assembled,SulII_Sul.match,SulII_Sul.ref_seq,SulII_Sul.pct_id,SulII_Sul.ctg_cov,SulII_Sul.novel_var,SulI_Sul.assembled,SulI_Sul.match,SulI_Sul.ref_seq,SulI_Sul.pct_id,SulI_Sul.ctg_cov,TEM_1D_Bla.assembled,TEM_1D_Bla.match,TEM_1D_Bla.ref_seq,TEM_1D_Bla.pct_id,TEM_1D_Bla.ctg_cov,TEM_1D_Bla.novel_var,TetA_Tet.assembled,TetA_Tet.match,TetA_Tet.ref_seq,TetA_Tet.pct_id,TetA_Tet.ctg_cov,TetB_Tet.assembled,TetB_Tet.match,TetB_Tet.ref_seq,TetB_Tet.pct_id,TetB_Tet.ctg_cov,TetB_Tet.novel_var
./ariba_amr_results/SRR3574301_trimmed/report.tsv,yes,yes,AMPH_Ecoli_Bla.89__AMPH_Ecoli_Bla__AMPH__615,99.31,30.7,no,no,no,NA,NA,NA,no,NA,NA,NA,NA,no,no,NA,NA,NA,no,no,NA,NA,NA,no,no,NA,NA,NA,NA,no,NA,NA,NA,NA,no,no,NA,NA,NA,NA,yes,yes,AmpC1_Ecoli_Bla.49__AmpC1_Ecoli_Bla__AmpC1__1670,95.94,28.7,yes,yes,yes,AmpC2_Ecoli_Bla.99__AmpC2_Ecoli_Bla__AmpC2__346,97.88,37.4,yes,no,no,NA,NA,NA,no,no,NA,NA,NA,no,no,NA,NA,NA,no,NA,NA,NA,partial,CatBx_Phe.371__CatBx_Phe__CatB4__602,100.0,23.3,no,no,no,NA,NA,NA,NA,no,no,NA,NA,NA,no,no,NA,NA,NA,no,no,NA,NA,NA,no,no,NA,NA,NA,no,no,NA,NA,NA,no,no,NA,NA,NA,NA,no,no,NA,NA,NA,no,no,NA,NA,NA,yes,yes,MrdA_Bla.16__MrdA_Bla__MrdA__836,98.69,40.1,no,no,no,NA,NA,NA,no,no,NA,NA,NA,no,no,NA,NA,NA,no,no,NA,NA,NA,no,no,NA,NA,NA,NA,no,no,NA,NA,NA,NA,no,no,NA,NA,NA,NA,no,no,NA,NA,NA,no,no,NA,NA,NA,NA,no,no,NA,NA,NA,no,no,NA,NA,NA,NA
./ariba_amr_results/SRR3574303_trimmed/report.tsv,yes,yes,AMPH_Ecoli_Bla.89__AMPH_Ecoli_Bla__AMPH__615,98.7,35.9,no,no,no,NA,NA,NA,no,NA,NA,NA,NA,no,no,NA,NA,NA,no,no,NA,NA,NA,no,no,NA,NA,NA,NA,no,NA,NA,NA,NA,no,no,NA,NA,NA,NA,yes,yes,AmpC1_Ecoli_Bla.49__AmpC1_Ecoli_Bla__AmpC1__1670,98.62,29.8,yes,yes,yes,AmpC2_Ecoli_Bla.99__AmpC2_Ecoli_Bla__AmpC2__346,97.71,34.8,yes,no,no,NA,NA,NA,no,no,NA,NA,NA,no,no,NA,NA,NA,no,NA,NA,NA,no,NA,NA,NA,NA,no,no,NA,NA,NA,NA,no,no,NA,NA,NA,no,no,NA,NA,NA,no,no,NA,NA,NA,no,no,NA,NA,NA,no,no,NA,NA,NA,no,no,NA,NA,NA,NA,no,no,NA,NA,NA,no,no,NA,NA,NA,yes,yes,MrdA_Bla.16__MrdA_Bla__MrdA__836,98.69,33.3,no,no,no,NA,NA,NA,no,no,NA,NA,NA,no,no,NA,NA,NA,no,no,NA,NA,NA,no,no,NA,NA,NA,NA,no,no,NA,NA,NA,NA,no,no,NA,NA,NA,NA,no,no,NA,NA,NA,no,no,NA,NA,NA,NA,no,no,NA,NA,NA,no,no,NA,NA,NA,NA
./ariba_amr_results/SRR3574305_trimmed/report.tsv,yes,yes,AMPH_Ecoli_Bla.89__AMPH_Ecoli_Bla__AMPH__615,99.48,35.4,no,no,no,NA,NA,NA,no,NA,NA,NA,NA,no,no,NA,NA,NA,no,no,NA,NA,NA,no,no,NA,NA,NA,NA,no,NA,NA,NA,NA,no,no,NA,NA,NA,NA,yes,yes,AmpC1_Ecoli_Bla.49__AmpC1_Ecoli_Bla__AmpC1__1670,97.01,30.6,yes,yes,yes,AmpC2_Ecoli_Bla.99__AmpC2_Ecoli_Bla__AmpC2__346,97.27,34.2,yes,no,no,NA,NA,NA,no,no,NA,NA,NA,no,no,NA,NA,NA,no,NA,NA,NA,partial,CatBx_Phe.371__CatBx_Phe__CatB4__602,98.28,36.1,yes,no,no,NA,NA,NA,NA,no,no,NA,NA,NA,no,no,NA,NA,NA,yes,yes,DfrA7_Tmt.433__DfrA7_Tmt__DfrA7__318,100.0,38.8,no,no,NA,NA,NA,no,no,NA,NA,NA,no,no,NA,NA,NA,NA,no,no,NA,NA,NA,no,no,NA,NA,NA,yes,yes,MrdA_Bla.16__MrdA_Bla__MrdA__836,99.0,44.5,no,no,no,NA,NA,NA,no,no,NA,NA,NA,no,no,NA,NA,NA,no,no,NA,NA,NA,yes,yes,StrA_AGly.263__StrA_AGly__StrA__1501,99.88,34.4,no,yes,yes,StrB_AGly.227__StrB_AGly__StrB__1614,100.0,42.4,no,yes,yes,SulII_Sul.256__SulII_Sul__SulII__1219,99.63,28.6,yes,yes,yes,SulI_Sul.225__SulI_Sul__SulI__1616,100.0,28.8,yes,yes,TEM_1D_Bla.205__TEM_1D_Bla__TEM_95__948,99.88,46.7,yes,no,no,NA,NA,NA,no,no,NA,NA,NA,NA
./ariba_amr_results/SRR3574306_trimmed/report.tsv,yes,yes,AMPH_Ecoli_Bla.89__AMPH_Ecoli_Bla__AMPH__615,98.88,42.8,yes,no,no,NA,NA,NA,no,NA,NA,NA,NA,no,no,NA,NA,NA,no,no,NA,NA,NA,no,no,NA,NA,NA,NA,no,NA,NA,NA,NA,no,no,NA,NA,NA,NA,yes,yes,AmpC1_Ecoli_Bla.49__AmpC1_Ecoli_Bla__AmpC1__1670,100.0,37.4,no,yes,yes,AmpC2_Ecoli_Bla.99__AmpC2_Ecoli_Bla__AmpC2__346,97.35,39.6,yes,no,no,NA,NA,NA,no,no,NA,NA,NA,no,no,NA,NA,NA,no,NA,NA,NA,partial,CatBx_Phe.371__CatBx_Phe__CatB4__602,100.0,20.1,no,yes,yes,DfrA1_Tmt.430__DfrA1_Tmt__DfrA1__319,100.0,3.1,no,no,no,NA,NA,NA,yes,yes,DfrA5_Tmt.431__DfrA5_Tmt__DfrA5__324,100.0,56.6,no,no,NA,NA,NA,no,no,NA,NA,NA,no,no,NA,NA,NA,no,no,NA,NA,NA,NA,no,no,NA,NA,NA,no,no,NA,NA,NA,yes,yes,MrdA_Bla.16__MrdA_Bla__MrdA__836,99.95,59.6,no,no,no,NA,NA,NA,no,no,NA,NA,NA,no,no,NA,NA,NA,partial,no,Sat_2A_AGly.413__Sat_2A_AGly__Sat_2A__1088,100.0,3.5,yes,yes,StrA_AGly.263__StrA_AGly__StrA__1501,99.88,49.4,no,yes,yes,StrB_AGly.227__StrB_AGly__StrB__1614,100.0,67.9,no,yes,yes,SulII_Sul.256__SulII_Sul__SulII__1219,100.0,41.0,no,yes,yes,SulI_Sul.225__SulI_Sul__SulI__1616,100.0,28.8,no,no,NA,NA,NA,NA,yes,yes,TetA_Tet.52__TetA_Tet__TetA__1545,100.0,14.8,no,no,NA,NA,NA,NA
./ariba_amr_results/SRR3574307_trimmed/report.tsv,yes,yes,AMPH_Ecoli_Bla.89__AMPH_Ecoli_Bla__AMPH__615,100.0,45.6,no,no,no,NA,NA,NA,no,NA,NA,NA,NA,no,no,NA,NA,NA,no,no,NA,NA,NA,no,no,NA,NA,NA,NA,no,NA,NA,NA,NA,no,no,NA,NA,NA,NA,yes,yes,AmpC1_Ecoli_Bla.49__AmpC1_Ecoli_Bla__AmpC1__1670,100.0,34.1,no,yes,yes,AmpC2_Ecoli_Bla.99__AmpC2_Ecoli_Bla__AmpC2__346,99.91,44.0,yes,no,no,NA,NA,NA,no,no,NA,NA,NA,no,no,NA,NA,NA,no,NA,NA,NA,no,NA,NA,NA,NA,no,no,NA,NA,NA,NA,no,no,NA,NA,NA,no,no,NA,NA,NA,no,no,NA,NA,NA,no,no,NA,NA,NA,no,no,NA,NA,NA,no,no,NA,NA,NA,NA,no,no,NA,NA,NA,no,no,NA,NA,NA,yes,yes,MrdA_Bla.16__MrdA_Bla__MrdA__836,99.95,46.7,no,no,no,NA,NA,NA,no,no,NA,NA,NA,no,no,NA,NA,NA,no,no,NA,NA,NA,no,no,NA,NA,NA,NA,no,no,NA,NA,NA,NA,no,no,NA,NA,NA,NA,no,no,NA,NA,NA,no,no,NA,NA,NA,NA,no,no,NA,NA,NA,no,no,NA,NA,NA,NA
./ariba_amr_results/SRR3574308_trimmed/report.tsv,yes,yes,AMPH_Ecoli_Bla.89__AMPH_Ecoli_Bla__AMPH__615,99.91,40.0,yes,no,no,NA,NA,NA,no,NA,NA,NA,NA,no,no,NA,NA,NA,no,no,NA,NA,NA,no,no,NA,NA,NA,NA,no,NA,NA,NA,NA,no,no,NA,NA,NA,NA,yes,yes,AmpC1_Ecoli_Bla.49__AmpC1_Ecoli_Bla__AmpC1__1670,100.0,36.1,no,yes,yes,AmpC2_Ecoli_Bla.99__AmpC2_Ecoli_Bla__AmpC2__346,100.0,48.5,no,no,no,NA,NA,NA,no,no,NA,NA,NA,no,no,NA,NA,NA,no,NA,NA,NA,partial,CatBx_Phe.371__CatBx_Phe__CatB4__602,99.07,24.3,no,no,no,NA,NA,NA,NA,yes,yes,DfrA5_Tmt.431__DfrA5_Tmt__DfrA14__322,100.0,35.2,no,no,NA,NA,NA,no,no,NA,NA,NA,no,no,NA,NA,NA,no,no,NA,NA,NA,no,no,NA,NA,NA,NA,no,no,NA,NA,NA,no,no,NA,NA,NA,yes,yes,MrdA_Bla.16__MrdA_Bla__MrdA__836,100.0,57.5,no,no,no,NA,NA,NA,no,no,NA,NA,NA,yes,yes,Qnr_S_Flq.357__Qnr_S_Flq__Qnr_S1__1455,100.0,49.4,no,no,NA,NA,NA,yes,yes,StrA_AGly.263__StrA_AGly__StrA__1501,99.88,30.1,no,yes,yes,StrB_AGly.227__StrB_AGly__StrB__1614,100.0,41.6,no,yes,yes,SulII_Sul.256__SulII_Sul__SulII__1219,100.0,26.1,no,no,no,NA,NA,NA,yes,yes,TEM_1D_Bla.205__TEM_1D_Bla__TEM_95__948,99.88,51.5,yes,no,no,NA,NA,NA,no,no,NA,NA,NA,NA
./ariba_amr_results/SRR3574309_trimmed/report.tsv,yes,yes,AMPH_Ecoli_Bla.89__AMPH_Ecoli_Bla__AMPH__615,100.0,38.7,no,no,no,NA,NA,NA,no,NA,NA,NA,NA,no,no,NA,NA,NA,no,no,NA,NA,NA,no,no,NA,NA,NA,NA,no,NA,NA,NA,NA,no,no,NA,NA,NA,NA,yes,yes,AmpC1_Ecoli_Bla.49__AmpC1_Ecoli_Bla__AmpC1__1670,100.0,32.6,no,yes,yes,AmpC2_Ecoli_Bla.99__AmpC2_Ecoli_Bla__AmpC2__346,100.0,40.4,no,no,no,NA,NA,NA,no,no,NA,NA,NA,yes,yes,CTX_M_1_Bla.193__CTX_M_1_Bla__CTX_M_15__150,100.0,36.3,no,NA,NA,NA,no,NA,NA,NA,NA,no,no,NA,NA,NA,NA,no,no,NA,NA,NA,no,no,NA,NA,NA,no,no,NA,NA,NA,no,no,NA,NA,NA,no,no,NA,NA,NA,no,no,NA,NA,NA,NA,no,no,NA,NA,NA,no,no,NA,NA,NA,yes,yes,MrdA_Bla.16__MrdA_Bla__MrdA__836,100.0,46.0,no,no,no,NA,NA,NA,no,no,NA,NA,NA,no,no,NA,NA,NA,no,no,NA,NA,NA,no,no,NA,NA,NA,NA,no,no,NA,NA,NA,NA,no,no,NA,NA,NA,NA,no,no,NA,NA,NA,no,no,NA,NA,NA,NA,no,no,NA,NA,NA,no,no,NA,NA,NA,NA
./ariba_amr_results/SRR3574310_trimmed/report.tsv,yes,yes,AMPH_Ecoli_Bla.89__AMPH_Ecoli_Bla__AMPH__615,97.06,40.9,yes,no,no,NA,NA,NA,no,NA,NA,NA,NA,no,no,NA,NA,NA,no,no,NA,NA,NA,yes,yes,AadA_AGly.229__AadA_AGly__AadA17__1603,95.83,57.9,yes,no,NA,NA,NA,NA,yes,yes,AadA_AGly.229__AadA_AGly__AadA2__1605,99.87,50.4,no,yes,yes,AmpC1_Ecoli_Bla.49__AmpC1_Ecoli_Bla__AmpC1__1670,96.61,44.3,yes,yes,yes,AmpC2_Ecoli_Bla.99__AmpC2_Ecoli_Bla__AmpC2__346,98.06,49.7,yes,no,no,NA,NA,NA,no,no,NA,NA,NA,no,no,NA,NA,NA,no,NA,NA,NA,partial,CatBx_Phe.371__CatBx_Phe__CatB4__602,100.0,28.4,no,no,no,NA,NA,NA,NA,no,no,NA,NA,NA,no,no,NA,NA,NA,no,no,NA,NA,NA,no,no,NA,NA,NA,yes,yes,DfrA_Tmt.418__DfrA_Tmt__DfrA12__1089,100.0,55.8,no,no,NA,NA,NA,NA,yes,yes,MphA_MLS.158__MphA_MLS__MphA__1663,100.0,47.3,no,no,NA,NA,NA,yes,yes,MrdA_Bla.16__MrdA_Bla__MrdA__836,98.58,69.9,no,no,no,NA,NA,NA,no,no,NA,NA,NA,no,no,NA,NA,NA,no,no,NA,NA,NA,no,no,NA,NA,NA,NA,no,no,NA,NA,NA,NA,no,no,NA,NA,NA,NA,yes,yes,SulI_Sul.225__SulI_Sul__SulI__1616,99.88,28.7,yes,yes,TEM_1D_Bla.205__TEM_1D_Bla__TEM_95__948,99.88,72.7,yes,yes,yes,TetA_Tet.52__TetA_Tet__TetA__1545,100.0,48.4,no,no,NA,NA,NA,NA
./ariba_amr_results/SRR3574311_trimmed/report.tsv,yes,yes,AMPH_Ecoli_Bla.89__AMPH_Ecoli_Bla__AMPH__615,99.22,42.3,yes,no,no,NA,NA,NA,no,NA,NA,NA,NA,no,no,NA,NA,NA,yes,yes,AadA4_5_AGly.285__AadA4_5_AGly__AadA5__1497,100.0,38.1,no,no,NA,NA,NA,NA,no,NA,NA,NA,NA,no,no,NA,NA,NA,NA,yes,yes,AmpC1_Ecoli_Bla.49__AmpC1_Ecoli_Bla__AmpC1__1670,98.62,36.0,yes,yes,yes,AmpC2_Ecoli_Bla.99__AmpC2_Ecoli_Bla__AmpC2__346,97.62,41.4,yes,no,no,NA,NA,NA,no,no,NA,NA,NA,yes,yes,CTX_M_1_Bla.193__CTX_M_1_Bla__CTX_M_15__150,100.0,38.7,no,NA,NA,NA,partial,CatBx_Phe.371__CatBx_Phe__CatB4__602,100.0,114.1,no,no,no,NA,NA,NA,NA,no,no,NA,NA,NA,no,no,NA,NA,NA,yes,yes,DfrA7_Tmt.433__DfrA7_Tmt__DfrA17__316,100.0,41.6,no,no,NA,NA,NA,no,no,NA,NA,NA,no,no,NA,NA,NA,NA,yes,yes,MphA_MLS.158__MphA_MLS__MphA__1663,100.0,34.5,no,no,NA,NA,NA,yes,yes,MrdA_Bla.16__MrdA_Bla__MrdA__836,99.0,47.6,no,no,no,NA,NA,NA,no,no,NA,NA,NA,yes,yes,Qnr_S_Flq.357__Qnr_S_Flq__Qnr_S1__1455,100.0,57.5,no,no,NA,NA,NA,yes,yes,StrA_AGly.263__StrA_AGly__StrA__1501,99.88,33.1,no,yes,yes,StrB_AGly.227__StrB_AGly__StrB__1614,99.88,34.6,yes,yes,yes,SulII_Sul.256__SulII_Sul__SulII__1219,100.0,33.6,no,yes,yes,SulI_Sul.225__SulI_Sul__SulI__1616,100.0,26.5,no,no,NA,NA,NA,NA,yes,yes,TetA_Tet.52__TetA_Tet__TetA__1545,100.0,38.2,no,no,NA,NA,NA,NA
./ariba_amr_results/SRR3574312_trimmed/report.tsv,yes,yes,AMPH_Ecoli_Bla.89__AMPH_Ecoli_Bla__AMPH__615,98.7,36.9,no,no,no,NA,NA,NA,no,NA,NA,NA,NA,no,no,NA,NA,NA,no,no,NA,NA,NA,no,no,NA,NA,NA,NA,no,NA,NA,NA,NA,no,no,NA,NA,NA,NA,yes,yes,AmpC1_Ecoli_Bla.49__AmpC1_Ecoli_Bla__AmpC1__1670,98.16,27.5,yes,yes,yes,AmpC2_Ecoli_Bla.99__AmpC2_Ecoli_Bla__AmpC2__346,97.53,39.5,yes,no,no,NA,NA,NA,no,no,NA,NA,NA,no,no,NA,NA,NA,no,NA,NA,NA,no,NA,NA,NA,NA,no,no,NA,NA,NA,NA,no,no,NA,NA,NA,no,no,NA,NA,NA,no,no,NA,NA,NA,no,no,NA,NA,NA,no,no,NA,NA,NA,no,no,NA,NA,NA,NA,no,no,NA,NA,NA,no,no,NA,NA,NA,yes,yes,MrdA_Bla.16__MrdA_Bla__MrdA__836,98.69,36.1,no,no,no,NA,NA,NA,no,no,NA,NA,NA,no,no,NA,NA,NA,no,no,NA,NA,NA,no,no,NA,NA,NA,NA,no,no,NA,NA,NA,NA,no,no,NA,NA,NA,NA,no,no,NA,NA,NA,no,no,NA,NA,NA,NA,no,no,NA,NA,NA,no,no,NA,NA,NA,NA
./ariba_amr_results/SRR3574314_trimmed/report.tsv,yes,yes,AMPH_Ecoli_Bla.89__AMPH_Ecoli_Bla__AMPH__615,98.7,36.7,no,no,no,NA,NA,NA,no,NA,NA,NA,NA,no,no,NA,NA,NA,no,no,NA,NA,NA,no,no,NA,NA,NA,NA,no,NA,NA,NA,NA,no,no,NA,NA,NA,NA,yes,yes,AmpC1_Ecoli_Bla.49__AmpC1_Ecoli_Bla__AmpC1__1670,98.16,29.1,yes,yes,yes,AmpC2_Ecoli_Bla.99__AmpC2_Ecoli_Bla__AmpC2__346,97.53,29.9,yes,no,no,NA,NA,NA,no,no,NA,NA,NA,no,no,NA,NA,NA,no,NA,NA,NA,no,NA,NA,NA,NA,no,no,NA,NA,NA,NA,no,no,NA,NA,NA,no,no,NA,NA,NA,no,no,NA,NA,NA,no,no,NA,NA,NA,no,no,NA,NA,NA,no,no,NA,NA,NA,NA,no,no,NA,NA,NA,no,no,NA,NA,NA,yes,yes,MrdA_Bla.16__MrdA_Bla__MrdA__836,98.69,41.9,no,no,no,NA,NA,NA,no,no,NA,NA,NA,no,no,NA,NA,NA,no,no,NA,NA,NA,no,no,NA,NA,NA,NA,no,no,NA,NA,NA,NA,no,no,NA,NA,NA,NA,no,no,NA,NA,NA,no,no,NA,NA,NA,NA,no,no,NA,NA,NA,no,no,NA,NA,NA,NA
./ariba_amr_results/SRR3574316_trimmed/report.tsv,yes,yes,AMPH_Ecoli_Bla.89__AMPH_Ecoli_Bla__AMPH__615,97.24,35.8,yes,no,no,NA,NA,NA,no,NA,NA,NA,NA,no,no,NA,NA,NA,no,no,NA,NA,NA,no,no,NA,NA,NA,NA,no,NA,NA,NA,NA,no,no,NA,NA,NA,NA,partial,no,AmpC1_Ecoli_Bla.49__AmpC1_Ecoli_Bla__AmpC1__1670,97.59,8.7,yes,yes,yes,AmpC2_Ecoli_Bla.99__AmpC2_Ecoli_Bla__AmpC2__346,97.53,35.0,yes,no,no,NA,NA,NA,no,no,NA,NA,NA,no,no,NA,NA,NA,no,NA,NA,NA,partial,CatBx_Phe.371__CatBx_Phe__CatB4__602,100.0,43.6,no,no,no,NA,NA,NA,NA,no,no,NA,NA,NA,no,no,NA,NA,NA,yes,yes,DfrA7_Tmt.433__DfrA7_Tmt__DfrA7__318,100.0,33.9,no,no,NA,NA,NA,no,no,NA,NA,NA,no,no,NA,NA,NA,NA,no,no,NA,NA,NA,no,no,NA,NA,NA,yes,yes,MrdA_Bla.16__MrdA_Bla__MrdA__836,98.63,44.5,no,no,no,NA,NA,NA,no,no,NA,NA,NA,no,no,NA,NA,NA,no,no,NA,NA,NA,yes,yes,StrA_AGly.263__StrA_AGly__StrA__1501,99.88,34.3,no,yes,yes,StrB_AGly.227__StrB_AGly__StrB__1614,100.0,35.1,no,yes,yes,SulII_Sul.256__SulII_Sul__SulII__1219,99.75,29.4,yes,yes,yes,SulI_Sul.225__SulI_Sul__SulI__1616,100.0,18.9,yes,yes,TEM_1D_Bla.205__TEM_1D_Bla__TEM_95__948,99.88,49.7,yes,yes,yes,TetA_Tet.52__TetA_Tet__TetA__1545,100.0,31.3,no,no,NA,NA,NA,NA
./ariba_amr_results/SRR3574317_trimmed/report.tsv,yes,yes,AMPH_Ecoli_Bla.89__AMPH_Ecoli_Bla__AMPH__615,99.14,36.6,yes,no,no,NA,NA,NA,no,NA,NA,NA,NA,no,no,NA,NA,NA,no,no,NA,NA,NA,no,no,NA,NA,NA,NA,no,NA,NA,NA,NA,no,no,NA,NA,NA,NA,yes,yes,AmpC1_Ecoli_Bla.49__AmpC1_Ecoli_Bla__AmpC1__1670,98.54,26.5,yes,yes_nonunique,yes,AmpC2_Ecoli_Bla.99__AmpC2_Ecoli_Bla__AmpC2__346,97.62,30.1,yes,no,no,NA,NA,NA,no,no,NA,NA,NA,no,no,NA,NA,NA,no,NA,NA,NA,no,NA,NA,NA,NA,no,no,NA,NA,NA,NA,no,no,NA,NA,NA,partial,no,DfrA5_Tmt.431__DfrA5_Tmt__DfrA5__324,100.0,2.8,no,no,NA,NA,NA,no,no,NA,NA,NA,no,no,NA,NA,NA,no,no,NA,NA,NA,NA,no,no,NA,NA,NA,no,no,NA,NA,NA,yes,yes,MrdA_Bla.16__MrdA_Bla__MrdA__836,99.0,40.0,no,no,no,NA,NA,NA,no,no,NA,NA,NA,no,no,NA,NA,NA,no,no,NA,NA,NA,no,no,NA,NA,NA,NA,no,no,NA,NA,NA,NA,no,no,NA,NA,NA,NA,no,no,NA,NA,NA,partial,no,TEM_1D_Bla.205__TEM_1D_Bla__TEM_1__888,99.84,5.3,no,no,no,NA,NA,NA,no,no,NA,NA,NA,NA
./ariba_amr_results/SRR3574318_trimmed/report.tsv,yes,yes,AMPH_Ecoli_Bla.89__AMPH_Ecoli_Bla__AMPH__615,97.5,37.9,yes,no,no,NA,NA,NA,no,NA,NA,NA,NA,no,no,NA,NA,NA,no,no,NA,NA,NA,no,no,NA,NA,NA,NA,no,NA,NA,NA,NA,no,no,NA,NA,NA,NA,partial,no,AmpC1_Ecoli_Bla.49__AmpC1_Ecoli_Bla__AmpC1__1670,97.59,9.6,yes,yes,yes,AmpC2_Ecoli_Bla.99__AmpC2_Ecoli_Bla__AmpC2__346,98.15,39.0,yes,no,no,NA,NA,NA,no,no,NA,NA,NA,no,no,NA,NA,NA,no,NA,NA,NA,no,NA,NA,NA,NA,no,no,NA,NA,NA,NA,no,no,NA,NA,NA,no,no,NA,NA,NA,no,no,NA,NA,NA,no,no,NA,NA,NA,no,no,NA,NA,NA,no,no,NA,NA,NA,NA,no,no,NA,NA,NA,no,no,NA,NA,NA,yes,yes,MrdA_Bla.16__MrdA_Bla__MrdA__836,98.26,45.8,no,no,no,NA,NA,NA,no,no,NA,NA,NA,no,no,NA,NA,NA,no,no,NA,NA,NA,no,no,NA,NA,NA,NA,no,no,NA,NA,NA,NA,no,no,NA,NA,NA,NA,no,no,NA,NA,NA,no,no,NA,NA,NA,NA,no,no,NA,NA,NA,no,no,NA,NA,NA,NA
./ariba_amr_results/SRR3574319_trimmed/report.tsv,yes,yes,AMPH_Ecoli_Bla.89__AMPH_Ecoli_Bla__AMPH__615,96.72,35.1,yes,no,no,NA,NA,NA,no,NA,NA,NA,NA,no,no,NA,NA,NA,yes,yes,AadA4_5_AGly.285__AadA4_5_AGly__AadA5__1497,100.0,67.3,no,no,NA,NA,NA,NA,no,NA,NA,NA,NA,no,no,NA,NA,NA,NA,yes,yes,AmpC1_Ecoli_Bla.49__AmpC1_Ecoli_Bla__AmpC1__1670,96.46,36.8,yes,yes,yes,AmpC2_Ecoli_Bla.99__AmpC2_Ecoli_Bla__AmpC2__346,98.06,44.9,yes,no,no,NA,NA,NA,no,no,NA,NA,NA,no,no,NA,NA,NA,no,NA,NA,NA,partial,CatBx_Phe.371__CatBx_Phe__CatB4__602,100.0,109.4,no,no,no,NA,NA,NA,NA,no,no,NA,NA,NA,no,no,NA,NA,NA,yes,yes,DfrA7_Tmt.433__DfrA7_Tmt__DfrA17__316,100.0,83.6,no,no,NA,NA,NA,no,no,NA,NA,NA,no,no,NA,NA,NA,NA,no,no,NA,NA,NA,no,no,NA,NA,NA,yes,yes,MrdA_Bla.16__MrdA_Bla__MrdA__836,98.79,61.7,no,no,no,NA,NA,NA,no,no,NA,NA,NA,no,no,NA,NA,NA,no,no,NA,NA,NA,no,no,NA,NA,NA,NA,no,no,NA,NA,NA,NA,no,no,NA,NA,NA,NA,yes,yes,SulI_Sul.225__SulI_Sul__SulI__1616,100.0,55.6,yes,yes,TEM_1D_Bla.205__TEM_1D_Bla__TEM_95__948,99.88,129.3,yes,no,no,NA,NA,NA,no,no,NA,NA,NA,NA
./ariba_amr_results/SRR3574320_trimmed/report.tsv,yes,yes,AMPH_Ecoli_Bla.89__AMPH_Ecoli_Bla__AMPH__615,98.88,43.8,yes,no,no,NA,NA,NA,no,NA,NA,NA,NA,no,no,NA,NA,NA,no,no,NA,NA,NA,no,no,NA,NA,NA,NA,no,NA,NA,NA,NA,no,no,NA,NA,NA,NA,yes,yes,AmpC1_Ecoli_Bla.49__AmpC1_Ecoli_Bla__AmpC1__1670,100.0,40.6,no,yes,yes,AmpC2_Ecoli_Bla.99__AmpC2_Ecoli_Bla__AmpC2__346,97.35,32.8,yes,no,no,NA,NA,NA,no,no,NA,NA,NA,no,no,NA,NA,NA,no,NA,NA,NA,partial,CatBx_Phe.371__CatBx_Phe__CatB4__602,100.0,52.9,yes,no,no,NA,NA,NA,NA,yes,yes,DfrA5_Tmt.431__DfrA5_Tmt__DfrA14__322,100.0,61.3,no,no,NA,NA,NA,no,no,NA,NA,NA,no,no,NA,NA,NA,no,no,NA,NA,NA,no,no,NA,NA,NA,NA,no,no,NA,NA,NA,no,no,NA,NA,NA,yes,yes,MrdA_Bla.16__MrdA_Bla__MrdA__836,99.95,60.7,no,no,no,NA,NA,NA,no,no,NA,NA,NA,no,no,NA,NA,NA,no,no,NA,NA,NA,yes,yes,StrA_AGly.263__StrA_AGly__StrA__1501,99.75,38.0,yes,yes,yes,StrB_AGly.227__StrB_AGly__StrB__1614,99.88,61.3,yes,yes,yes,SulII_Sul.256__SulII_Sul__SulII__1219,100.0,37.0,no,no,no,NA,NA,NA,yes,yes,TEM_1D_Bla.205__TEM_1D_Bla__TEM_95__948,99.88,73.4,yes,yes,yes,TetA_Tet.52__TetA_Tet__TetA__1545,100.0,53.0,no,no,NA,NA,NA,NA
./ariba_amr_results/SRR3574321_trimmed/report.tsv,yes,yes,AMPH_Ecoli_Bla.89__AMPH_Ecoli_Bla__AMPH__615,97.15,46.4,yes,no,no,NA,NA,NA,no,NA,NA,NA,NA,no,no,NA,NA,NA,no,no,NA,NA,NA,no,no,NA,NA,NA,NA,no,NA,NA,NA,NA,no,no,NA,NA,NA,NA,partial,no,AmpC1_Ecoli_Bla.49__AmpC1_Ecoli_Bla__AmpC1__1670,97.59,13.2,yes,yes,yes,AmpC2_Ecoli_Bla.99__AmpC2_Ecoli_Bla__AmpC2__346,97.97,44.7,yes,no,no,NA,NA,NA,no,no,NA,NA,NA,no,no,NA,NA,NA,no,NA,NA,NA,no,NA,NA,NA,NA,no,no,NA,NA,NA,NA,no,no,NA,NA,NA,no,no,NA,NA,NA,no,no,NA,NA,NA,no,no,NA,NA,NA,no,no,NA,NA,NA,no,no,NA,NA,NA,NA,no,no,NA,NA,NA,no,no,NA,NA,NA,yes,yes,MrdA_Bla.16__MrdA_Bla__MrdA__836,98.63,54.8,no,no,no,NA,NA,NA,no,no,NA,NA,NA,no,no,NA,NA,NA,no,no,NA,NA,NA,no,no,NA,NA,NA,NA,no,no,NA,NA,NA,NA,no,no,NA,NA,NA,NA,no,no,NA,NA,NA,no,no,NA,NA,NA,NA,no,no,NA,NA,NA,no,no,NA,NA,NA,NA
./ariba_amr_results/SRR3574323_trimmed/report.tsv,yes,yes,AMPH_Ecoli_Bla.89__AMPH_Ecoli_Bla__AMPH__615,98.7,42.2,no,no,no,NA,NA,NA,no,NA,NA,NA,NA,no,no,NA,NA,NA,no,no,NA,NA,NA,no,no,NA,NA,NA,NA,no,NA,NA,NA,NA,no,no,NA,NA,NA,NA,yes,yes,AmpC1_Ecoli_Bla.49__AmpC1_Ecoli_Bla__AmpC1__1670,98.16,30.4,yes,yes,yes,AmpC2_Ecoli_Bla.99__AmpC2_Ecoli_Bla__AmpC2__346,97.53,36.7,yes,no,no,NA,NA,NA,no,no,NA,NA,NA,no,no,NA,NA,NA,no,NA,NA,NA,no,NA,NA,NA,NA,no,no,NA,NA,NA,NA,no,no,NA,NA,NA,no,no,NA,NA,NA,no,no,NA,NA,NA,no,no,NA,NA,NA,no,no,NA,NA,NA,no,no,NA,NA,NA,NA,no,no,NA,NA,NA,no,no,NA,NA,NA,yes,yes,MrdA_Bla.16__MrdA_Bla__MrdA__836,98.69,42.6,no,no,no,NA,NA,NA,no,no,NA,NA,NA,no,no,NA,NA,NA,no,no,NA,NA,NA,no,no,NA,NA,NA,NA,no,no,NA,NA,NA,NA,no,no,NA,NA,NA,NA,no,no,NA,NA,NA,no,no,NA,NA,NA,NA,no,no,NA,NA,NA,no,no,NA,NA,NA,NA
./ariba_amr_results/SRR3574324_trimmed/report.tsv,yes,yes,AMPH_Ecoli_Bla.89__AMPH_Ecoli_Bla__AMPH__615,98.7,31.2,no,no,no,NA,NA,NA,no,NA,NA,NA,NA,no,no,NA,NA,NA,no,no,NA,NA,NA,no,no,NA,NA,NA,NA,no,NA,NA,NA,NA,no,no,NA,NA,NA,NA,yes,yes,AmpC1_Ecoli_Bla.49__AmpC1_Ecoli_Bla__AmpC1__1670,98.16,25.2,yes,yes,yes,AmpC2_Ecoli_Bla.99__AmpC2_Ecoli_Bla__AmpC2__346,97.53,32.1,yes,no,no,NA,NA,NA,no,no,NA,NA,NA,no,no,NA,NA,NA,no,NA,NA,NA,no,NA,NA,NA,NA,no,no,NA,NA,NA,NA,no,no,NA,NA,NA,no,no,NA,NA,NA,no,no,NA,NA,NA,no,no,NA,NA,NA,no,no,NA,NA,NA,no,no,NA,NA,NA,NA,no,no,NA,NA,NA,no,no,NA,NA,NA,yes,yes,MrdA_Bla.16__MrdA_Bla__MrdA__836,98.69,37.5,no,no,no,NA,NA,NA,no,no,NA,NA,NA,no,no,NA,NA,NA,no,no,NA,NA,NA,no,no,NA,NA,NA,NA,no,no,NA,NA,NA,NA,no,no,NA,NA,NA,NA,no,no,NA,NA,NA,no,no,NA,NA,NA,NA,no,no,NA,NA,NA,no,no,NA,NA,NA,NA
./ariba_amr_results/SRR3574326_trimmed/report.tsv,yes,yes,AMPH_Ecoli_Bla.89__AMPH_Ecoli_Bla__AMPH__615,100.0,51.2,no,no,no,NA,NA,NA,no,NA,NA,NA,NA,no,no,NA,NA,NA,no,no,NA,NA,NA,yes,yes,AadA_AGly.229__AadA_AGly__AadA1__1598,98.99,42.7,yes,interrupted,AadA_AGly.229__AadA_AGly__AadA13__1601,90.44,6.3,yes,no,no,NA,NA,NA,NA,yes,yes,AmpC1_Ecoli_Bla.49__AmpC1_Ecoli_Bla__AmpC1__1670,100.0,42.5,no,yes,yes,AmpC2_Ecoli_Bla.99__AmpC2_Ecoli_Bla__AmpC2__346,97.27,41.5,yes,no,no,NA,NA,NA,no,no,NA,NA,NA,no,no,NA,NA,NA,no,NA,NA,NA,partial,CatBx_Phe.371__CatBx_Phe__CatB4__602,100.0,29.1,no,yes,yes,DfrA1_Tmt.430__DfrA1_Tmt__DfrA1__319,100.0,59.3,no,no,no,NA,NA,NA,no,no,NA,NA,NA,no,no,NA,NA,NA,no,no,NA,NA,NA,no,no,NA,NA,NA,no,no,NA,NA,NA,NA,no,no,NA,NA,NA,no,no,NA,NA,NA,yes,yes,MrdA_Bla.16__MrdA_Bla__MrdA__836,100.0,59.8,no,no,no,NA,NA,NA,no,no,NA,NA,NA,no,no,NA,NA,NA,yes,yes,Sat_2A_AGly.413__Sat_2A_AGly__Sat_2A__1088,100.0,43.7,no,no,NA,NA,NA,NA,no,no,NA,NA,NA,NA,no,no,NA,NA,NA,NA,no,no,NA,NA,NA,yes,yes,TEM_1D_Bla.205__TEM_1D_Bla__TEM_90__943,99.88,100.0,yes,no,no,NA,NA,NA,fragmented,no,TetB_Tet.67__TetB_Tet__TetB__1213,99.6,45.5,yes
./ariba_amr_results/SRR3574327_trimmed/report.tsv,yes,yes,AMPH_Ecoli_Bla.89__AMPH_Ecoli_Bla__AMPH__615,98.7,53.4,no,no,no,NA,NA,NA,no,NA,NA,NA,NA,no,no,NA,NA,NA,no,no,NA,NA,NA,no,no,NA,NA,NA,NA,no,NA,NA,NA,NA,no,no,NA,NA,NA,NA,yes,yes,AmpC1_Ecoli_Bla.49__AmpC1_Ecoli_Bla__AmpC1__1670,98.62,34.3,yes,yes,yes,AmpC2_Ecoli_Bla.99__AmpC2_Ecoli_Bla__AmpC2__346,97.71,51.7,yes,no,no,NA,NA,NA,no,no,NA,NA,NA,no,no,NA,NA,NA,no,NA,NA,NA,no,NA,NA,NA,NA,no,no,NA,NA,NA,NA,no,no,NA,NA,NA,no,no,NA,NA,NA,no,no,NA,NA,NA,no,no,NA,NA,NA,no,no,NA,NA,NA,no,no,NA,NA,NA,NA,no,no,NA,NA,NA,no,no,NA,NA,NA,yes,yes,MrdA_Bla.16__MrdA_Bla__MrdA__836,98.69,56.8,no,no,no,NA,NA,NA,no,no,NA,NA,NA,no,no,NA,NA,NA,no,no,NA,NA,NA,no,no,NA,NA,NA,NA,no,no,NA,NA,NA,NA,no,no,NA,NA,NA,NA,no,no,NA,NA,NA,no,no,NA,NA,NA,NA,no,no,NA,NA,NA,no,no,NA,NA,NA,NA
./ariba_amr_results/SRR3574328_trimmed/report.tsv,yes,yes,AMPH_Ecoli_Bla.89__AMPH_Ecoli_Bla__AMPH__615,97.06,24.6,yes,no,no,NA,NA,NA,no,NA,NA,NA,NA,no,no,NA,NA,NA,no,no,NA,NA,NA,no,no,NA,NA,NA,NA,no,NA,NA,NA,NA,no,no,NA,NA,NA,NA,no,no,NA,NA,NA,NA,yes,yes,AmpC2_Ecoli_Bla.99__AmpC2_Ecoli_Bla__AmpC2__346,97.8,21.5,yes,no,no,NA,NA,NA,no,no,NA,NA,NA,no,no,NA,NA,NA,no,NA,NA,NA,partial,CatBx_Phe.371__CatBx_Phe__CatB4__602,100.0,11.4,no,no,no,NA,NA,NA,NA,no,no,NA,NA,NA,no,no,NA,NA,NA,no,no,NA,NA,NA,no,no,NA,NA,NA,no,no,NA,NA,NA,no,no,NA,NA,NA,NA,no,no,NA,NA,NA,no,no,NA,NA,NA,yes,yes,MrdA_Bla.16__MrdA_Bla__MrdA__836,98.69,32.7,no,no,no,NA,NA,NA,no,no,NA,NA,NA,no,no,NA,NA,NA,no,no,NA,NA,NA,no,no,NA,NA,NA,NA,no,no,NA,NA,NA,NA,no,no,NA,NA,NA,NA,no,no,NA,NA,NA,yes,yes,TEM_1D_Bla.205__TEM_1D_Bla__TEM_95__948,99.88,29.4,yes,no,no,NA,NA,NA,no,no,NA,NA,NA,NA
./ariba_amr_results/SRR3574329_trimmed/report.tsv,yes,yes,AMPH_Ecoli_Bla.89__AMPH_Ecoli_Bla__AMPH__615,98.7,43.4,no,no,no,NA,NA,NA,no,NA,NA,NA,NA,no,no,NA,NA,NA,no,no,NA,NA,NA,no,no,NA,NA,NA,NA,no,NA,NA,NA,NA,no,no,NA,NA,NA,NA,yes,yes,AmpC1_Ecoli_Bla.49__AmpC1_Ecoli_Bla__AmpC1__1670,98.62,26.1,yes,yes,yes,AmpC2_Ecoli_Bla.99__AmpC2_Ecoli_Bla__AmpC2__346,97.71,32.4,yes,no,no,NA,NA,NA,no,no,NA,NA,NA,no,no,NA,NA,NA,no,NA,NA,NA,no,NA,NA,NA,NA,no,no,NA,NA,NA,NA,no,no,NA,NA,NA,no,no,NA,NA,NA,no,no,NA,NA,NA,no,no,NA,NA,NA,no,no,NA,NA,NA,no,no,NA,NA,NA,NA,no,no,NA,NA,NA,no,no,NA,NA,NA,yes,yes,MrdA_Bla.16__MrdA_Bla__MrdA__836,98.69,38.5,no,no,no,NA,NA,NA,no,no,NA,NA,NA,no,no,NA,NA,NA,no,no,NA,NA,NA,no,no,NA,NA,NA,NA,no,no,NA,NA,NA,NA,no,no,NA,NA,NA,NA,no,no,NA,NA,NA,no,no,NA,NA,NA,NA,no,no,NA,NA,NA,no,no,NA,NA,NA,NA
./ariba_amr_results/SRR3574330_trimmed/report.tsv,yes,yes,AMPH_Ecoli_Bla.89__AMPH_Ecoli_Bla__AMPH__615,100.0,33.3,no,no,no,NA,NA,NA,no,NA,NA,NA,NA,no,no,NA,NA,NA,no,no,NA,NA,NA,no,no,NA,NA,NA,NA,no,NA,NA,NA,NA,no,no,NA,NA,NA,NA,yes,yes,AmpC1_Ecoli_Bla.49__AmpC1_Ecoli_Bla__AmpC1__1670,100.0,31.3,no,partial,no,AmpC2_Ecoli_Bla.99__AmpC2_Ecoli_Bla__AmpC2__346,90.39,4.5,yes,no,no,NA,NA,NA,no,no,NA,NA,NA,no,no,NA,NA,NA,no,NA,NA,NA,no,NA,NA,NA,NA,no,no,NA,NA,NA,NA,no,no,NA,NA,NA,no,no,NA,NA,NA,no,no,NA,NA,NA,no,no,NA,NA,NA,no,no,NA,NA,NA,no,no,NA,NA,NA,NA,no,no,NA,NA,NA,no,no,NA,NA,NA,yes,yes,MrdA_Bla.16__MrdA_Bla__MrdA__836,100.0,36.4,no,no,no,NA,NA,NA,no,no,NA,NA,NA,no,no,NA,NA,NA,no,no,NA,NA,NA,yes,yes,StrA_AGly.263__StrA_AGly__StrA__1501,99.88,33.8,no,fragmented,no,StrB_AGly.227__StrB_AGly__StrB__1614,100.0,28.8,yes,yes,yes,SulII_Sul.256__SulII_Sul__SulII__1219,100.0,22.4,no,no,no,NA,NA,NA,yes,yes,TEM_1D_Bla.205__TEM_1D_Bla__TEM_135__985,99.88,34.2,yes,no,no,NA,NA,NA,no,no,NA,NA,NA,NA
./ariba_amr_results/SRR3574332_trimmed/report.tsv,yes,yes,AMPH_Ecoli_Bla.89__AMPH_Ecoli_Bla__AMPH__615,99.14,30.7,yes,no,no,NA,NA,NA,no,NA,NA,NA,NA,no,no,NA,NA,NA,no,no,NA,NA,NA,no,no,NA,NA,NA,NA,no,NA,NA,NA,NA,no,no,NA,NA,NA,NA,yes,yes,AmpC1_Ecoli_Bla.49__AmpC1_Ecoli_Bla__AmpC1__1670,98.62,25.5,yes,yes,yes,AmpC2_Ecoli_Bla.99__AmpC2_Ecoli_Bla__AmpC2__346,97.62,26.5,yes,no,no,NA,NA,NA,no,no,NA,NA,NA,no,no,NA,NA,NA,no,NA,NA,NA,no,NA,NA,NA,NA,no,no,NA,NA,NA,NA,no,no,NA,NA,NA,no,no,NA,NA,NA,no,no,NA,NA,NA,no,no,NA,NA,NA,no,no,NA,NA,NA,no,no,NA,NA,NA,NA,no,no,NA,NA,NA,no,no,NA,NA,NA,yes,yes,MrdA_Bla.16__MrdA_Bla__MrdA__836,99.0,33.1,no,no,no,NA,NA,NA,no,no,NA,NA,NA,no,no,NA,NA,NA,no,no,NA,NA,NA,no,no,NA,NA,NA,NA,no,no,NA,NA,NA,NA,no,no,NA,NA,NA,NA,no,no,NA,NA,NA,interrupted,no,TEM_1D_Bla.205__TEM_1D_Bla__TEM_95__948,98.29,426.9,yes,no,no,NA,NA,NA,no,no,NA,NA,NA,NA
./ariba_amr_results/SRR3574336_trimmed/report.tsv,yes,yes,AMPH_Ecoli_Bla.89__AMPH_Ecoli_Bla__AMPH__615,98.79,49.1,no,no,no,NA,NA,NA,no,NA,NA,NA,NA,no,no,NA,NA,NA,no,no,NA,NA,NA,no,no,NA,NA,NA,NA,no,NA,NA,NA,NA,no,no,NA,NA,NA,NA,yes,yes,AmpC1_Ecoli_Bla.49__AmpC1_Ecoli_Bla__AmpC1__1670,98.16,34.0,yes,yes,yes,AmpC2_Ecoli_Bla.99__AmpC2_Ecoli_Bla__AmpC2__346,97.62,46.1,yes,no,no,NA,NA,NA,no,no,NA,NA,NA,no,no,NA,NA,NA,no,NA,NA,NA,no,NA,NA,NA,NA,no,no,NA,NA,NA,NA,no,no,NA,NA,NA,no,no,NA,NA,NA,no,no,NA,NA,NA,no,no,NA,NA,NA,no,no,NA,NA,NA,no,no,NA,NA,NA,NA,no,no,NA,NA,NA,no,no,NA,NA,NA,yes,yes,MrdA_Bla.16__MrdA_Bla__MrdA__836,99.42,56.6,no,no,no,NA,NA,NA,no,no,NA,NA,NA,no,no,NA,NA,NA,no,no,NA,NA,NA,no,no,NA,NA,NA,NA,no,no,NA,NA,NA,NA,no,no,NA,NA,NA,NA,no,no,NA,NA,NA,no,no,NA,NA,NA,NA,no,no,NA,NA,NA,no,no,NA,NA,NA,NA
./ariba_amr_results/SRR3574338_trimmed/report.tsv,yes,yes,AMPH_Ecoli_Bla.89__AMPH_Ecoli_Bla__AMPH__615,97.15,39.3,yes,no,no,NA,NA,NA,no,NA,NA,NA,NA,no,no,NA,NA,NA,no,no,NA,NA,NA,no,no,NA,NA,NA,NA,no,NA,NA,NA,NA,no,no,NA,NA,NA,NA,partial,no,AmpC1_Ecoli_Bla.49__AmpC1_Ecoli_Bla__AmpC1__1670,97.59,6.8,yes,yes,yes,AmpC2_Ecoli_Bla.99__AmpC2_Ecoli_Bla__AmpC2__346,97.97,39.8,yes,no,no,NA,NA,NA,no,no,NA,NA,NA,no,no,NA,NA,NA,no,NA,NA,NA,no,NA,NA,NA,NA,no,no,NA,NA,NA,NA,no,no,NA,NA,NA,no,no,NA,NA,NA,no,no,NA,NA,NA,no,no,NA,NA,NA,no,no,NA,NA,NA,no,no,NA,NA,NA,NA,no,no,NA,NA,NA,no,no,NA,NA,NA,yes,yes,MrdA_Bla.16__MrdA_Bla__MrdA__836,98.48,47.3,no,no,no,NA,NA,NA,no,no,NA,NA,NA,no,no,NA,NA,NA,no,no,NA,NA,NA,no,no,NA,NA,NA,NA,no,no,NA,NA,NA,NA,no,no,NA,NA,NA,NA,no,no,NA,NA,NA,no,no,NA,NA,NA,NA,no,no,NA,NA,NA,no,no,NA,NA,NA,NA
./ariba_amr_results/SRR3581319_trimmed/report.tsv,yes,yes,AMPH_Ecoli_Bla.89__AMPH_Ecoli_Bla__AMPH__615,100.0,35.1,no,no,no,NA,NA,NA,no,NA,NA,NA,NA,no,no,NA,NA,NA,no,no,NA,NA,NA,no,no,NA,NA,NA,NA,no,NA,NA,NA,NA,no,no,NA,NA,NA,NA,yes,yes,AmpC1_Ecoli_Bla.49__AmpC1_Ecoli_Bla__AmpC1__1670,100.0,35.2,no,yes,yes,AmpC2_Ecoli_Bla.99__AmpC2_Ecoli_Bla__AmpC2__346,100.0,37.6,no,no,no,NA,NA,NA,no,no,NA,NA,NA,no,no,NA,NA,NA,no,NA,NA,NA,partial,CatBx_Phe.371__CatBx_Phe__CatB4__602,100.0,39.6,no,no,no,NA,NA,NA,NA,no,no,NA,NA,NA,no,no,NA,NA,NA,no,no,NA,NA,NA,no,no,NA,NA,NA,no,no,NA,NA,NA,no,no,NA,NA,NA,NA,no,no,NA,NA,NA,no,no,NA,NA,NA,yes,yes,MrdA_Bla.16__MrdA_Bla__MrdA__836,100.0,43.8,no,no,no,NA,NA,NA,no,no,NA,NA,NA,no,no,NA,NA,NA,no,no,NA,NA,NA,no,no,NA,NA,NA,NA,no,no,NA,NA,NA,NA,no,no,NA,NA,NA,NA,no,no,NA,NA,NA,no,no,NA,NA,NA,NA,no,no,NA,NA,NA,no,no,NA,NA,NA,NA
./ariba_amr_results/SRR3581323_trimmed/report.tsv,yes,yes,AMPH_Ecoli_Bla.89__AMPH_Ecoli_Bla__AMPH__615,99.31,37.4,no,no,no,NA,NA,NA,no,NA,NA,NA,NA,no,no,NA,NA,NA,no,no,NA,NA,NA,no,no,NA,NA,NA,NA,no,NA,NA,NA,NA,no,no,NA,NA,NA,NA,yes,yes,AmpC1_Ecoli_Bla.49__AmpC1_Ecoli_Bla__AmpC1__1670,98.38,23.1,yes,yes,yes,AmpC2_Ecoli_Bla.99__AmpC2_Ecoli_Bla__AmpC2__346,97.71,30.6,yes,no,no,NA,NA,NA,no,no,NA,NA,NA,no,no,NA,NA,NA,no,NA,NA,NA,no,NA,NA,NA,NA,no,no,NA,NA,NA,NA,no,no,NA,NA,NA,no,no,NA,NA,NA,no,no,NA,NA,NA,no,no,NA,NA,NA,no,no,NA,NA,NA,no,no,NA,NA,NA,NA,no,no,NA,NA,NA,no,no,NA,NA,NA,yes,yes,MrdA_Bla.16__MrdA_Bla__MrdA__836,99.16,33.5,no,no,no,NA,NA,NA,no,no,NA,NA,NA,no,no,NA,NA,NA,no,no,NA,NA,NA,no,no,NA,NA,NA,NA,no,no,NA,NA,NA,NA,no,no,NA,NA,NA,NA,no,no,NA,NA,NA,no,no,NA,NA,NA,NA,no,no,NA,NA,NA,no,no,NA,NA,NA,NA
./ariba_amr_results/SRR3581326_trimmed/report.tsv,yes,yes,AMPH_Ecoli_Bla.89__AMPH_Ecoli_Bla__AMPH__615,97.24,31.9,yes,no,no,NA,NA,NA,no,NA,NA,NA,NA,no,no,NA,NA,NA,no,no,NA,NA,NA,no,no,NA,NA,NA,NA,no,NA,NA,NA,NA,no,no,NA,NA,NA,NA,no,no,NA,NA,NA,NA,yes,yes,AmpC2_Ecoli_Bla.99__AmpC2_Ecoli_Bla__AmpC2__346,98.06,35.9,yes,no,no,NA,NA,NA,no,no,NA,NA,NA,no,no,NA,NA,NA,no,NA,NA,NA,partial,CatBx_Phe.371__CatBx_Phe__CatB4__602,100.0,106.7,no,no,no,NA,NA,NA,NA,no,no,NA,NA,NA,no,no,NA,NA,NA,no,no,NA,NA,NA,no,no,NA,NA,NA,no,no,NA,NA,NA,no,no,NA,NA,NA,NA,no,no,NA,NA,NA,no,no,NA,NA,NA,yes,yes,MrdA_Bla.16__MrdA_Bla__MrdA__836,98.37,40.3,no,no,no,NA,NA,NA,no,no,NA,NA,NA,no,no,NA,NA,NA,no,no,NA,NA,NA,yes,yes,StrA_AGly.263__StrA_AGly__StrA__1501,99.88,41.4,no,yes,yes,StrB_AGly.227__StrB_AGly__StrB__1614,100.0,51.9,no,yes,yes,SulII_Sul.256__SulII_Sul__SulII__1219,100.0,39.0,no,no,no,NA,NA,NA,yes,yes,TEM_1D_Bla.205__TEM_1D_Bla__TEM_95__948,99.88,55.7,yes,yes,yes,TetA_Tet.52__TetA_Tet__TetA__1545,100.0,45.8,no,no,NA,NA,NA,NA
./ariba_amr_results/SRR3581327_trimmed/report.tsv,yes,yes,AMPH_Ecoli_Bla.89__AMPH_Ecoli_Bla__AMPH__615,97.41,29.2,yes,no,no,NA,NA,NA,no,NA,NA,NA,NA,no,no,NA,NA,NA,no,no,NA,NA,NA,no,no,NA,NA,NA,NA,no,NA,NA,NA,NA,no,no,NA,NA,NA,NA,no,no,NA,NA,NA,NA,yes,yes,AmpC2_Ecoli_Bla.99__AmpC2_Ecoli_Bla__AmpC2__346,98.15,30.8,yes,no,no,NA,NA,NA,no,no,NA,NA,NA,no,no,NA,NA,NA,no,NA,NA,NA,partial,CatBx_Phe.371__CatBx_Phe__CatB4__602,100.0,13.9,no,no,no,NA,NA,NA,NA,no,no,NA,NA,NA,no,no,NA,NA,NA,no,no,NA,NA,NA,no,no,NA,NA,NA,no,no,NA,NA,NA,no,no,NA,NA,NA,NA,no,no,NA,NA,NA,no,no,NA,NA,NA,yes,yes,MrdA_Bla.16__MrdA_Bla__MrdA__836,98.26,33.7,no,no,no,NA,NA,NA,no,no,NA,NA,NA,no,no,NA,NA,NA,no,no,NA,NA,NA,no,no,NA,NA,NA,NA,no,no,NA,NA,NA,NA,no,no,NA,NA,NA,NA,no,no,NA,NA,NA,no,no,NA,NA,NA,NA,no,no,NA,NA,NA,no,no,NA,NA,NA,NA
./ariba_amr_results/SRR3581328_trimmed/report.tsv,yes,yes,AMPH_Ecoli_Bla.89__AMPH_Ecoli_Bla__AMPH__615,99.14,38.7,yes,no,no,NA,NA,NA,no,NA,NA,NA,NA,no,no,NA,NA,NA,no,no,NA,NA,NA,no,no,NA,NA,NA,NA,no,NA,NA,NA,NA,no,no,NA,NA,NA,NA,yes,yes,AmpC1_Ecoli_Bla.49__AmpC1_Ecoli_Bla__AmpC1__1670,96.17,22.7,yes,interrupted,no,AmpC2_Ecoli_Bla.99__AmpC2_Ecoli_Bla__AmpC2__346,97.09,33.4,yes,no,no,NA,NA,NA,no,no,NA,NA,NA,no,no,NA,NA,NA,no,NA,NA,NA,no,NA,NA,NA,NA,no,no,NA,NA,NA,NA,no,no,NA,NA,NA,no,no,NA,NA,NA,no,no,NA,NA,NA,no,no,NA,NA,NA,no,no,NA,NA,NA,no,no,NA,NA,NA,NA,no,no,NA,NA,NA,no,no,NA,NA,NA,yes,yes,MrdA_Bla.16__MrdA_Bla__MrdA__836,99.05,44.7,no,no,no,NA,NA,NA,no,no,NA,NA,NA,no,no,NA,NA,NA,no,no,NA,NA,NA,yes,yes,StrA_AGly.263__StrA_AGly__StrA__1501,99.88,177.1,no,yes,yes,StrB_AGly.227__StrB_AGly__StrB__1614,100.0,250.2,no,yes,yes,SulII_Sul.256__SulII_Sul__SulII__1219,100.0,184.7,no,no,no,NA,NA,NA,no,no,NA,NA,NA,NA,no,no,NA,NA,NA,no,no,NA,NA,NA,NA
./ariba_amr_results/SRR3581333_trimmed/report.tsv,yes,yes,AMPH_Ecoli_Bla.89__AMPH_Ecoli_Bla__AMPH__615,98.96,30.4,no,no,no,NA,NA,NA,no,NA,NA,NA,NA,no,no,NA,NA,NA,no,no,NA,NA,NA,no,no,NA,NA,NA,NA,no,NA,NA,NA,NA,no,no,NA,NA,NA,NA,yes,yes,AmpC1_Ecoli_Bla.49__AmpC1_Ecoli_Bla__AmpC1__1670,99.23,31.4,yes,yes,yes,AmpC2_Ecoli_Bla.99__AmpC2_Ecoli_Bla__AmpC2__346,97.35,26.2,yes,no,no,NA,NA,NA,no,no,NA,NA,NA,no,no,NA,NA,NA,no,NA,NA,NA,no,NA,NA,NA,NA,no,no,NA,NA,NA,NA,no,no,NA,NA,NA,no,no,NA,NA,NA,no,no,NA,NA,NA,no,no,NA,NA,NA,no,no,NA,NA,NA,no,no,NA,NA,NA,NA,no,no,NA,NA,NA,no,no,NA,NA,NA,yes,yes,MrdA_Bla.16__MrdA_Bla__MrdA__836,99.74,37.3,no,no,no,NA,NA,NA,no,no,NA,NA,NA,no,no,NA,NA,NA,no,no,NA,NA,NA,no,no,NA,NA,NA,NA,no,no,NA,NA,NA,NA,no,no,NA,NA,NA,NA,no,no,NA,NA,NA,no,no,NA,NA,NA,NA,no,no,NA,NA,NA,no,no,NA,NA,NA,NA
./ariba_amr_results/SRR3581334_trimmed/report.tsv,yes,yes,AMPH_Ecoli_Bla.89__AMPH_Ecoli_Bla__AMPH__615,96.89,45.9,yes,yes_nonunique,yes,Aac3_IIa_AGly.203__Aac3_IIa_AGly__Aac3_IId__884,99.88,44.0,no,NA,NA,NA,NA,no,no,NA,NA,NA,yes,yes,AadA4_5_AGly.285__AadA4_5_AGly__AadA5__1497,100.0,32.8,no,no,NA,NA,NA,NA,no,NA,NA,NA,NA,no,no,NA,NA,NA,NA,yes,yes,AmpC1_Ecoli_Bla.49__AmpC1_Ecoli_Bla__AmpC1__1670,96.15,36.9,yes,yes,yes,AmpC2_Ecoli_Bla.99__AmpC2_Ecoli_Bla__AmpC2__346,97.71,44.9,yes,no,no,NA,NA,NA,no,no,NA,NA,NA,no,no,NA,NA,NA,no,NA,NA,NA,partial,CatBx_Phe.371__CatBx_Phe__CatB4__602,100.0,152.5,no,no,no,NA,NA,NA,NA,no,no,NA,NA,NA,no,no,NA,NA,NA,yes,yes,DfrA7_Tmt.433__DfrA7_Tmt__DfrA17__316,100.0,37.6,no,no,NA,NA,NA,no,no,NA,NA,NA,no,no,NA,NA,NA,NA,yes,yes,MphA_MLS.158__MphA_MLS__MphA__1663,100.0,43.0,no,no,NA,NA,NA,yes,yes,MrdA_Bla.16__MrdA_Bla__MrdA__836,98.95,57.5,no,no,no,NA,NA,NA,no,no,NA,NA,NA,no,no,NA,NA,NA,no,no,NA,NA,NA,yes,yes,StrA_AGly.263__StrA_AGly__StrA__1501,99.88,45.5,no,yes,yes,StrB_AGly.227__StrB_AGly__StrB__1614,99.88,42.7,yes,yes,yes,SulII_Sul.256__SulII_Sul__SulII__1219,100.0,32.0,no,yes,yes,SulI_Sul.225__SulI_Sul__SulI__1616,100.0,35.7,yes,yes,TEM_1D_Bla.205__TEM_1D_Bla__TEM_95__948,99.88,52.7,yes,yes,yes,TetA_Tet.52__TetA_Tet__TetA__1545,100.0,56.1,no,no,NA,NA,NA,NA
./ariba_amr_results/SRR3581337_trimmed/report.tsv,yes,yes,AMPH_Ecoli_Bla.89__AMPH_Ecoli_Bla__AMPH__615,98.96,32.9,no,no,no,NA,NA,NA,no,NA,NA,NA,NA,no,no,NA,NA,NA,no,no,NA,NA,NA,no,no,NA,NA,NA,NA,no,NA,NA,NA,NA,no,no,NA,NA,NA,NA,yes,yes,AmpC1_Ecoli_Bla.49__AmpC1_Ecoli_Bla__AmpC1__1670,99.23,31.4,yes,yes,yes,AmpC2_Ecoli_Bla.99__AmpC2_Ecoli_Bla__AmpC2__346,97.35,34.1,yes,no,no,NA,NA,NA,no,no,NA,NA,NA,no,no,NA,NA,NA,no,NA,NA,NA,partial,CatBx_Phe.371__CatBx_Phe__CatB4__602,100.0,19.0,no,no,no,NA,NA,NA,NA,no,no,NA,NA,NA,no,no,NA,NA,NA,no,no,NA,NA,NA,yes,yes,DfrA8_Tmt.416__DfrA8_Tmt__DfrA8__1079,100.0,34.7,no,no,NA,NA,NA,no,no,NA,NA,NA,NA,no,no,NA,NA,NA,no,no,NA,NA,NA,yes,yes,MrdA_Bla.16__MrdA_Bla__MrdA__836,99.74,47.9,no,no,no,NA,NA,NA,no,no,NA,NA,NA,no,no,NA,NA,NA,no,no,NA,NA,NA,yes,yes,StrA_AGly.263__StrA_AGly__StrA__1501,99.88,29.8,no,yes,yes,StrB_AGly.227__StrB_AGly__StrB__1614,100.0,43.5,no,yes,yes,SulII_Sul.256__SulII_Sul__SulII__1219,100.0,24.4,no,no,no,NA,NA,NA,yes,yes,TEM_1D_Bla.205__TEM_1D_Bla__TEM_90__943,99.88,43.6,yes,no,no,NA,NA,NA,no,no,NA,NA,NA,NA
./ariba_amr_results/SRR3581339_trimmed/report.tsv,yes,yes,AMPH_Ecoli_Bla.89__AMPH_Ecoli_Bla__AMPH__615,100.0,42.7,no,no,no,NA,NA,NA,no,NA,NA,NA,NA,no,no,NA,NA,NA,no,no,NA,NA,NA,no,no,NA,NA,NA,NA,no,NA,NA,NA,NA,no,no,NA,NA,NA,NA,yes,yes,AmpC1_Ecoli_Bla.49__AmpC1_Ecoli_Bla__AmpC1__1670,100.0,36.4,no,yes,yes,AmpC2_Ecoli_Bla.99__AmpC2_Ecoli_Bla__AmpC2__346,100.0,43.6,no,no,no,NA,NA,NA,no,no,NA,NA,NA,no,no,NA,NA,NA,no,NA,NA,NA,no,NA,NA,NA,NA,no,no,NA,NA,NA,NA,no,no,NA,NA,NA,no,no,NA,NA,NA,no,no,NA,NA,NA,no,no,NA,NA,NA,no,no,NA,NA,NA,no,no,NA,NA,NA,NA,no,no,NA,NA,NA,no,no,NA,NA,NA,yes,yes,MrdA_Bla.16__MrdA_Bla__MrdA__836,99.95,46.9,no,no,no,NA,NA,NA,no,no,NA,NA,NA,no,no,NA,NA,NA,no,no,NA,NA,NA,no,no,NA,NA,NA,NA,no,no,NA,NA,NA,NA,no,no,NA,NA,NA,NA,no,no,NA,NA,NA,no,no,NA,NA,NA,NA,no,no,NA,NA,NA,no,no,NA,NA,NA,NA
./ariba_amr_results/SRR3581340_trimmed/report.tsv,yes,yes,AMPH_Ecoli_Bla.89__AMPH_Ecoli_Bla__AMPH__615,98.7,30.4,no,no,no,NA,NA,NA,no,NA,NA,NA,NA,no,no,NA,NA,NA,no,no,NA,NA,NA,no,no,NA,NA,NA,NA,no,NA,NA,NA,NA,no,no,NA,NA,NA,NA,yes,yes,AmpC1_Ecoli_Bla.49__AmpC1_Ecoli_Bla__AmpC1__1670,98.08,20.4,yes,yes,yes,AmpC2_Ecoli_Bla.99__AmpC2_Ecoli_Bla__AmpC2__346,97.53,29.6,yes,no,no,NA,NA,NA,no,no,NA,NA,NA,no,no,NA,NA,NA,no,NA,NA,NA,no,NA,NA,NA,NA,no,no,NA,NA,NA,NA,no,no,NA,NA,NA,no,no,NA,NA,NA,no,no,NA,NA,NA,no,no,NA,NA,NA,no,no,NA,NA,NA,no,no,NA,NA,NA,NA,no,no,NA,NA,NA,no,no,NA,NA,NA,yes,yes,MrdA_Bla.16__MrdA_Bla__MrdA__836,98.69,30.3,no,no,no,NA,NA,NA,no,no,NA,NA,NA,no,no,NA,NA,NA,no,no,NA,NA,NA,no,no,NA,NA,NA,NA,no,no,NA,NA,NA,NA,no,no,NA,NA,NA,NA,no,no,NA,NA,NA,no,no,NA,NA,NA,NA,no,no,NA,NA,NA,no,no,NA,NA,NA,NA
./ariba_amr_results/SRR3581341_trimmed/report.tsv,yes,yes,AMPH_Ecoli_Bla.89__AMPH_Ecoli_Bla__AMPH__615,97.32,49.4,yes,no,no,NA,NA,NA,no,NA,NA,NA,NA,no,no,NA,NA,NA,no,no,NA,NA,NA,no,no,NA,NA,NA,NA,no,NA,NA,NA,NA,no,no,NA,NA,NA,NA,partial,no,AmpC1_Ecoli_Bla.49__AmpC1_Ecoli_Bla__AmpC1__1670,95.18,5.6,yes,yes,yes,AmpC2_Ecoli_Bla.99__AmpC2_Ecoli_Bla__AmpC2__346,97.97,45.6,yes,no,no,NA,NA,NA,no,no,NA,NA,NA,no,no,NA,NA,NA,no,NA,NA,NA,no,NA,NA,NA,NA,no,no,NA,NA,NA,NA,no,no,NA,NA,NA,no,no,NA,NA,NA,no,no,NA,NA,NA,no,no,NA,NA,NA,no,no,NA,NA,NA,no,no,NA,NA,NA,NA,no,no,NA,NA,NA,no,no,NA,NA,NA,yes,yes,MrdA_Bla.16__MrdA_Bla__MrdA__836,98.26,59.0,no,no,no,NA,NA,NA,no,no,NA,NA,NA,no,no,NA,NA,NA,no,no,NA,NA,NA,no,no,NA,NA,NA,NA,no,no,NA,NA,NA,NA,no,no,NA,NA,NA,NA,no,no,NA,NA,NA,no,no,NA,NA,NA,NA,no,no,NA,NA,NA,no,no,NA,NA,NA,NA
./ariba_amr_results/SRR3581342_trimmed/report.tsv,yes,yes,AMPH_Ecoli_Bla.89__AMPH_Ecoli_Bla__AMPH__615,98.79,38.6,no,no,no,NA,NA,NA,no,NA,NA,NA,NA,no,no,NA,NA,NA,no,no,NA,NA,NA,no,no,NA,NA,NA,NA,no,NA,NA,NA,NA,no,no,NA,NA,NA,NA,yes,yes,AmpC1_Ecoli_Bla.49__AmpC1_Ecoli_Bla__AmpC1__1670,98.08,28.9,yes,yes,yes,AmpC2_Ecoli_Bla.99__AmpC2_Ecoli_Bla__AmpC2__346,97.62,36.4,yes,no,no,NA,NA,NA,no,no,NA,NA,NA,no,no,NA,NA,NA,no,NA,NA,NA,no,NA,NA,NA,NA,no,no,NA,NA,NA,NA,no,no,NA,NA,NA,no,no,NA,NA,NA,no,no,NA,NA,NA,no,no,NA,NA,NA,no,no,NA,NA,NA,no,no,NA,NA,NA,NA,no,no,NA,NA,NA,no,no,NA,NA,NA,yes,yes,MrdA_Bla.16__MrdA_Bla__MrdA__836,99.37,40.0,no,no,no,NA,NA,NA,no,no,NA,NA,NA,no,no,NA,NA,NA,no,no,NA,NA,NA,no,no,NA,NA,NA,NA,no,no,NA,NA,NA,NA,no,no,NA,NA,NA,NA,no,no,NA,NA,NA,no,no,NA,NA,NA,NA,no,no,NA,NA,NA,no,no,NA,NA,NA,NA
./ariba_amr_results/SRR3581343_trimmed/report.tsv,yes,yes,AMPH_Ecoli_Bla.89__AMPH_Ecoli_Bla__AMPH__615,97.41,36.8,yes,no,no,NA,NA,NA,no,NA,NA,NA,NA,no,no,NA,NA,NA,no,no,NA,NA,NA,no,no,NA,NA,NA,NA,no,NA,NA,NA,NA,no,no,NA,NA,NA,NA,no,no,NA,NA,NA,NA,yes,yes,AmpC2_Ecoli_Bla.99__AmpC2_Ecoli_Bla__AmpC2__346,98.15,35.3,yes,no,no,NA,NA,NA,no,no,NA,NA,NA,no,no,NA,NA,NA,no,NA,NA,NA,no,NA,NA,NA,NA,no,no,NA,NA,NA,NA,no,no,NA,NA,NA,no,no,NA,NA,NA,no,no,NA,NA,NA,no,no,NA,NA,NA,no,no,NA,NA,NA,no,no,NA,NA,NA,NA,no,no,NA,NA,NA,no,no,NA,NA,NA,yes,yes,MrdA_Bla.16__MrdA_Bla__MrdA__836,98.58,39.8,no,no,no,NA,NA,NA,no,no,NA,NA,NA,no,no,NA,NA,NA,no,no,NA,NA,NA,no,no,NA,NA,NA,NA,no,no,NA,NA,NA,NA,no,no,NA,NA,NA,NA,no,no,NA,NA,NA,no,no,NA,NA,NA,NA,no,no,NA,NA,NA,no,no,NA,NA,NA,NA
./ariba_amr_results/SRR3581344_trimmed/report.tsv,yes,yes,AMPH_Ecoli_Bla.89__AMPH_Ecoli_Bla__AMPH__615,99.31,35.3,no,no,no,NA,NA,NA,no,NA,NA,NA,NA,no,no,NA,NA,NA,no,no,NA,NA,NA,yes,yes,AadA_AGly.229__AadA_AGly__AadA1__1598,99.37,56.8,yes,no,NA,NA,NA,NA,no,no,NA,NA,NA,NA,yes,yes,AmpC1_Ecoli_Bla.49__AmpC1_Ecoli_Bla__AmpC1__1670,98.38,28.4,yes,yes,yes,AmpC2_Ecoli_Bla.99__AmpC2_Ecoli_Bla__AmpC2__346,97.71,28.5,yes,yes,yes,Aph3__Ia_AGly.251__Aph3__Ia_AGly__Aph3_Ia__1218,99.88,70.7,no,no,NA,NA,NA,no,no,NA,NA,NA,no,NA,NA,NA,partial,CatBx_Phe.371__CatBx_Phe__CatB4__602,100.0,79.7,no,no,no,NA,NA,NA,NA,no,no,NA,NA,NA,no,no,NA,NA,NA,no,no,NA,NA,NA,no,no,NA,NA,NA,no,no,NA,NA,NA,no,no,NA,NA,NA,NA,no,no,NA,NA,NA,no,no,NA,NA,NA,yes,yes,MrdA_Bla.16__MrdA_Bla__MrdA__836,99.16,38.2,no,yes,yes,OXA_1_Bla.231__OXA_1_Bla__OXA_1__520,100.0,49.6,no,no,NA,NA,NA,no,no,NA,NA,NA,no,no,NA,NA,NA,yes,yes,StrA_AGly.263__StrA_AGly__StrA__1501,99.88,55.9,no,yes,yes,StrB_AGly.227__StrB_AGly__StrB__1614,100.0,67.6,no,yes,yes,SulII_Sul.256__SulII_Sul__SulII__1219,99.75,38.3,yes,yes,yes,SulI_Sul.225__SulI_Sul__SulI__1616,100.0,41.0,yes,yes,TEM_1D_Bla.205__TEM_1D_Bla__TEM_95__948,99.88,84.0,yes,yes,yes,TetA_Tet.52__TetA_Tet__TetA__1545,100.0,55.8,no,no,NA,NA,NA,NA
./ariba_amr_results/SRR3581349_trimmed/report.tsv,yes,yes,AMPH_Ecoli_Bla.89__AMPH_Ecoli_Bla__AMPH__615,98.96,55.7,no,no,no,NA,NA,NA,no,NA,NA,NA,NA,no,no,NA,NA,NA,no,no,NA,NA,NA,no,no,NA,NA,NA,NA,no,NA,NA,NA,NA,no,no,NA,NA,NA,NA,yes,yes,AmpC1_Ecoli_Bla.49__AmpC1_Ecoli_Bla__AmpC1__1670,99.23,49.4,yes,yes,yes,AmpC2_Ecoli_Bla.99__AmpC2_Ecoli_Bla__AmpC2__346,97.35,50.4,yes,no,no,NA,NA,NA,no,no,NA,NA,NA,no,no,NA,NA,NA,no,NA,NA,NA,no,NA,NA,NA,NA,no,no,NA,NA,NA,NA,no,no,NA,NA,NA,no,no,NA,NA,NA,no,no,NA,NA,NA,no,no,NA,NA,NA,no,no,NA,NA,NA,no,no,NA,NA,NA,NA,no,no,NA,NA,NA,no,no,NA,NA,NA,yes,yes,MrdA_Bla.16__MrdA_Bla__MrdA__836,99.74,66.6,no,no,no,NA,NA,NA,no,no,NA,NA,NA,no,no,NA,NA,NA,no,no,NA,NA,NA,no,no,NA,NA,NA,NA,no,no,NA,NA,NA,NA,no,no,NA,NA,NA,NA,no,no,NA,NA,NA,no,no,NA,NA,NA,NA,no,no,NA,NA,NA,no,no,NA,NA,NA,NA
./ariba_amr_results/SRR3581353_trimmed/report.tsv,yes,yes,AMPH_Ecoli_Bla.89__AMPH_Ecoli_Bla__AMPH__615,99.48,49.2,no,no,no,NA,NA,NA,no,NA,NA,NA,NA,no,no,NA,NA,NA,no,no,NA,NA,NA,no,no,NA,NA,NA,NA,no,NA,NA,NA,NA,no,no,NA,NA,NA,NA,yes,yes,AmpC1_Ecoli_Bla.49__AmpC1_Ecoli_Bla__AmpC1__1670,96.93,32.1,yes,yes,yes,AmpC2_Ecoli_Bla.99__AmpC2_Ecoli_Bla__AmpC2__346,97.27,41.8,yes,no,no,NA,NA,NA,no,no,NA,NA,NA,no,no,NA,NA,NA,no,NA,NA,NA,no,NA,NA,NA,NA,no,no,NA,NA,NA,NA,no,no,NA,NA,NA,no,no,NA,NA,NA,no,no,NA,NA,NA,no,no,NA,NA,NA,no,no,NA,NA,NA,no,no,NA,NA,NA,NA,no,no,NA,NA,NA,no,no,NA,NA,NA,yes,yes,MrdA_Bla.16__MrdA_Bla__MrdA__836,99.0,54.2,no,no,no,NA,NA,NA,no,no,NA,NA,NA,no,no,NA,NA,NA,no,no,NA,NA,NA,no,no,NA,NA,NA,NA,no,no,NA,NA,NA,NA,no,no,NA,NA,NA,NA,no,no,NA,NA,NA,no,no,NA,NA,NA,NA,no,no,NA,NA,NA,no,no,NA,NA,NA,NA
./ariba_amr_results/SRR3581354_trimmed/report.tsv,yes,yes,AMPH_Ecoli_Bla.89__AMPH_Ecoli_Bla__AMPH__615,100.0,39.5,no,no,no,NA,NA,NA,no,NA,NA,NA,NA,no,no,NA,NA,NA,no,no,NA,NA,NA,no,no,NA,NA,NA,NA,no,NA,NA,NA,NA,no,no,NA,NA,NA,NA,yes,yes,AmpC1_Ecoli_Bla.49__AmpC1_Ecoli_Bla__AmpC1__1670,100.0,39.4,no,yes,yes,AmpC2_Ecoli_Bla.99__AmpC2_Ecoli_Bla__AmpC2__346,100.0,38.4,no,no,no,NA,NA,NA,no,no,NA,NA,NA,no,no,NA,NA,NA,no,NA,NA,NA,no,NA,NA,NA,NA,no,no,NA,NA,NA,NA,no,no,NA,NA,NA,no,no,NA,NA,NA,no,no,NA,NA,NA,no,no,NA,NA,NA,no,no,NA,NA,NA,no,no,NA,NA,NA,NA,no,no,NA,NA,NA,no,no,NA,NA,NA,yes,yes,MrdA_Bla.16__MrdA_Bla__MrdA__836,100.0,53.7,no,no,no,NA,NA,NA,no,no,NA,NA,NA,no,no,NA,NA,NA,no,no,NA,NA,NA,no,no,NA,NA,NA,NA,no,no,NA,NA,NA,NA,no,no,NA,NA,NA,NA,no,no,NA,NA,NA,no,no,NA,NA,NA,NA,no,no,NA,NA,NA,no,no,NA,NA,NA,NA
./ariba_amr_results/SRR3581355_trimmed/report.tsv,yes,yes,AMPH_Ecoli_Bla.89__AMPH_Ecoli_Bla__AMPH__615,100.0,50.5,no,no,no,NA,NA,NA,no,NA,NA,NA,NA,no,no,NA,NA,NA,no,no,NA,NA,NA,yes,yes,AadA_AGly.229__AadA_AGly__AadA12__1600,100.0,66.3,no,no,NA,NA,NA,NA,yes,yes,AadA_AGly.229__AadA_AGly__AadA2__1605,95.0,39.9,yes,yes,yes,AmpC1_Ecoli_Bla.49__AmpC1_Ecoli_Bla__AmpC1__1670,100.0,38.3,no,yes,yes,AmpC2_Ecoli_Bla.99__AmpC2_Ecoli_Bla__AmpC2__346,100.0,58.0,no,no,no,NA,NA,NA,no,no,NA,NA,NA,no,no,NA,NA,NA,no,NA,NA,NA,partial,CatBx_Phe.371__CatBx_Phe__CatB4__602,100.0,43.1,yes,no,no,NA,NA,NA,NA,no,no,NA,NA,NA,no,no,NA,NA,NA,no,no,NA,NA,NA,no,no,NA,NA,NA,no,no,NA,NA,NA,no,no,NA,NA,NA,NA,no,no,NA,NA,NA,no,no,NA,NA,NA,yes,yes,MrdA_Bla.16__MrdA_Bla__MrdA__836,100.0,53.5,no,no,no,NA,NA,NA,no,no,NA,NA,NA,no,no,NA,NA,NA,no,no,NA,NA,NA,no,no,NA,NA,NA,NA,no,no,NA,NA,NA,NA,no,no,NA,NA,NA,NA,no,no,NA,NA,NA,yes,yes,TEM_1D_Bla.205__TEM_1D_Bla__TEM_90__943,99.88,76.4,yes,no,no,NA,NA,NA,no,no,NA,NA,NA,NA
./ariba_amr_results/SRR3581357_trimmed/report.tsv,yes,yes,AMPH_Ecoli_Bla.89__AMPH_Ecoli_Bla__AMPH__615,97.5,30.5,yes,no,no,NA,NA,NA,no,NA,NA,NA,NA,no,no,NA,NA,NA,no,no,NA,NA,NA,yes,yes,AadA_AGly.229__AadA_AGly__AadA1__1598,99.37,38.8,yes,partial,AadA_AGly.229__AadA_AGly__AadA13__1601,90.23,8.0,yes,no,no,NA,NA,NA,NA,partial,no,AmpC1_Ecoli_Bla.49__AmpC1_Ecoli_Bla__AmpC1__1670,97.59,6.0,yes,yes,yes,AmpC2_Ecoli_Bla.99__AmpC2_Ecoli_Bla__AmpC2__346,98.15,26.0,yes,no,no,NA,NA,NA,no,no,NA,NA,NA,no,no,NA,NA,NA,no,NA,NA,NA,partial,CatBx_Phe.371__CatBx_Phe__CatB4__602,100.0,13.6,no,no,no,NA,NA,NA,NA,no,no,NA,NA,NA,no,no,NA,NA,NA,no,no,NA,NA,NA,no,no,NA,NA,NA,no,no,NA,NA,NA,no,no,NA,NA,NA,NA,no,no,NA,NA,NA,no,no,NA,NA,NA,yes_nonunique,yes,MrdA_Bla.16__MrdA_Bla__MrdA__836,98.26,34.5,yes,no,no,NA,NA,NA,no,no,NA,NA,NA,no,no,NA,NA,NA,no,no,NA,NA,NA,no,no,NA,NA,NA,NA,no,no,NA,NA,NA,NA,no,no,NA,NA,NA,NA,yes,yes,SulI_Sul.225__SulI_Sul__SulI__1616,100.0,23.6,yes,yes,TEM_1D_Bla.205__TEM_1D_Bla__TEM_95__948,99.88,49.8,yes,no,no,NA,NA,NA,no,no,NA,NA,NA,NA
./ariba_amr_results/SRR3581361_trimmed/report.tsv,yes,yes,AMPH_Ecoli_Bla.89__AMPH_Ecoli_Bla__AMPH__615,99.48,48.9,no,no,no,NA,NA,NA,no,NA,NA,NA,NA,no,no,NA,NA,NA,no,no,NA,NA,NA,yes,yes,AadA_AGly.229__AadA_AGly__AadA1__1598,98.99,51.1,yes,no,NA,NA,NA,NA,no,no,NA,NA,NA,NA,yes,yes,AmpC1_Ecoli_Bla.49__AmpC1_Ecoli_Bla__AmpC1__1670,97.01,33.2,yes,yes,yes,AmpC2_Ecoli_Bla.99__AmpC2_Ecoli_Bla__AmpC2__346,97.27,42.1,yes,no,no,NA,NA,NA,no,no,NA,NA,NA,no,no,NA,NA,NA,no,NA,NA,NA,no,NA,NA,NA,NA,yes,yes,DfrA1_Tmt.430__DfrA1_Tmt__DfrA1__319,100.0,56.0,no,no,no,NA,NA,NA,no,no,NA,NA,NA,no,no,NA,NA,NA,no,no,NA,NA,NA,no,no,NA,NA,NA,no,no,NA,NA,NA,NA,no,no,NA,NA,NA,no,no,NA,NA,NA,yes,yes,MrdA_Bla.16__MrdA_Bla__MrdA__836,99.0,48.4,no,no,no,NA,NA,NA,no,no,NA,NA,NA,no,no,NA,NA,NA,yes,yes,Sat_2A_AGly.413__Sat_2A_AGly__Sat_2A__1088,100.0,49.7,no,no,NA,NA,NA,NA,no,no,NA,NA,NA,NA,no,no,NA,NA,NA,NA,no,no,NA,NA,NA,no,no,NA,NA,NA,NA,no,no,NA,NA,NA,no,no,NA,NA,NA,NA
./ariba_amr_results/SRR3581362_trimmed/report.tsv,yes,yes,AMPH_Ecoli_Bla.89__AMPH_Ecoli_Bla__AMPH__615,99.22,44.2,no,no,no,NA,NA,NA,no,NA,NA,NA,NA,no,no,NA,NA,NA,no,no,NA,NA,NA,no,no,NA,NA,NA,NA,no,NA,NA,NA,NA,no,no,NA,NA,NA,NA,yes,yes,AmpC1_Ecoli_Bla.49__AmpC1_Ecoli_Bla__AmpC1__1670,98.62,36.8,yes,yes,yes,AmpC2_Ecoli_Bla.99__AmpC2_Ecoli_Bla__AmpC2__346,97.53,42.3,yes,no,no,NA,NA,NA,no,no,NA,NA,NA,no,no,NA,NA,NA,no,NA,NA,NA,partial,CatBx_Phe.371__CatBx_Phe__CatB4__602,99.07,29.3,yes,no,no,NA,NA,NA,NA,no,no,NA,NA,NA,no,no,NA,NA,NA,no,no,NA,NA,NA,no,no,NA,NA,NA,no,no,NA,NA,NA,no,no,NA,NA,NA,NA,no,no,NA,NA,NA,no,no,NA,NA,NA,yes,yes,MrdA_Bla.16__MrdA_Bla__MrdA__836,98.63,50.7,no,no,no,NA,NA,NA,no,no,NA,NA,NA,no,no,NA,NA,NA,no,no,NA,NA,NA,no,no,NA,NA,NA,NA,no,no,NA,NA,NA,NA,no,no,NA,NA,NA,NA,no,no,NA,NA,NA,no,no,NA,NA,NA,NA,no,no,NA,NA,NA,no,no,NA,NA,NA,NA
./ariba_amr_results/SRR3581363_trimmed/report.tsv,yes,yes,AMPH_Ecoli_Bla.89__AMPH_Ecoli_Bla__AMPH__615,97.06,39.6,yes,no,no,NA,NA,NA,no,NA,NA,NA,NA,yes,yes,AacAad_AGly.43__AacAad_AGly__Aac6Ib_cr__1678,99.81,41.5,no,no,NA,NA,NA,no,no,NA,NA,NA,NA,no,NA,NA,NA,NA,no,no,NA,NA,NA,NA,partial,no,AmpC1_Ecoli_Bla.49__AmpC1_Ecoli_Bla__AmpC1__1670,95.18,4.2,yes,yes,yes,AmpC2_Ecoli_Bla.99__AmpC2_Ecoli_Bla__AmpC2__346,97.8,42.8,yes,no,no,NA,NA,NA,no,no,NA,NA,NA,yes,yes,CTX_M_1_Bla.193__CTX_M_1_Bla__CTX_M_15__150,100.0,38.2,no,NA,NA,NA,interrupted,CatBx_Phe.371__CatBx_Phe__CatB4__602,100.0,38.9,no,no,no,NA,NA,NA,NA,no,no,NA,NA,NA,no,no,NA,NA,NA,no,no,NA,NA,NA,no,no,NA,NA,NA,no,no,NA,NA,NA,no,no,NA,NA,NA,NA,no,no,NA,NA,NA,no,no,NA,NA,NA,yes,yes,MrdA_Bla.16__MrdA_Bla__MrdA__836,98.69,49.2,no,yes,yes,OXA_1_Bla.231__OXA_1_Bla__OXA_1__520,100.0,26.6,no,no,NA,NA,NA,no,no,NA,NA,NA,no,no,NA,NA,NA,no,no,NA,NA,NA,NA,no,no,NA,NA,NA,NA,no,no,NA,NA,NA,NA,no,no,NA,NA,NA,no,no,NA,NA,NA,NA,yes,yes,TetA_Tet.52__TetA_Tet__TetA__1545,100.0,35.2,no,no,NA,NA,NA,NA
./ariba_amr_results/SRR3581364_trimmed/report.tsv,yes,yes,AMPH_Ecoli_Bla.89__AMPH_Ecoli_Bla__AMPH__615,99.31,37.3,no,no,no,NA,NA,NA,no,NA,NA,NA,NA,no,no,NA,NA,NA,no,no,NA,NA,NA,yes,yes,AadA_AGly.229__AadA_AGly__AadA1__1598,99.37,69.7,yes,no,NA,NA,NA,NA,no,no,NA,NA,NA,NA,yes,yes,AmpC1_Ecoli_Bla.49__AmpC1_Ecoli_Bla__AmpC1__1670,98.38,26.3,yes,yes,yes,AmpC2_Ecoli_Bla.99__AmpC2_Ecoli_Bla__AmpC2__346,97.71,36.9,yes,yes,yes,Aph3__Ia_AGly.251__Aph3__Ia_AGly__Aph3_Ia__1218,99.88,72.5,no,no,NA,NA,NA,no,no,NA,NA,NA,no,NA,NA,NA,partial,CatBx_Phe.371__CatBx_Phe__CatB4__602,100.0,76.7,no,no,no,NA,NA,NA,NA,no,no,NA,NA,NA,no,no,NA,NA,NA,no,no,NA,NA,NA,no,no,NA,NA,NA,no,no,NA,NA,NA,no,no,NA,NA,NA,NA,no,no,NA,NA,NA,no,no,NA,NA,NA,yes,yes,MrdA_Bla.16__MrdA_Bla__MrdA__836,99.16,42.4,no,yes,yes,OXA_1_Bla.231__OXA_1_Bla__OXA_1__520,100.0,63.1,no,no,NA,NA,NA,no,no,NA,NA,NA,no,no,NA,NA,NA,yes,yes,StrA_AGly.263__StrA_AGly__StrA__1501,99.88,60.1,no,yes,yes,StrB_AGly.227__StrB_AGly__StrB__1614,100.0,60.9,no,yes,yes,SulII_Sul.256__SulII_Sul__SulII__1219,99.75,49.1,yes,yes,yes,SulI_Sul.225__SulI_Sul__SulI__1616,100.0,51.2,yes,yes,TEM_1D_Bla.205__TEM_1D_Bla__TEM_95__948,99.88,71.2,yes,yes,yes,TetA_Tet.52__TetA_Tet__TetA__1545,100.0,63.7,no,no,NA,NA,NA,NA
./ariba_amr_results/SRR3581365_trimmed/report.tsv,yes,yes,AMPH_Ecoli_Bla.89__AMPH_Ecoli_Bla__AMPH__615,99.48,34.9,no,no,no,NA,NA,NA,no,NA,NA,NA,NA,no,no,NA,NA,NA,no,no,NA,NA,NA,yes,yes,AadA_AGly.229__AadA_AGly__AadA1__1598,98.99,38.6,yes,no,NA,NA,NA,NA,no,no,NA,NA,NA,NA,yes,yes,AmpC1_Ecoli_Bla.49__AmpC1_Ecoli_Bla__AmpC1__1670,97.01,26.1,yes,yes,yes,AmpC2_Ecoli_Bla.99__AmpC2_Ecoli_Bla__AmpC2__346,97.27,40.3,yes,no,no,NA,NA,NA,no,no,NA,NA,NA,no,no,NA,NA,NA,no,NA,NA,NA,no,NA,NA,NA,NA,yes,yes,DfrA1_Tmt.430__DfrA1_Tmt__DfrA1__319,100.0,48.2,no,no,no,NA,NA,NA,no,no,NA,NA,NA,no,no,NA,NA,NA,no,no,NA,NA,NA,no,no,NA,NA,NA,no,no,NA,NA,NA,NA,no,no,NA,NA,NA,no,no,NA,NA,NA,yes,yes,MrdA_Bla.16__MrdA_Bla__MrdA__836,99.0,40.0,no,no,no,NA,NA,NA,no,no,NA,NA,NA,no,no,NA,NA,NA,yes,yes,Sat_2A_AGly.413__Sat_2A_AGly__Sat_2A__1088,100.0,36.9,no,no,NA,NA,NA,NA,no,no,NA,NA,NA,NA,no,no,NA,NA,NA,NA,no,no,NA,NA,NA,no,no,NA,NA,NA,NA,no,no,NA,NA,NA,no,no,NA,NA,NA,NA
./ariba_amr_results/SRR4787227_trimmed/report.tsv,yes,yes,AMPH_Ecoli_Bla.89__AMPH_Ecoli_Bla__AMPH__615,97.24,48.0,yes,no,no,NA,NA,NA,no,NA,NA,NA,NA,no,no,NA,NA,NA,no,no,NA,NA,NA,yes,yes,AadA_AGly.229__AadA_AGly__AadA1__1598,98.86,41.5,yes,no,NA,NA,NA,NA,no,no,NA,NA,NA,NA,partial,no,AmpC1_Ecoli_Bla.49__AmpC1_Ecoli_Bla__AmpC1__1670,97.59,10.4,yes,yes,yes,AmpC2_Ecoli_Bla.99__AmpC2_Ecoli_Bla__AmpC2__346,97.97,58.1,yes,no,no,NA,NA,NA,no,no,NA,NA,NA,no,no,NA,NA,NA,no,NA,NA,NA,partial,CatBx_Phe.371__CatBx_Phe__CatB4__602,100.0,18.1,no,yes,yes,DfrA1_Tmt.430__DfrA1_Tmt__DfrA1__319,100.0,58.9,no,no,no,NA,NA,NA,no,no,NA,NA,NA,no,no,NA,NA,NA,no,no,NA,NA,NA,no,no,NA,NA,NA,no,no,NA,NA,NA,NA,no,no,NA,NA,NA,no,no,NA,NA,NA,yes,yes,MrdA_Bla.16__MrdA_Bla__MrdA__836,98.48,62.9,no,no,no,NA,NA,NA,no,no,NA,NA,NA,no,no,NA,NA,NA,yes,yes,Sat_2A_AGly.413__Sat_2A_AGly__Sat_2A__1088,100.0,49.3,no,no,NA,NA,NA,NA,no,no,NA,NA,NA,NA,no,no,NA,NA,NA,NA,no,no,NA,NA,NA,no,no,NA,NA,NA,NA,no,no,NA,NA,NA,no,no,NA,NA,NA,NA
./ariba_amr_results/SRR4787784_trimmed/report.tsv,yes,yes,AMPH_Ecoli_Bla.89__AMPH_Ecoli_Bla__AMPH__615,98.7,32.2,no,no,no,NA,NA,NA,no,NA,NA,NA,NA,no,no,NA,NA,NA,no,no,NA,NA,NA,no,no,NA,NA,NA,NA,no,NA,NA,NA,NA,no,no,NA,NA,NA,NA,yes,yes,AmpC1_Ecoli_Bla.49__AmpC1_Ecoli_Bla__AmpC1__1670,98.16,29.7,yes,yes,yes,AmpC2_Ecoli_Bla.99__AmpC2_Ecoli_Bla__AmpC2__346,97.53,30.0,yes,no,no,NA,NA,NA,no,no,NA,NA,NA,no,no,NA,NA,NA,no,NA,NA,NA,no,NA,NA,NA,NA,no,no,NA,NA,NA,NA,no,no,NA,NA,NA,no,no,NA,NA,NA,no,no,NA,NA,NA,no,no,NA,NA,NA,no,no,NA,NA,NA,no,no,NA,NA,NA,NA,no,no,NA,NA,NA,no,no,NA,NA,NA,yes,yes,MrdA_Bla.16__MrdA_Bla__MrdA__836,98.69,34.8,no,no,no,NA,NA,NA,no,no,NA,NA,NA,no,no,NA,NA,NA,no,no,NA,NA,NA,no,no,NA,NA,NA,NA,no,no,NA,NA,NA,NA,no,no,NA,NA,NA,NA,no,no,NA,NA,NA,no,no,NA,NA,NA,NA,no,no,NA,NA,NA,no,no,NA,NA,NA,NA
./ariba_amr_results/SRR4788075_trimmed/report.tsv,yes,yes,AMPH_Ecoli_Bla.89__AMPH_Ecoli_Bla__AMPH__615,99.4,50.8,no,no,no,NA,NA,NA,no,NA,NA,NA,NA,no,no,NA,NA,NA,no,no,NA,NA,NA,no,no,NA,NA,NA,NA,no,NA,NA,NA,NA,no,no,NA,NA,NA,NA,yes,yes,AmpC1_Ecoli_Bla.49__AmpC1_Ecoli_Bla__AmpC1__1670,96.93,30.1,yes,yes,yes,AmpC2_Ecoli_Bla.99__AmpC2_Ecoli_Bla__AmpC2__346,97.35,43.9,yes,no,no,NA,NA,NA,no,no,NA,NA,NA,no,no,NA,NA,NA,no,NA,NA,NA,no,NA,NA,NA,NA,no,no,NA,NA,NA,NA,no,no,NA,NA,NA,no,no,NA,NA,NA,no,no,NA,NA,NA,no,no,NA,NA,NA,no,no,NA,NA,NA,no,no,NA,NA,NA,NA,no,no,NA,NA,NA,no,no,NA,NA,NA,yes,yes,MrdA_Bla.16__MrdA_Bla__MrdA__836,99.0,54.1,no,no,no,NA,NA,NA,no,no,NA,NA,NA,no,no,NA,NA,NA,no,no,NA,NA,NA,no,no,NA,NA,NA,NA,no,no,NA,NA,NA,NA,no,no,NA,NA,NA,NA,no,no,NA,NA,NA,no,no,NA,NA,NA,NA,no,no,NA,NA,NA,no,no,NA,NA,NA,NA
./ariba_amr_results/SRR4788297_trimmed/report.tsv,yes,yes,AMPH_Ecoli_Bla.89__AMPH_Ecoli_Bla__AMPH__615,99.48,41.8,no,no,no,NA,NA,NA,no,NA,NA,NA,NA,no,no,NA,NA,NA,no,no,NA,NA,NA,no,no,NA,NA,NA,NA,no,NA,NA,NA,NA,no,no,NA,NA,NA,NA,yes,yes,AmpC1_Ecoli_Bla.49__AmpC1_Ecoli_Bla__AmpC1__1670,96.93,25.0,yes,yes,yes,AmpC2_Ecoli_Bla.99__AmpC2_Ecoli_Bla__AmpC2__346,97.35,34.1,yes,no,no,NA,NA,NA,no,no,NA,NA,NA,no,no,NA,NA,NA,no,NA,NA,NA,no,NA,NA,NA,NA,no,no,NA,NA,NA,NA,no,no,NA,NA,NA,no,no,NA,NA,NA,no,no,NA,NA,NA,no,no,NA,NA,NA,no,no,NA,NA,NA,no,no,NA,NA,NA,NA,no,no,NA,NA,NA,no,no,NA,NA,NA,yes,yes,MrdA_Bla.16__MrdA_Bla__MrdA__836,99.0,44.9,no,no,no,NA,NA,NA,no,no,NA,NA,NA,no,no,NA,NA,NA,no,no,NA,NA,NA,no,no,NA,NA,NA,NA,no,no,NA,NA,NA,NA,no,no,NA,NA,NA,NA,no,no,NA,NA,NA,no,no,NA,NA,NA,NA,no,no,NA,NA,NA,no,no,NA,NA,NA,NA
./ariba_amr_results/SRR5005531_trimmed/report.tsv,yes,yes,AMPH_Ecoli_Bla.89__AMPH_Ecoli_Bla__AMPH__615,99.48,33.9,no,no,no,NA,NA,NA,no,NA,NA,NA,NA,no,no,NA,NA,NA,no,no,NA,NA,NA,no,no,NA,NA,NA,NA,no,NA,NA,NA,NA,no,no,NA,NA,NA,NA,yes,yes,AmpC1_Ecoli_Bla.49__AmpC1_Ecoli_Bla__AmpC1__1670,96.93,28.5,yes,yes,yes,AmpC2_Ecoli_Bla.99__AmpC2_Ecoli_Bla__AmpC2__346,97.35,28.0,yes,no,no,NA,NA,NA,no,no,NA,NA,NA,no,no,NA,NA,NA,no,NA,NA,NA,no,NA,NA,NA,NA,no,no,NA,NA,NA,NA,no,no,NA,NA,NA,no,no,NA,NA,NA,no,no,NA,NA,NA,no,no,NA,NA,NA,no,no,NA,NA,NA,no,no,NA,NA,NA,NA,no,no,NA,NA,NA,no,no,NA,NA,NA,yes,yes,MrdA_Bla.16__MrdA_Bla__MrdA__836,99.0,39.4,no,no,no,NA,NA,NA,no,no,NA,NA,NA,no,no,NA,NA,NA,no,no,NA,NA,NA,no,no,NA,NA,NA,NA,no,no,NA,NA,NA,NA,no,no,NA,NA,NA,NA,no,no,NA,NA,NA,no,no,NA,NA,NA,NA,no,no,NA,NA,NA,no,no,NA,NA,NA,NA
./ariba_amr_results/SRR5006339_trimmed/report.tsv,yes,yes,AMPH_Ecoli_Bla.89__AMPH_Ecoli_Bla__AMPH__615,99.48,43.4,no,no,no,NA,NA,NA,no,NA,NA,NA,NA,no,no,NA,NA,NA,no,no,NA,NA,NA,no,no,NA,NA,NA,NA,no,NA,NA,NA,NA,no,no,NA,NA,NA,NA,yes,yes,AmpC1_Ecoli_Bla.49__AmpC1_Ecoli_Bla__AmpC1__1670,96.93,28.2,yes,yes,yes,AmpC2_Ecoli_Bla.99__AmpC2_Ecoli_Bla__AmpC2__346,97.35,32.9,yes,no,no,NA,NA,NA,no,no,NA,NA,NA,no,no,NA,NA,NA,no,NA,NA,NA,no,NA,NA,NA,NA,no,no,NA,NA,NA,NA,no,no,NA,NA,NA,no,no,NA,NA,NA,no,no,NA,NA,NA,no,no,NA,NA,NA,no,no,NA,NA,NA,no,no,NA,NA,NA,NA,no,no,NA,NA,NA,no,no,NA,NA,NA,yes,yes,MrdA_Bla.16__MrdA_Bla__MrdA__836,99.0,44.6,no,no,no,NA,NA,NA,no,no,NA,NA,NA,no,no,NA,NA,NA,no,no,NA,NA,NA,no,no,NA,NA,NA,NA,no,no,NA,NA,NA,NA,no,no,NA,NA,NA,NA,no,no,NA,NA,NA,no,no,NA,NA,NA,NA,no,no,NA,NA,NA,no,no,NA,NA,NA,NA
./ariba_amr_results/SRR5018278_trimmed/report.tsv,yes,yes,AMPH_Ecoli_Bla.89__AMPH_Ecoli_Bla__AMPH__615,99.48,28.1,no,no,no,NA,NA,NA,no,NA,NA,NA,NA,no,no,NA,NA,NA,no,no,NA,NA,NA,no,no,NA,NA,NA,NA,no,NA,NA,NA,NA,no,no,NA,NA,NA,NA,yes,yes,AmpC1_Ecoli_Bla.49__AmpC1_Ecoli_Bla__AmpC1__1670,96.93,21.6,yes,yes,yes,AmpC2_Ecoli_Bla.99__AmpC2_Ecoli_Bla__AmpC2__346,97.35,23.5,yes,no,no,NA,NA,NA,no,no,NA,NA,NA,no,no,NA,NA,NA,no,NA,NA,NA,no,NA,NA,NA,NA,no,no,NA,NA,NA,NA,no,no,NA,NA,NA,no,no,NA,NA,NA,no,no,NA,NA,NA,no,no,NA,NA,NA,no,no,NA,NA,NA,no,no,NA,NA,NA,NA,no,no,NA,NA,NA,no,no,NA,NA,NA,yes,yes,MrdA_Bla.16__MrdA_Bla__MrdA__836,99.0,34.5,no,no,no,NA,NA,NA,no,no,NA,NA,NA,no,no,NA,NA,NA,no,no,NA,NA,NA,no,no,NA,NA,NA,NA,no,no,NA,NA,NA,NA,no,no,NA,NA,NA,NA,no,no,NA,NA,NA,no,no,NA,NA,NA,NA,no,no,NA,NA,NA,no,no,NA,NA,NA,NA
./ariba_amr_results/SRR5018350_trimmed/report.tsv,yes,yes,AMPH_Ecoli_Bla.89__AMPH_Ecoli_Bla__AMPH__615,99.48,31.3,no,no,no,NA,NA,NA,interrupted,Aac3_Iva_AGly.289__Aac3_Iva_AGly__Aac3_Iva__1489,99.87,26.6,yes,no,no,NA,NA,NA,no,no,NA,NA,NA,yes,yes,AadA_AGly.229__AadA_AGly__AadA1__1598,99.62,29.1,no,no,NA,NA,NA,NA,no,no,NA,NA,NA,NA,yes,yes,AmpC1_Ecoli_Bla.49__AmpC1_Ecoli_Bla__AmpC1__1670,96.93,21.0,yes,yes,yes,AmpC2_Ecoli_Bla.99__AmpC2_Ecoli_Bla__AmpC2__346,97.35,26.9,yes,no,no,NA,NA,NA,yes,yes,Aph4_Ia_AGly.121__Aph4_Ia_AGly__Aph4_Ia__1061,100.0,23.3,no,no,NA,NA,NA,no,NA,NA,NA,partial,CatBx_Phe.371__CatBx_Phe__CatB4__602,100.0,23.6,no,yes,yes,DfrA1_Tmt.430__DfrA1_Tmt__DfrA1__319,99.79,26.5,yes,no,no,NA,NA,NA,no,no,NA,NA,NA,no,no,NA,NA,NA,no,no,NA,NA,NA,no,no,NA,NA,NA,yes,yes,FloR_Phe.66__FloR_Phe__FloR__1212,99.67,25.9,yes,no,no,NA,NA,NA,yes,yes,MphB_MLS.154__MphB_MLS__MphB__1639,100.0,33.9,yes,yes,MrdA_Bla.16__MrdA_Bla__MrdA__836,99.0,36.8,no,no,no,NA,NA,NA,no,no,NA,NA,NA,no,no,NA,NA,NA,no,no,NA,NA,NA,yes,yes,StrA_AGly.263__StrA_AGly__StrA__1501,99.88,19.4,no,yes,yes,StrB_AGly.227__StrB_AGly__StrB__1614,100.0,27.0,no,yes,yes,SulII_Sul.256__SulII_Sul__SulII__1219,99.63,20.5,yes,yes,yes,SulI_Sul.225__SulI_Sul__SulI__1616,100.0,15.0,yes,yes,TEM_1D_Bla.205__TEM_1D_Bla__TEM_95__948,99.88,35.1,yes,yes,yes,TetA_Tet.52__TetA_Tet__TetA__1545,100.0,21.7,no,no,NA,NA,NA,NA
./ariba_amr_results/SRR5023844_trimmed/report.tsv,yes,yes,AMPH_Ecoli_Bla.89__AMPH_Ecoli_Bla__AMPH__615,99.48,39.3,no,no,no,NA,NA,NA,no,NA,NA,NA,NA,no,no,NA,NA,NA,no,no,NA,NA,NA,no,no,NA,NA,NA,NA,no,NA,NA,NA,NA,no,no,NA,NA,NA,NA,yes,yes,AmpC1_Ecoli_Bla.49__AmpC1_Ecoli_Bla__AmpC1__1670,96.93,27.9,yes,yes,yes,AmpC2_Ecoli_Bla.99__AmpC2_Ecoli_Bla__AmpC2__346,97.35,34.2,yes,no,no,NA,NA,NA,no,no,NA,NA,NA,no,no,NA,NA,NA,no,NA,NA,NA,no,NA,NA,NA,NA,no,no,NA,NA,NA,NA,no,no,NA,NA,NA,no,no,NA,NA,NA,no,no,NA,NA,NA,no,no,NA,NA,NA,no,no,NA,NA,NA,no,no,NA,NA,NA,NA,no,no,NA,NA,NA,no,no,NA,NA,NA,yes,yes,MrdA_Bla.16__MrdA_Bla__MrdA__836,98.95,46.2,no,no,no,NA,NA,NA,no,no,NA,NA,NA,no,no,NA,NA,NA,no,no,NA,NA,NA,no,no,NA,NA,NA,NA,no,no,NA,NA,NA,NA,no,no,NA,NA,NA,NA,no,no,NA,NA,NA,no,no,NA,NA,NA,NA,no,no,NA,NA,NA,no,no,NA,NA,NA,NA
./ariba_amr_results/SRR5024066_trimmed/report.tsv,yes,yes,AMPH_Ecoli_Bla.89__AMPH_Ecoli_Bla__AMPH__615,99.48,45.6,no,no,no,NA,NA,NA,no,NA,NA,NA,NA,no,no,NA,NA,NA,no,no,NA,NA,NA,no,no,NA,NA,NA,NA,no,NA,NA,NA,NA,no,no,NA,NA,NA,NA,yes,yes,AmpC1_Ecoli_Bla.49__AmpC1_Ecoli_Bla__AmpC1__1670,96.93,27.5,yes,yes,yes,AmpC2_Ecoli_Bla.99__AmpC2_Ecoli_Bla__AmpC2__346,97.35,34.0,yes,no,no,NA,NA,NA,no,no,NA,NA,NA,no,no,NA,NA,NA,no,NA,NA,NA,no,NA,NA,NA,NA,no,no,NA,NA,NA,NA,no,no,NA,NA,NA,no,no,NA,NA,NA,no,no,NA,NA,NA,no,no,NA,NA,NA,no,no,NA,NA,NA,no,no,NA,NA,NA,NA,no,no,NA,NA,NA,no,no,NA,NA,NA,yes,yes,MrdA_Bla.16__MrdA_Bla__MrdA__836,99.0,49.6,no,no,no,NA,NA,NA,no,no,NA,NA,NA,no,no,NA,NA,NA,no,no,NA,NA,NA,no,no,NA,NA,NA,NA,no,no,NA,NA,NA,NA,no,no,NA,NA,NA,NA,no,no,NA,NA,NA,no,no,NA,NA,NA,NA,no,no,NA,NA,NA,no,no,NA,NA,NA,NA
./ariba_amr_results/SRR5033708_trimmed/report.tsv,yes,yes,AMPH_Ecoli_Bla.89__AMPH_Ecoli_Bla__AMPH__615,98.88,36.8,yes,no,no,NA,NA,NA,no,NA,NA,NA,NA,no,no,NA,NA,NA,no,no,NA,NA,NA,no,no,NA,NA,NA,NA,no,NA,NA,NA,NA,no,no,NA,NA,NA,NA,yes,yes,AmpC1_Ecoli_Bla.49__AmpC1_Ecoli_Bla__AmpC1__1670,98.62,36.1,yes,yes,yes,AmpC2_Ecoli_Bla.99__AmpC2_Ecoli_Bla__AmpC2__346,98.41,35.6,yes,no,no,NA,NA,NA,no,no,NA,NA,NA,no,no,NA,NA,NA,no,NA,NA,NA,no,NA,NA,NA,NA,no,no,NA,NA,NA,NA,no,no,NA,NA,NA,no,no,NA,NA,NA,no,no,NA,NA,NA,no,no,NA,NA,NA,no,no,NA,NA,NA,no,no,NA,NA,NA,NA,no,no,NA,NA,NA,no,no,NA,NA,NA,yes,yes,MrdA_Bla.16__MrdA_Bla__MrdA__836,99.95,43.8,no,no,no,NA,NA,NA,no,no,NA,NA,NA,no,no,NA,NA,NA,no,no,NA,NA,NA,no,no,NA,NA,NA,NA,no,no,NA,NA,NA,NA,no,no,NA,NA,NA,NA,no,no,NA,NA,NA,no,no,NA,NA,NA,NA,no,no,NA,NA,NA,yes,yes,TetB_Tet.67__TetB_Tet__TetB__1213,99.67,53.1,yes
./ariba_amr_results/SRR6001292_trimmed/report.tsv,yes,yes,AMPH_Ecoli_Bla.89__AMPH_Ecoli_Bla__AMPH__615,99.48,32.7,no,no,no,NA,NA,NA,no,NA,NA,NA,NA,no,no,NA,NA,NA,no,no,NA,NA,NA,no,no,NA,NA,NA,NA,no,NA,NA,NA,NA,no,no,NA,NA,NA,NA,yes,yes,AmpC1_Ecoli_Bla.49__AmpC1_Ecoli_Bla__AmpC1__1670,96.93,17.1,yes,yes,yes,AmpC2_Ecoli_Bla.99__AmpC2_Ecoli_Bla__AmpC2__346,97.35,28.7,yes,no,no,NA,NA,NA,no,no,NA,NA,NA,no,no,NA,NA,NA,no,NA,NA,NA,no,NA,NA,NA,NA,no,no,NA,NA,NA,NA,no,no,NA,NA,NA,no,no,NA,NA,NA,no,no,NA,NA,NA,no,no,NA,NA,NA,no,no,NA,NA,NA,no,no,NA,NA,NA,NA,no,no,NA,NA,NA,no,no,NA,NA,NA,yes,yes,MrdA_Bla.16__MrdA_Bla__MrdA__836,99.0,30.1,no,no,no,NA,NA,NA,no,no,NA,NA,NA,no,no,NA,NA,NA,no,no,NA,NA,NA,no,no,NA,NA,NA,NA,no,no,NA,NA,NA,NA,no,no,NA,NA,NA,NA,no,no,NA,NA,NA,no,no,NA,NA,NA,NA,no,no,NA,NA,NA,no,no,NA,NA,NA,NA
./ariba_amr_results/SRR6001310_trimmed/report.tsv,yes,yes,AMPH_Ecoli_Bla.89__AMPH_Ecoli_Bla__AMPH__615,99.48,26.4,no,no,no,NA,NA,NA,no,NA,NA,NA,NA,no,no,NA,NA,NA,no,no,NA,NA,NA,no,no,NA,NA,NA,NA,no,NA,NA,NA,NA,no,no,NA,NA,NA,NA,yes,yes,AmpC1_Ecoli_Bla.49__AmpC1_Ecoli_Bla__AmpC1__1670,96.93,18.4,yes,yes,yes,AmpC2_Ecoli_Bla.99__AmpC2_Ecoli_Bla__AmpC2__346,97.35,22.2,yes,no,no,NA,NA,NA,no,no,NA,NA,NA,no,no,NA,NA,NA,no,NA,NA,NA,no,NA,NA,NA,NA,no,no,NA,NA,NA,NA,no,no,NA,NA,NA,no,no,NA,NA,NA,no,no,NA,NA,NA,no,no,NA,NA,NA,no,no,NA,NA,NA,no,no,NA,NA,NA,NA,no,no,NA,NA,NA,no,no,NA,NA,NA,yes,yes,MrdA_Bla.16__MrdA_Bla__MrdA__836,99.0,27.6,no,no,no,NA,NA,NA,no,no,NA,NA,NA,no,no,NA,NA,NA,no,no,NA,NA,NA,no,no,NA,NA,NA,NA,no,no,NA,NA,NA,NA,no,no,NA,NA,NA,NA,no,no,NA,NA,NA,no,no,NA,NA,NA,NA,no,no,NA,NA,NA,no,no,NA,NA,NA,NA
./ariba_amr_results/SRR6001320_trimmed/report.tsv,yes,yes,AMPH_Ecoli_Bla.89__AMPH_Ecoli_Bla__AMPH__615,99.48,44.5,no,no,no,NA,NA,NA,no,NA,NA,NA,NA,no,no,NA,NA,NA,no,no,NA,NA,NA,no,no,NA,NA,NA,NA,no,NA,NA,NA,NA,no,no,NA,NA,NA,NA,yes,yes,AmpC1_Ecoli_Bla.49__AmpC1_Ecoli_Bla__AmpC1__1670,96.93,26.4,yes,yes,yes,AmpC2_Ecoli_Bla.99__AmpC2_Ecoli_Bla__AmpC2__346,97.35,32.3,yes,no,no,NA,NA,NA,no,no,NA,NA,NA,no,no,NA,NA,NA,no,NA,NA,NA,no,NA,NA,NA,NA,no,no,NA,NA,NA,NA,no,no,NA,NA,NA,no,no,NA,NA,NA,no,no,NA,NA,NA,no,no,NA,NA,NA,no,no,NA,NA,NA,no,no,NA,NA,NA,NA,no,no,NA,NA,NA,no,no,NA,NA,NA,yes,yes,MrdA_Bla.16__MrdA_Bla__MrdA__836,99.0,45.7,no,no,no,NA,NA,NA,no,no,NA,NA,NA,no,no,NA,NA,NA,no,no,NA,NA,NA,no,no,NA,NA,NA,NA,no,no,NA,NA,NA,NA,no,no,NA,NA,NA,NA,no,no,NA,NA,NA,no,no,NA,NA,NA,NA,no,no,NA,NA,NA,no,no,NA,NA,NA,NA
./ariba_amr_results/SRR6051847_trimmed/report.tsv,yes,yes,AMPH_Ecoli_Bla.89__AMPH_Ecoli_Bla__AMPH__615,99.48,38.5,no,no,no,NA,NA,NA,no,NA,NA,NA,NA,no,no,NA,NA,NA,no,no,NA,NA,NA,no,no,NA,NA,NA,NA,no,NA,NA,NA,NA,no,no,NA,NA,NA,NA,yes,yes,AmpC1_Ecoli_Bla.49__AmpC1_Ecoli_Bla__AmpC1__1670,96.93,20.4,yes,yes,yes,AmpC2_Ecoli_Bla.99__AmpC2_Ecoli_Bla__AmpC2__346,97.35,29.2,yes,no,no,NA,NA,NA,no,no,NA,NA,NA,no,no,NA,NA,NA,no,NA,NA,NA,no,NA,NA,NA,NA,no,no,NA,NA,NA,NA,no,no,NA,NA,NA,no,no,NA,NA,NA,no,no,NA,NA,NA,no,no,NA,NA,NA,no,no,NA,NA,NA,no,no,NA,NA,NA,NA,no,no,NA,NA,NA,no,no,NA,NA,NA,yes,yes,MrdA_Bla.16__MrdA_Bla__MrdA__836,99.0,40.8,no,no,no,NA,NA,NA,no,no,NA,NA,NA,no,no,NA,NA,NA,no,no,NA,NA,NA,no,no,NA,NA,NA,NA,no,no,NA,NA,NA,NA,no,no,NA,NA,NA,NA,no,no,NA,NA,NA,no,no,NA,NA,NA,NA,no,no,NA,NA,NA,no,no,NA,NA,NA,NA
./ariba_amr_results/SRR6051848_trimmed/report.tsv,yes,yes,AMPH_Ecoli_Bla.89__AMPH_Ecoli_Bla__AMPH__615,99.48,61.7,no,no,no,NA,NA,NA,no,NA,NA,NA,NA,no,no,NA,NA,NA,no,no,NA,NA,NA,no,no,NA,NA,NA,NA,no,NA,NA,NA,NA,no,no,NA,NA,NA,NA,yes,yes,AmpC1_Ecoli_Bla.49__AmpC1_Ecoli_Bla__AmpC1__1670,96.93,37.1,yes,yes,yes,AmpC2_Ecoli_Bla.99__AmpC2_Ecoli_Bla__AmpC2__346,97.35,43.9,yes,no,no,NA,NA,NA,no,no,NA,NA,NA,no,no,NA,NA,NA,no,NA,NA,NA,no,NA,NA,NA,NA,no,no,NA,NA,NA,NA,no,no,NA,NA,NA,no,no,NA,NA,NA,no,no,NA,NA,NA,no,no,NA,NA,NA,no,no,NA,NA,NA,no,no,NA,NA,NA,NA,no,no,NA,NA,NA,no,no,NA,NA,NA,yes,yes,MrdA_Bla.16__MrdA_Bla__MrdA__836,99.0,61.7,no,no,no,NA,NA,NA,no,no,NA,NA,NA,no,no,NA,NA,NA,no,no,NA,NA,NA,no,no,NA,NA,NA,NA,no,no,NA,NA,NA,NA,no,no,NA,NA,NA,NA,no,no,NA,NA,NA,no,no,NA,NA,NA,NA,no,no,NA,NA,NA,no,no,NA,NA,NA,NA
./ariba_amr_results/SRR6051852_trimmed/report.tsv,yes,yes,AMPH_Ecoli_Bla.89__AMPH_Ecoli_Bla__AMPH__615,99.48,31.2,no,no,no,NA,NA,NA,no,NA,NA,NA,NA,no,no,NA,NA,NA,no,no,NA,NA,NA,no,no,NA,NA,NA,NA,no,NA,NA,NA,NA,no,no,NA,NA,NA,NA,yes,yes,AmpC1_Ecoli_Bla.49__AmpC1_Ecoli_Bla__AmpC1__1670,96.93,20.6,yes,yes,yes,AmpC2_Ecoli_Bla.99__AmpC2_Ecoli_Bla__AmpC2__346,97.35,31.5,yes,no,no,NA,NA,NA,no,no,NA,NA,NA,no,no,NA,NA,NA,no,NA,NA,NA,no,NA,NA,NA,NA,no,no,NA,NA,NA,NA,no,no,NA,NA,NA,no,no,NA,NA,NA,no,no,NA,NA,NA,no,no,NA,NA,NA,no,no,NA,NA,NA,no,no,NA,NA,NA,NA,no,no,NA,NA,NA,no,no,NA,NA,NA,yes,yes,MrdA_Bla.16__MrdA_Bla__MrdA__836,99.0,31.3,no,no,no,NA,NA,NA,no,no,NA,NA,NA,no,no,NA,NA,NA,no,no,NA,NA,NA,no,no,NA,NA,NA,NA,no,no,NA,NA,NA,NA,no,no,NA,NA,NA,NA,no,no,NA,NA,NA,no,no,NA,NA,NA,NA,no,no,NA,NA,NA,no,no,NA,NA,NA,NA
./ariba_amr_results/SRR6051858_trimmed/report.tsv,yes,yes,AMPH_Ecoli_Bla.89__AMPH_Ecoli_Bla__AMPH__615,99.48,50.4,no,no,no,NA,NA,NA,no,NA,NA,NA,NA,no,no,NA,NA,NA,no,no,NA,NA,NA,no,no,NA,NA,NA,NA,no,NA,NA,NA,NA,no,no,NA,NA,NA,NA,yes,yes,AmpC1_Ecoli_Bla.49__AmpC1_Ecoli_Bla__AmpC1__1670,96.93,30.3,yes,yes,yes,AmpC2_Ecoli_Bla.99__AmpC2_Ecoli_Bla__AmpC2__346,97.35,36.4,yes,no,no,NA,NA,NA,no,no,NA,NA,NA,no,no,NA,NA,NA,no,NA,NA,NA,no,NA,NA,NA,NA,no,no,NA,NA,NA,NA,no,no,NA,NA,NA,no,no,NA,NA,NA,no,no,NA,NA,NA,no,no,NA,NA,NA,no,no,NA,NA,NA,no,no,NA,NA,NA,NA,no,no,NA,NA,NA,no,no,NA,NA,NA,yes,yes,MrdA_Bla.16__MrdA_Bla__MrdA__836,99.0,53.4,no,no,no,NA,NA,NA,no,no,NA,NA,NA,no,no,NA,NA,NA,no,no,NA,NA,NA,no,no,NA,NA,NA,NA,no,no,NA,NA,NA,NA,no,no,NA,NA,NA,NA,no,no,NA,NA,NA,no,no,NA,NA,NA,NA,no,no,NA,NA,NA,no,no,NA,NA,NA,NA
./ariba_amr_results/SRR6051860_trimmed/report.tsv,yes,yes,AMPH_Ecoli_Bla.89__AMPH_Ecoli_Bla__AMPH__615,99.48,54.5,no,no,no,NA,NA,NA,no,NA,NA,NA,NA,no,no,NA,NA,NA,no,no,NA,NA,NA,no,no,NA,NA,NA,NA,no,NA,NA,NA,NA,no,no,NA,NA,NA,NA,yes,yes,AmpC1_Ecoli_Bla.49__AmpC1_Ecoli_Bla__AmpC1__1670,96.93,36.4,yes,yes,yes,AmpC2_Ecoli_Bla.99__AmpC2_Ecoli_Bla__AmpC2__346,97.35,42.0,yes,no,no,NA,NA,NA,no,no,NA,NA,NA,no,no,NA,NA,NA,no,NA,NA,NA,no,NA,NA,NA,NA,no,no,NA,NA,NA,NA,no,no,NA,NA,NA,no,no,NA,NA,NA,no,no,NA,NA,NA,no,no,NA,NA,NA,no,no,NA,NA,NA,no,no,NA,NA,NA,NA,no,no,NA,NA,NA,no,no,NA,NA,NA,yes,yes,MrdA_Bla.16__MrdA_Bla__MrdA__836,99.0,47.0,no,no,no,NA,NA,NA,no,no,NA,NA,NA,no,no,NA,NA,NA,no,no,NA,NA,NA,no,no,NA,NA,NA,NA,no,no,NA,NA,NA,NA,no,no,NA,NA,NA,NA,no,no,NA,NA,NA,no,no,NA,NA,NA,NA,no,no,NA,NA,NA,no,no,NA,NA,NA,NA
./ariba_amr_results/SRR6051872_trimmed/report.tsv,yes,yes,AMPH_Ecoli_Bla.89__AMPH_Ecoli_Bla__AMPH__615,99.48,50.6,no,no,no,NA,NA,NA,no,NA,NA,NA,NA,no,no,NA,NA,NA,no,no,NA,NA,NA,no,no,NA,NA,NA,NA,no,NA,NA,NA,NA,no,no,NA,NA,NA,NA,yes,yes,AmpC1_Ecoli_Bla.49__AmpC1_Ecoli_Bla__AmpC1__1670,96.93,27.3,yes,yes,yes,AmpC2_Ecoli_Bla.99__AmpC2_Ecoli_Bla__AmpC2__346,97.35,43.6,yes,no,no,NA,NA,NA,no,no,NA,NA,NA,no,no,NA,NA,NA,no,NA,NA,NA,no,NA,NA,NA,NA,no,no,NA,NA,NA,NA,no,no,NA,NA,NA,no,no,NA,NA,NA,no,no,NA,NA,NA,no,no,NA,NA,NA,no,no,NA,NA,NA,no,no,NA,NA,NA,NA,no,no,NA,NA,NA,no,no,NA,NA,NA,yes,yes,MrdA_Bla.16__MrdA_Bla__MrdA__836,99.0,57.7,no,no,no,NA,NA,NA,no,no,NA,NA,NA,no,no,NA,NA,NA,no,no,NA,NA,NA,no,no,NA,NA,NA,NA,no,no,NA,NA,NA,NA,no,no,NA,NA,NA,NA,no,no,NA,NA,NA,no,no,NA,NA,NA,NA,no,no,NA,NA,NA,no,no,NA,NA,NA,NA
./ariba_amr_results/SRR6051896_trimmed/report.tsv,yes,yes,AMPH_Ecoli_Bla.89__AMPH_Ecoli_Bla__AMPH__615,99.48,41.2,no,no,no,NA,NA,NA,no,NA,NA,NA,NA,no,no,NA,NA,NA,no,no,NA,NA,NA,no,no,NA,NA,NA,NA,no,NA,NA,NA,NA,no,no,NA,NA,NA,NA,yes,yes,AmpC1_Ecoli_Bla.49__AmpC1_Ecoli_Bla__AmpC1__1670,96.93,31.4,yes,yes,yes,AmpC2_Ecoli_Bla.99__AmpC2_Ecoli_Bla__AmpC2__346,97.35,39.5,yes,no,no,NA,NA,NA,no,no,NA,NA,NA,no,no,NA,NA,NA,no,NA,NA,NA,no,NA,NA,NA,NA,no,no,NA,NA,NA,NA,no,no,NA,NA,NA,no,no,NA,NA,NA,no,no,NA,NA,NA,no,no,NA,NA,NA,no,no,NA,NA,NA,no,no,NA,NA,NA,NA,no,no,NA,NA,NA,no,no,NA,NA,NA,yes,yes,MrdA_Bla.16__MrdA_Bla__MrdA__836,99.0,49.3,no,no,no,NA,NA,NA,no,no,NA,NA,NA,no,no,NA,NA,NA,no,no,NA,NA,NA,no,no,NA,NA,NA,NA,no,no,NA,NA,NA,NA,no,no,NA,NA,NA,NA,no,no,NA,NA,NA,no,no,NA,NA,NA,NA,no,no,NA,NA,NA,no,no,NA,NA,NA,NA
./ariba_amr_results/SRR6051940_trimmed/report.tsv,yes,yes,AMPH_Ecoli_Bla.89__AMPH_Ecoli_Bla__AMPH__615,99.48,48.4,no,no,no,NA,NA,NA,no,NA,NA,NA,NA,no,no,NA,NA,NA,no,no,NA,NA,NA,no,no,NA,NA,NA,NA,no,NA,NA,NA,NA,no,no,NA,NA,NA,NA,yes,yes,AmpC1_Ecoli_Bla.49__AmpC1_Ecoli_Bla__AmpC1__1670,96.93,32.3,yes,yes,yes,AmpC2_Ecoli_Bla.99__AmpC2_Ecoli_Bla__AmpC2__346,97.35,42.9,yes,no,no,NA,NA,NA,no,no,NA,NA,NA,no,no,NA,NA,NA,no,NA,NA,NA,no,NA,NA,NA,NA,no,no,NA,NA,NA,NA,no,no,NA,NA,NA,no,no,NA,NA,NA,no,no,NA,NA,NA,no,no,NA,NA,NA,no,no,NA,NA,NA,no,no,NA,NA,NA,NA,no,no,NA,NA,NA,no,no,NA,NA,NA,yes,yes,MrdA_Bla.16__MrdA_Bla__MrdA__836,99.0,53.0,no,no,no,NA,NA,NA,no,no,NA,NA,NA,no,no,NA,NA,NA,no,no,NA,NA,NA,no,no,NA,NA,NA,NA,no,no,NA,NA,NA,NA,no,no,NA,NA,NA,NA,no,no,NA,NA,NA,no,no,NA,NA,NA,NA,no,no,NA,NA,NA,no,no,NA,NA,NA,NA
./ariba_amr_results/SRR6051948_trimmed/report.tsv,yes,yes,AMPH_Ecoli_Bla.89__AMPH_Ecoli_Bla__AMPH__615,99.48,60.0,no,no,no,NA,NA,NA,no,NA,NA,NA,NA,no,no,NA,NA,NA,no,no,NA,NA,NA,no,no,NA,NA,NA,NA,no,NA,NA,NA,NA,no,no,NA,NA,NA,NA,yes,yes,AmpC1_Ecoli_Bla.49__AmpC1_Ecoli_Bla__AmpC1__1670,96.93,45.3,yes,yes,yes,AmpC2_Ecoli_Bla.99__AmpC2_Ecoli_Bla__AmpC2__346,97.35,45.7,yes,no,no,NA,NA,NA,no,no,NA,NA,NA,no,no,NA,NA,NA,no,NA,NA,NA,no,NA,NA,NA,NA,no,no,NA,NA,NA,NA,no,no,NA,NA,NA,no,no,NA,NA,NA,no,no,NA,NA,NA,no,no,NA,NA,NA,no,no,NA,NA,NA,no,no,NA,NA,NA,NA,no,no,NA,NA,NA,no,no,NA,NA,NA,yes,yes,MrdA_Bla.16__MrdA_Bla__MrdA__836,99.0,69.7,no,no,no,NA,NA,NA,no,no,NA,NA,NA,no,no,NA,NA,NA,no,no,NA,NA,NA,no,no,NA,NA,NA,NA,no,no,NA,NA,NA,NA,no,no,NA,NA,NA,NA,no,no,NA,NA,NA,no,no,NA,NA,NA,NA,no,no,NA,NA,NA,no,no,NA,NA,NA,NA
./ariba_amr_results/SRR6052026_trimmed/report.tsv,yes,yes,AMPH_Ecoli_Bla.89__AMPH_Ecoli_Bla__AMPH__615,99.48,48.7,no,no,no,NA,NA,NA,no,NA,NA,NA,NA,no,no,NA,NA,NA,no,no,NA,NA,NA,no,no,NA,NA,NA,NA,no,NA,NA,NA,NA,no,no,NA,NA,NA,NA,yes,yes,AmpC1_Ecoli_Bla.49__AmpC1_Ecoli_Bla__AmpC1__1670,96.93,33.7,yes,yes,yes,AmpC2_Ecoli_Bla.99__AmpC2_Ecoli_Bla__AmpC2__346,97.35,36.9,yes,no,no,NA,NA,NA,no,no,NA,NA,NA,no,no,NA,NA,NA,no,NA,NA,NA,no,NA,NA,NA,NA,no,no,NA,NA,NA,NA,no,no,NA,NA,NA,no,no,NA,NA,NA,no,no,NA,NA,NA,no,no,NA,NA,NA,no,no,NA,NA,NA,no,no,NA,NA,NA,NA,no,no,NA,NA,NA,no,no,NA,NA,NA,yes,yes,MrdA_Bla.16__MrdA_Bla__MrdA__836,99.0,59.5,no,no,no,NA,NA,NA,no,no,NA,NA,NA,no,no,NA,NA,NA,no,no,NA,NA,NA,no,no,NA,NA,NA,NA,no,no,NA,NA,NA,NA,no,no,NA,NA,NA,NA,no,no,NA,NA,NA,yes,yes,TEM_1D_Bla.205__TEM_1D_Bla__TEM_30__907,100.0,86.3,no,no,no,NA,NA,NA,no,no,NA,NA,NA,NA
./ariba_amr_results/SRR6052027_trimmed/report.tsv,yes,yes,AMPH_Ecoli_Bla.89__AMPH_Ecoli_Bla__AMPH__615,99.48,36.8,no,no,no,NA,NA,NA,no,NA,NA,NA,NA,no,no,NA,NA,NA,no,no,NA,NA,NA,no,no,NA,NA,NA,NA,no,NA,NA,NA,NA,no,no,NA,NA,NA,NA,yes,yes,AmpC1_Ecoli_Bla.49__AmpC1_Ecoli_Bla__AmpC1__1670,96.93,23.6,yes,yes,yes,AmpC2_Ecoli_Bla.99__AmpC2_Ecoli_Bla__AmpC2__346,97.35,31.5,yes,no,no,NA,NA,NA,no,no,NA,NA,NA,no,no,NA,NA,NA,no,NA,NA,NA,no,NA,NA,NA,NA,no,no,NA,NA,NA,NA,no,no,NA,NA,NA,no,no,NA,NA,NA,no,no,NA,NA,NA,no,no,NA,NA,NA,no,no,NA,NA,NA,no,no,NA,NA,NA,NA,no,no,NA,NA,NA,no,no,NA,NA,NA,yes,yes,MrdA_Bla.16__MrdA_Bla__MrdA__836,99.0,43.2,no,no,no,NA,NA,NA,no,no,NA,NA,NA,no,no,NA,NA,NA,no,no,NA,NA,NA,no,no,NA,NA,NA,NA,no,no,NA,NA,NA,NA,no,no,NA,NA,NA,NA,no,no,NA,NA,NA,no,no,NA,NA,NA,NA,no,no,NA,NA,NA,no,no,NA,NA,NA,NA
./ariba_amr_results/SRR6052071_trimmed/report.tsv,yes,yes,AMPH_Ecoli_Bla.89__AMPH_Ecoli_Bla__AMPH__615,99.48,54.3,no,no,no,NA,NA,NA,no,NA,NA,NA,NA,no,no,NA,NA,NA,no,no,NA,NA,NA,no,no,NA,NA,NA,NA,no,NA,NA,NA,NA,no,no,NA,NA,NA,NA,yes,yes,AmpC1_Ecoli_Bla.49__AmpC1_Ecoli_Bla__AmpC1__1670,96.93,34.3,yes,yes,yes,AmpC2_Ecoli_Bla.99__AmpC2_Ecoli_Bla__AmpC2__346,97.35,43.0,yes,no,no,NA,NA,NA,no,no,NA,NA,NA,no,no,NA,NA,NA,no,NA,NA,NA,no,NA,NA,NA,NA,no,no,NA,NA,NA,NA,no,no,NA,NA,NA,no,no,NA,NA,NA,no,no,NA,NA,NA,no,no,NA,NA,NA,no,no,NA,NA,NA,no,no,NA,NA,NA,NA,no,no,NA,NA,NA,no,no,NA,NA,NA,yes,yes,MrdA_Bla.16__MrdA_Bla__MrdA__836,98.95,51.9,no,no,no,NA,NA,NA,no,no,NA,NA,NA,no,no,NA,NA,NA,no,no,NA,NA,NA,no,no,NA,NA,NA,NA,no,no,NA,NA,NA,NA,no,no,NA,NA,NA,NA,no,no,NA,NA,NA,no,no,NA,NA,NA,NA,no,no,NA,NA,NA,no,no,NA,NA,NA,NA
./ariba_amr_results/SRR6052110_trimmed/report.tsv,yes,yes,AMPH_Ecoli_Bla.89__AMPH_Ecoli_Bla__AMPH__615,99.48,48.6,no,no,no,NA,NA,NA,no,NA,NA,NA,NA,no,no,NA,NA,NA,no,no,NA,NA,NA,no,no,NA,NA,NA,NA,no,NA,NA,NA,NA,no,no,NA,NA,NA,NA,yes,yes,AmpC1_Ecoli_Bla.49__AmpC1_Ecoli_Bla__AmpC1__1670,96.93,35.9,yes,yes,yes,AmpC2_Ecoli_Bla.99__AmpC2_Ecoli_Bla__AmpC2__346,97.35,37.4,yes,no,no,NA,NA,NA,no,no,NA,NA,NA,no,no,NA,NA,NA,no,NA,NA,NA,no,NA,NA,NA,NA,no,no,NA,NA,NA,NA,no,no,NA,NA,NA,no,no,NA,NA,NA,no,no,NA,NA,NA,no,no,NA,NA,NA,no,no,NA,NA,NA,no,no,NA,NA,NA,NA,no,no,NA,NA,NA,no,no,NA,NA,NA,yes,yes,MrdA_Bla.16__MrdA_Bla__MrdA__836,99.0,57.8,no,no,no,NA,NA,NA,no,no,NA,NA,NA,no,no,NA,NA,NA,no,no,NA,NA,NA,no,no,NA,NA,NA,NA,no,no,NA,NA,NA,NA,no,no,NA,NA,NA,NA,no,no,NA,NA,NA,no,no,NA,NA,NA,NA,no,no,NA,NA,NA,no,no,NA,NA,NA,NA
./ariba_amr_results/SRR6473166_trimmed/report.tsv,yes,yes,AMPH_Ecoli_Bla.89__AMPH_Ecoli_Bla__AMPH__615,99.4,47.8,yes,no,no,NA,NA,NA,no,NA,NA,NA,NA,no,no,NA,NA,NA,no,no,NA,NA,NA,no,no,NA,NA,NA,NA,no,NA,NA,NA,NA,no,no,NA,NA,NA,NA,yes,yes,AmpC1_Ecoli_Bla.49__AmpC1_Ecoli_Bla__AmpC1__1670,98.16,46.6,yes,yes,yes,AmpC2_Ecoli_Bla.99__AmpC2_Ecoli_Bla__AmpC2__346,97.71,51.6,yes,no,no,NA,NA,NA,no,no,NA,NA,NA,no,no,NA,NA,NA,no,NA,NA,NA,partial,CatBx_Phe.371__CatBx_Phe__CatB4__602,100.0,92.4,no,no,no,NA,NA,NA,NA,no,no,NA,NA,NA,no,no,NA,NA,NA,no,no,NA,NA,NA,no,no,NA,NA,NA,no,no,NA,NA,NA,no,no,NA,NA,NA,NA,no,no,NA,NA,NA,no,no,NA,NA,NA,yes,yes,MrdA_Bla.16__MrdA_Bla__MrdA__836,99.42,61.4,no,no,no,NA,NA,NA,no,no,NA,NA,NA,no,no,NA,NA,NA,no,no,NA,NA,NA,yes,yes,StrA_AGly.263__StrA_AGly__StrA__1501,99.88,118.2,no,yes,yes,StrB_AGly.227__StrB_AGly__StrB__1614,100.0,148.9,no,yes,yes,SulII_Sul.256__SulII_Sul__SulII__1219,99.63,101.3,yes,no,no,NA,NA,NA,no,no,NA,NA,NA,NA,no,no,NA,NA,NA,no,no,NA,NA,NA,NA
./ariba_amr_results/SRR6816953_trimmed/report.tsv,yes,yes,AMPH_Ecoli_Bla.89__AMPH_Ecoli_Bla__AMPH__615,99.48,92.0,no,no,no,NA,NA,NA,no,NA,NA,NA,NA,no,no,NA,NA,NA,no,no,NA,NA,NA,no,no,NA,NA,NA,NA,no,NA,NA,NA,NA,no,no,NA,NA,NA,NA,yes,yes,AmpC1_Ecoli_Bla.49__AmpC1_Ecoli_Bla__AmpC1__1670,96.93,54.7,yes,yes,yes,AmpC2_Ecoli_Bla.99__AmpC2_Ecoli_Bla__AmpC2__346,97.35,25.4,yes,no,no,NA,NA,NA,no,no,NA,NA,NA,no,no,NA,NA,NA,no,NA,NA,NA,no,NA,NA,NA,NA,no,no,NA,NA,NA,NA,no,no,NA,NA,NA,no,no,NA,NA,NA,no,no,NA,NA,NA,no,no,NA,NA,NA,no,no,NA,NA,NA,no,no,NA,NA,NA,NA,no,no,NA,NA,NA,no,no,NA,NA,NA,yes,yes,MrdA_Bla.16__MrdA_Bla__MrdA__836,99.0,88.6,no,no,no,NA,NA,NA,no,no,NA,NA,NA,no,no,NA,NA,NA,no,no,NA,NA,NA,no,no,NA,NA,NA,NA,no,no,NA,NA,NA,NA,no,no,NA,NA,NA,NA,no,no,NA,NA,NA,no,no,NA,NA,NA,NA,no,no,NA,NA,NA,no,no,NA,NA,NA,NA
./ariba_amr_results/esc_ga8899aa_as/report.tsv,yes,yes,AMPH_Ecoli_Bla.89__AMPH_Ecoli_Bla__AMPH__615,98.88,44.5,no,no,no,NA,NA,NA,no,NA,NA,NA,NA,no,no,NA,NA,NA,no,no,NA,NA,NA,yes,yes,AadA_AGly.229__AadA_AGly__AadA1__1598,98.99,45.7,yes,no,NA,NA,NA,NA,no,no,NA,NA,NA,NA,yes,yes,AmpC1_Ecoli_Bla.49__AmpC1_Ecoli_Bla__AmpC1__1670,98.24,41.6,yes,yes,yes,AmpC2_Ecoli_Bla.99__AmpC2_Ecoli_Bla__AmpC2__346,97.53,37.9,yes,no,no,NA,NA,NA,no,no,NA,NA,NA,yes,yes,CTX_M_1_Bla.193__CTX_M_1_Bla__CTX_M_15__150,100.0,47.5,no,NA,NA,NA,partial,CatBx_Phe.371__CatBx_Phe__CatB4__602,100.0,31.6,no,yes,yes,DfrA1_Tmt.430__DfrA1_Tmt__DfrA1__319,100.0,42.1,no,yes,yes,DfrA5_Tmt.431__DfrA5_Tmt__DfrA14__322,100.0,43.9,no,no,NA,NA,NA,no,no,NA,NA,NA,no,no,NA,NA,NA,no,no,NA,NA,NA,no,no,NA,NA,NA,NA,no,no,NA,NA,NA,no,no,NA,NA,NA,yes,yes,MrdA_Bla.16__MrdA_Bla__MrdA__836,99.37,51.0,no,no,no,NA,NA,NA,no,no,NA,NA,NA,yes,yes,Qnr_S_Flq.357__Qnr_S_Flq__Qnr_S1__1455,100.0,45.1,yes,yes,Sat_2A_AGly.413__Sat_2A_AGly__Sat_2A__1088,100.0,42.8,yes,yes,StrA_AGly.263__StrA_AGly__StrA__1501,99.88,46.3,no,yes,yes,StrB_AGly.227__StrB_AGly__StrB__1614,100.0,46.9,no,yes,yes,SulII_Sul.256__SulII_Sul__SulII__1219,100.0,46.8,no,no,no,NA,NA,NA,yes,yes,TEM_1D_Bla.205__TEM_1D_Bla__TEM_95__948,99.88,47.3,yes,yes,yes,TetA_Tet.52__TetA_Tet__TetA__1545,100.0,50.8,no,no,NA,NA,NA,NA
./ariba_amr_results/esc_ga8924aa_as/report.tsv,yes,yes,AMPH_Ecoli_Bla.89__AMPH_Ecoli_Bla__AMPH__615,100.0,49.9,no,no,no,NA,NA,NA,no,NA,NA,NA,NA,no,no,NA,NA,NA,no,no,NA,NA,NA,no,no,NA,NA,NA,NA,no,NA,NA,NA,NA,no,no,NA,NA,NA,NA,yes,yes,AmpC1_Ecoli_Bla.49__AmpC1_Ecoli_Bla__AmpC1__1670,100.0,50.9,no,yes,yes,AmpC2_Ecoli_Bla.99__AmpC2_Ecoli_Bla__AmpC2__346,97.44,43.0,yes,no,no,NA,NA,NA,no,no,NA,NA,NA,yes,yes,CTX_M_1_Bla.193__CTX_M_1_Bla__CTX_M_15__150,100.0,47.5,no,NA,NA,NA,partial,CatBx_Phe.371__CatBx_Phe__CatB4__602,100.0,34.2,no,no,no,NA,NA,NA,NA,no,no,NA,NA,NA,no,no,NA,NA,NA,no,no,NA,NA,NA,no,no,NA,NA,NA,no,no,NA,NA,NA,no,no,NA,NA,NA,NA,no,no,NA,NA,NA,no,no,NA,NA,NA,yes,yes,MrdA_Bla.16__MrdA_Bla__MrdA__836,100.0,54.2,no,no,no,NA,NA,NA,no,no,NA,NA,NA,yes,yes,Qnr_S_Flq.357__Qnr_S_Flq__Qnr_S1__1455,100.0,45.1,no,no,NA,NA,NA,yes,yes,StrA_AGly.263__StrA_AGly__StrA__1501,99.88,46.3,no,yes,yes,StrB_AGly.227__StrB_AGly__StrB__1614,100.0,46.9,no,yes,yes,SulII_Sul.256__SulII_Sul__SulII__1219,100.0,46.8,no,no,no,NA,NA,NA,yes,yes,TEM_1D_Bla.205__TEM_1D_Bla__TEM_95__948,99.88,47.3,yes,yes,yes,TetA_Tet.52__TetA_Tet__TetA__1545,100.0,50.9,no,no,NA,NA,NA,NA
./ariba_amr_results/esc_ka1582aa_as/report.tsv,yes,yes,AMPH_Ecoli_Bla.89__AMPH_Ecoli_Bla__AMPH__615,99.48,47.4,no,no,no,NA,NA,NA,no,NA,NA,NA,NA,no,no,NA,NA,NA,no,no,NA,NA,NA,no,no,NA,NA,NA,NA,no,NA,NA,NA,NA,no,no,NA,NA,NA,NA,yes,yes,AmpC1_Ecoli_Bla.49__AmpC1_Ecoli_Bla__AmpC1__1670,96.93,38.5,yes,yes,yes,AmpC2_Ecoli_Bla.99__AmpC2_Ecoli_Bla__AmpC2__346,97.35,44.7,yes,no,no,NA,NA,NA,no,no,NA,NA,NA,no,no,NA,NA,NA,no,NA,NA,NA,no,NA,NA,NA,NA,no,no,NA,NA,NA,NA,no,no,NA,NA,NA,no,no,NA,NA,NA,no,no,NA,NA,NA,no,no,NA,NA,NA,no,no,NA,NA,NA,no,no,NA,NA,NA,NA,no,no,NA,NA,NA,no,no,NA,NA,NA,yes,yes,MrdA_Bla.16__MrdA_Bla__MrdA__836,99.0,48.9,no,no,no,NA,NA,NA,no,no,NA,NA,NA,no,no,NA,NA,NA,no,no,NA,NA,NA,no,no,NA,NA,NA,NA,no,no,NA,NA,NA,NA,no,no,NA,NA,NA,NA,no,no,NA,NA,NA,no,no,NA,NA,NA,NA,no,no,NA,NA,NA,no,no,NA,NA,NA,NA
./ariba_amr_results/esc_ka5993aa_as/report.tsv,yes,yes,AMPH_Ecoli_Bla.89__AMPH_Ecoli_Bla__AMPH__615,99.05,44.1,yes,no,no,NA,NA,NA,no,NA,NA,NA,NA,no,no,NA,NA,NA,no,no,NA,NA,NA,no,no,NA,NA,NA,NA,no,NA,NA,NA,NA,no,no,NA,NA,NA,NA,yes,yes,AmpC1_Ecoli_Bla.49__AmpC1_Ecoli_Bla__AmpC1__1670,98.16,41.6,yes,yes,yes,AmpC2_Ecoli_Bla.99__AmpC2_Ecoli_Bla__AmpC2__346,97.71,47.4,yes,no,no,NA,NA,NA,no,no,NA,NA,NA,no,no,NA,NA,NA,no,NA,NA,NA,no,NA,NA,NA,NA,no,no,NA,NA,NA,NA,no,no,NA,NA,NA,no,no,NA,NA,NA,no,no,NA,NA,NA,no,no,NA,NA,NA,no,no,NA,NA,NA,no,no,NA,NA,NA,NA,no,no,NA,NA,NA,no,no,NA,NA,NA,yes,yes,MrdA_Bla.16__MrdA_Bla__MrdA__836,98.69,48.1,no,no,no,NA,NA,NA,no,no,NA,NA,NA,no,no,NA,NA,NA,no,no,NA,NA,NA,no,no,NA,NA,NA,NA,no,no,NA,NA,NA,NA,no,no,NA,NA,NA,NA,no,no,NA,NA,NA,no,no,NA,NA,NA,NA,no,no,NA,NA,NA,no,no,NA,NA,NA,NA
./ariba_amr_results/esc_ka6018aa_as/report.tsv,yes,yes,AMPH_Ecoli_Bla.89__AMPH_Ecoli_Bla__AMPH__615,99.05,44.3,yes,no,no,NA,NA,NA,no,NA,NA,NA,NA,no,no,NA,NA,NA,no,no,NA,NA,NA,no,no,NA,NA,NA,NA,no,NA,NA,NA,NA,no,no,NA,NA,NA,NA,yes,yes,AmpC1_Ecoli_Bla.49__AmpC1_Ecoli_Bla__AmpC1__1670,98.16,41.7,yes,yes,yes,AmpC2_Ecoli_Bla.99__AmpC2_Ecoli_Bla__AmpC2__346,97.71,47.4,yes,no,no,NA,NA,NA,no,no,NA,NA,NA,no,no,NA,NA,NA,no,NA,NA,NA,no,NA,NA,NA,NA,no,no,NA,NA,NA,NA,no,no,NA,NA,NA,no,no,NA,NA,NA,no,no,NA,NA,NA,no,no,NA,NA,NA,no,no,NA,NA,NA,no,no,NA,NA,NA,NA,no,no,NA,NA,NA,no,no,NA,NA,NA,yes,yes,MrdA_Bla.16__MrdA_Bla__MrdA__836,98.69,48.3,no,no,no,NA,NA,NA,no,no,NA,NA,NA,no,no,NA,NA,NA,no,no,NA,NA,NA,no,no,NA,NA,NA,NA,no,no,NA,NA,NA,NA,no,no,NA,NA,NA,NA,no,no,NA,NA,NA,no,no,NA,NA,NA,NA,no,no,NA,NA,NA,no,no,NA,NA,NA,NA
./ariba_amr_results/esc_ka6019aa_as/report.tsv,yes,yes,AMPH_Ecoli_Bla.89__AMPH_Ecoli_Bla__AMPH__615,99.05,44.3,yes,no,no,NA,NA,NA,no,NA,NA,NA,NA,no,no,NA,NA,NA,no,no,NA,NA,NA,no,no,NA,NA,NA,NA,no,NA,NA,NA,NA,no,no,NA,NA,NA,NA,yes,yes,AmpC1_Ecoli_Bla.49__AmpC1_Ecoli_Bla__AmpC1__1670,98.16,42.1,yes,yes,yes,AmpC2_Ecoli_Bla.99__AmpC2_Ecoli_Bla__AmpC2__346,97.71,47.4,yes,no,no,NA,NA,NA,no,no,NA,NA,NA,no,no,NA,NA,NA,no,NA,NA,NA,no,NA,NA,NA,NA,no,no,NA,NA,NA,NA,no,no,NA,NA,NA,no,no,NA,NA,NA,no,no,NA,NA,NA,no,no,NA,NA,NA,no,no,NA,NA,NA,no,no,NA,NA,NA,NA,no,no,NA,NA,NA,no,no,NA,NA,NA,yes,yes,MrdA_Bla.16__MrdA_Bla__MrdA__836,98.69,48.4,no,no,no,NA,NA,NA,no,no,NA,NA,NA,no,no,NA,NA,NA,no,no,NA,NA,NA,no,no,NA,NA,NA,NA,no,no,NA,NA,NA,NA,no,no,NA,NA,NA,NA,no,no,NA,NA,NA,no,no,NA,NA,NA,NA,no,no,NA,NA,NA,no,no,NA,NA,NA,NA
./ariba_amr_results/esc_ka6023aa_as/report.tsv,yes,yes,AMPH_Ecoli_Bla.89__AMPH_Ecoli_Bla__AMPH__615,99.05,44.3,yes,no,no,NA,NA,NA,no,NA,NA,NA,NA,no,no,NA,NA,NA,no,no,NA,NA,NA,no,no,NA,NA,NA,NA,no,NA,NA,NA,NA,no,no,NA,NA,NA,NA,yes,yes,AmpC1_Ecoli_Bla.49__AmpC1_Ecoli_Bla__AmpC1__1670,98.16,41.7,yes,yes,yes,AmpC2_Ecoli_Bla.99__AmpC2_Ecoli_Bla__AmpC2__346,97.71,47.4,yes,no,no,NA,NA,NA,no,no,NA,NA,NA,no,no,NA,NA,NA,no,NA,NA,NA,no,NA,NA,NA,NA,no,no,NA,NA,NA,NA,no,no,NA,NA,NA,no,no,NA,NA,NA,no,no,NA,NA,NA,no,no,NA,NA,NA,no,no,NA,NA,NA,no,no,NA,NA,NA,NA,no,no,NA,NA,NA,no,no,NA,NA,NA,yes,yes,MrdA_Bla.16__MrdA_Bla__MrdA__836,98.69,48.3,no,no,no,NA,NA,NA,no,no,NA,NA,NA,no,no,NA,NA,NA,no,no,NA,NA,NA,no,no,NA,NA,NA,NA,no,no,NA,NA,NA,NA,no,no,NA,NA,NA,NA,no,no,NA,NA,NA,no,no,NA,NA,NA,NA,no,no,NA,NA,NA,no,no,NA,NA,NA,NA
./ariba_amr_results/esc_la5262aa_as/report.tsv,yes,yes,AMPH_Ecoli_Bla.89__AMPH_Ecoli_Bla__AMPH__615,99.31,46.5,no,no,no,NA,NA,NA,no,NA,NA,NA,NA,no,no,NA,NA,NA,no,no,NA,NA,NA,no,no,NA,NA,NA,NA,no,NA,NA,NA,NA,no,no,NA,NA,NA,NA,yes,yes,AmpC1_Ecoli_Bla.49__AmpC1_Ecoli_Bla__AmpC1__1670,98.38,41.2,yes,yes,yes,AmpC2_Ecoli_Bla.99__AmpC2_Ecoli_Bla__AmpC2__346,97.71,47.4,yes,no,no,NA,NA,NA,no,no,NA,NA,NA,no,no,NA,NA,NA,no,NA,NA,NA,no,NA,NA,NA,NA,no,no,NA,NA,NA,NA,no,no,NA,NA,NA,no,no,NA,NA,NA,no,no,NA,NA,NA,no,no,NA,NA,NA,no,no,NA,NA,NA,no,no,NA,NA,NA,NA,no,no,NA,NA,NA,no,no,NA,NA,NA,yes,yes,MrdA_Bla.16__MrdA_Bla__MrdA__836,99.11,50.7,yes,no,no,NA,NA,NA,no,no,NA,NA,NA,no,no,NA,NA,NA,no,no,NA,NA,NA,no,no,NA,NA,NA,NA,no,no,NA,NA,NA,NA,no,no,NA,NA,NA,NA,no,no,NA,NA,NA,no,no,NA,NA,NA,NA,no,no,NA,NA,NA,no,no,NA,NA,NA,NA
./ariba_amr_results/esc_la5642aa_as/report.tsv,yes,yes,AMPH_Ecoli_Bla.89__AMPH_Ecoli_Bla__AMPH__615,99.05,44.3,yes,no,no,NA,NA,NA,no,NA,NA,NA,NA,no,no,NA,NA,NA,no,no,NA,NA,NA,no,no,NA,NA,NA,NA,no,NA,NA,NA,NA,no,no,NA,NA,NA,NA,yes,yes,AmpC1_Ecoli_Bla.49__AmpC1_Ecoli_Bla__AmpC1__1670,98.08,40.6,yes,yes,yes,AmpC2_Ecoli_Bla.99__AmpC2_Ecoli_Bla__AmpC2__346,97.71,47.4,yes,no,no,NA,NA,NA,no,no,NA,NA,NA,no,no,NA,NA,NA,no,NA,NA,NA,partial,CatBx_Phe.371__CatBx_Phe__CatB4__602,100.0,70.4,no,no,no,NA,NA,NA,NA,no,no,NA,NA,NA,no,no,NA,NA,NA,no,no,NA,NA,NA,no,no,NA,NA,NA,no,no,NA,NA,NA,no,no,NA,NA,NA,NA,no,no,NA,NA,NA,no,no,NA,NA,NA,yes,yes,MrdA_Bla.16__MrdA_Bla__MrdA__836,98.69,48.4,no,no,no,NA,NA,NA,yes,yes,QnrB_Flq.344__QnrB_Flq__QnrB19__10,100.0,45.0,no,no,NA,NA,NA,no,no,NA,NA,NA,yes,yes,StrA_AGly.263__StrA_AGly__StrA__1501,99.88,46.3,no,yes,yes,StrB_AGly.227__StrB_AGly__StrB__1614,100.0,46.9,no,yes,yes,SulII_Sul.256__SulII_Sul__SulII__1219,100.0,46.8,no,no,no,NA,NA,NA,no,no,NA,NA,NA,NA,yes,yes,TetA_Tet.52__TetA_Tet__TetA__1545,100.0,50.8,no,no,NA,NA,NA,NA
./ariba_amr_results/esc_la5644aa_as/report.tsv,yes,yes,AMPH_Ecoli_Bla.89__AMPH_Ecoli_Bla__AMPH__615,99.48,47.4,no,no,no,NA,NA,NA,no,NA,NA,NA,NA,no,no,NA,NA,NA,no,no,NA,NA,NA,no,no,NA,NA,NA,NA,no,NA,NA,NA,NA,no,no,NA,NA,NA,NA,yes,yes,AmpC1_Ecoli_Bla.49__AmpC1_Ecoli_Bla__AmpC1__1670,97.01,33.5,yes,yes,yes,AmpC2_Ecoli_Bla.99__AmpC2_Ecoli_Bla__AmpC2__346,97.35,44.7,yes,no,no,NA,NA,NA,no,no,NA,NA,NA,no,no,NA,NA,NA,no,NA,NA,NA,no,NA,NA,NA,NA,no,no,NA,NA,NA,NA,no,no,NA,NA,NA,no,no,NA,NA,NA,no,no,NA,NA,NA,no,no,NA,NA,NA,no,no,NA,NA,NA,no,no,NA,NA,NA,NA,no,no,NA,NA,NA,no,no,NA,NA,NA,yes,yes,MrdA_Bla.16__MrdA_Bla__MrdA__836,99.0,49.4,no,no,no,NA,NA,NA,no,no,NA,NA,NA,no,no,NA,NA,NA,no,no,NA,NA,NA,no,no,NA,NA,NA,NA,no,no,NA,NA,NA,NA,no,no,NA,NA,NA,NA,no,no,NA,NA,NA,no,no,NA,NA,NA,NA,no,no,NA,NA,NA,no,no,NA,NA,NA,NA
./ariba_amr_results/esc_ma8874aa_as/report.tsv,yes,yes,AMPH_Ecoli_Bla.89__AMPH_Ecoli_Bla__AMPH__615,97.06,33.0,yes,no,no,NA,NA,NA,no,NA,NA,NA,NA,no,no,NA,NA,NA,no,no,NA,NA,NA,yes,yes,AadA_AGly.229__AadA_AGly__AadA17__1603,95.83,46.6,yes,no,NA,NA,NA,NA,yes,yes,AadA_AGly.229__AadA_AGly__AadA2__1605,99.87,45.9,no,yes,yes,AmpC1_Ecoli_Bla.49__AmpC1_Ecoli_Bla__AmpC1__1670,96.61,36.3,yes,yes,yes,AmpC2_Ecoli_Bla.99__AmpC2_Ecoli_Bla__AmpC2__346,98.06,39.9,yes,no,no,NA,NA,NA,no,no,NA,NA,NA,no,no,NA,NA,NA,partial,CatA1_Phe.352__CatA1_Phe__CatA1__1470,99.56,40.6,no,NA,NA,NA,NA,no,no,NA,NA,NA,NA,no,no,NA,NA,NA,no,no,NA,NA,NA,no,no,NA,NA,NA,no,no,NA,NA,NA,yes,yes,DfrA_Tmt.418__DfrA_Tmt__DfrA12__1089,100.0,42.8,no,no,NA,NA,NA,NA,no,no,NA,NA,NA,no,no,NA,NA,NA,yes,yes,MrdA_Bla.16__MrdA_Bla__MrdA__836,98.58,47.4,no,no,no,NA,NA,NA,no,no,NA,NA,NA,no,no,NA,NA,NA,no,no,NA,NA,NA,yes,yes,StrA_AGly.263__StrA_AGly__StrA__1501,99.88,46.7,no,yes,yes,StrB_AGly.227__StrB_AGly__StrB__1614,100.0,45.4,no,yes,yes,SulII_Sul.256__SulII_Sul__SulII__1219,100.0,46.8,no,yes,yes,SulI_Sul.225__SulI_Sul__SulI__1616,100.0,47.0,yes,yes,TEM_1D_Bla.205__TEM_1D_Bla__TEM_95__948,99.88,49.6,yes,yes,yes,TetA_Tet.52__TetA_Tet__TetA__1545,100.0,50.9,no,no,NA,NA,NA,NA
./ariba_amr_results/esc_na3120aa_as/report.tsv,yes,yes,AMPH_Ecoli_Bla.89__AMPH_Ecoli_Bla__AMPH__615,98.79,44.1,no,no,no,NA,NA,NA,no,NA,NA,NA,NA,no,no,NA,NA,NA,no,no,NA,NA,NA,no,no,NA,NA,NA,NA,no,NA,NA,NA,NA,no,no,NA,NA,NA,NA,yes,yes,AmpC1_Ecoli_Bla.49__AmpC1_Ecoli_Bla__AmpC1__1670,98.16,41.6,yes,yes,yes,AmpC2_Ecoli_Bla.99__AmpC2_Ecoli_Bla__AmpC2__346,97.62,38.4,yes,no,no,NA,NA,NA,no,no,NA,NA,NA,no,no,NA,NA,NA,no,NA,NA,NA,no,NA,NA,NA,NA,no,no,NA,NA,NA,NA,no,no,NA,NA,NA,no,no,NA,NA,NA,no,no,NA,NA,NA,no,no,NA,NA,NA,no,no,NA,NA,NA,no,no,NA,NA,NA,NA,no,no,NA,NA,NA,no,no,NA,NA,NA,yes,yes,MrdA_Bla.16__MrdA_Bla__MrdA__836,99.42,51.3,no,no,no,NA,NA,NA,no,no,NA,NA,NA,no,no,NA,NA,NA,no,no,NA,NA,NA,no,no,NA,NA,NA,NA,no,no,NA,NA,NA,NA,no,no,NA,NA,NA,NA,no,no,NA,NA,NA,no,no,NA,NA,NA,NA,no,no,NA,NA,NA,no,no,NA,NA,NA,NA
./ariba_amr_results/esc_na3121aa_as/report.tsv,yes,yes,AMPH_Ecoli_Bla.89__AMPH_Ecoli_Bla__AMPH__615,98.79,44.1,no,no,no,NA,NA,NA,no,NA,NA,NA,NA,no,no,NA,NA,NA,no,no,NA,NA,NA,no,no,NA,NA,NA,NA,no,NA,NA,NA,NA,no,no,NA,NA,NA,NA,yes,yes,AmpC1_Ecoli_Bla.49__AmpC1_Ecoli_Bla__AmpC1__1670,98.16,41.6,yes,yes,yes,AmpC2_Ecoli_Bla.99__AmpC2_Ecoli_Bla__AmpC2__346,97.62,38.0,yes,no,no,NA,NA,NA,no,no,NA,NA,NA,no,no,NA,NA,NA,no,NA,NA,NA,no,NA,NA,NA,NA,no,no,NA,NA,NA,NA,no,no,NA,NA,NA,no,no,NA,NA,NA,no,no,NA,NA,NA,no,no,NA,NA,NA,no,no,NA,NA,NA,no,no,NA,NA,NA,NA,no,no,NA,NA,NA,no,no,NA,NA,NA,yes,yes,MrdA_Bla.16__MrdA_Bla__MrdA__836,99.42,51.6,no,no,no,NA,NA,NA,no,no,NA,NA,NA,no,no,NA,NA,NA,no,no,NA,NA,NA,no,no,NA,NA,NA,NA,no,no,NA,NA,NA,NA,no,no,NA,NA,NA,NA,no,no,NA,NA,NA,no,no,NA,NA,NA,NA,no,no,NA,NA,NA,no,no,NA,NA,NA,NA
./ariba_amr_results/esc_na3122aa_as/report.tsv,yes,yes,AMPH_Ecoli_Bla.89__AMPH_Ecoli_Bla__AMPH__615,99.4,46.8,no,no,no,NA,NA,NA,no,NA,NA,NA,NA,no,no,NA,NA,NA,no,no,NA,NA,NA,no,no,NA,NA,NA,NA,no,NA,NA,NA,NA,no,no,NA,NA,NA,NA,yes,yes,AmpC1_Ecoli_Bla.49__AmpC1_Ecoli_Bla__AmpC1__1670,98.08,41.0,yes,yes,yes,AmpC2_Ecoli_Bla.99__AmpC2_Ecoli_Bla__AmpC2__346,97.71,47.4,yes,no,no,NA,NA,NA,no,no,NA,NA,NA,no,no,NA,NA,NA,no,NA,NA,NA,no,NA,NA,NA,NA,no,no,NA,NA,NA,NA,no,no,NA,NA,NA,no,no,NA,NA,NA,no,no,NA,NA,NA,no,no,NA,NA,NA,no,no,NA,NA,NA,no,no,NA,NA,NA,NA,no,no,NA,NA,NA,no,no,NA,NA,NA,yes,yes,MrdA_Bla.16__MrdA_Bla__MrdA__836,98.74,48.7,no,no,no,NA,NA,NA,no,no,NA,NA,NA,no,no,NA,NA,NA,no,no,NA,NA,NA,no,no,NA,NA,NA,NA,no,no,NA,NA,NA,NA,no,no,NA,NA,NA,NA,no,no,NA,NA,NA,no,no,NA,NA,NA,NA,no,no,NA,NA,NA,no,no,NA,NA,NA,NA
./ariba_amr_results/esc_pa2748aa_as/report.tsv,yes,yes,AMPH_Ecoli_Bla.89__AMPH_Ecoli_Bla__AMPH__615,99.05,44.3,yes,no,no,NA,NA,NA,no,NA,NA,NA,NA,no,no,NA,NA,NA,no,no,NA,NA,NA,no,no,NA,NA,NA,NA,no,NA,NA,NA,NA,no,no,NA,NA,NA,NA,yes,yes,AmpC1_Ecoli_Bla.49__AmpC1_Ecoli_Bla__AmpC1__1670,98.16,41.6,yes,yes,yes,AmpC2_Ecoli_Bla.99__AmpC2_Ecoli_Bla__AmpC2__346,97.62,46.8,yes,no,no,NA,NA,NA,no,no,NA,NA,NA,no,no,NA,NA,NA,no,NA,NA,NA,no,NA,NA,NA,NA,no,no,NA,NA,NA,NA,no,no,NA,NA,NA,no,no,NA,NA,NA,no,no,NA,NA,NA,no,no,NA,NA,NA,no,no,NA,NA,NA,no,no,NA,NA,NA,NA,no,no,NA,NA,NA,no,no,NA,NA,NA,yes,yes,MrdA_Bla.16__MrdA_Bla__MrdA__836,98.69,48.1,no,no,no,NA,NA,NA,no,no,NA,NA,NA,no,no,NA,NA,NA,no,no,NA,NA,NA,no,no,NA,NA,NA,NA,no,no,NA,NA,NA,NA,no,no,NA,NA,NA,NA,no,no,NA,NA,NA,no,no,NA,NA,NA,NA,no,no,NA,NA,NA,no,no,NA,NA,NA,NA
./ariba_amr_results/esc_qa4375aa_as/report.tsv,yes,yes,AMPH_Ecoli_Bla.89__AMPH_Ecoli_Bla__AMPH__615,99.05,44.3,yes,no,no,NA,NA,NA,no,NA,NA,NA,NA,no,no,NA,NA,NA,no,no,NA,NA,NA,no,no,NA,NA,NA,NA,no,NA,NA,NA,NA,no,no,NA,NA,NA,NA,yes,yes,AmpC1_Ecoli_Bla.49__AmpC1_Ecoli_Bla__AmpC1__1670,98.16,42.1,yes,yes,yes,AmpC2_Ecoli_Bla.99__AmpC2_Ecoli_Bla__AmpC2__346,97.71,47.4,yes,no,no,NA,NA,NA,no,no,NA,NA,NA,no,no,NA,NA,NA,no,NA,NA,NA,no,NA,NA,NA,NA,no,no,NA,NA,NA,NA,no,no,NA,NA,NA,no,no,NA,NA,NA,no,no,NA,NA,NA,no,no,NA,NA,NA,no,no,NA,NA,NA,no,no,NA,NA,NA,NA,no,no,NA,NA,NA,no,no,NA,NA,NA,yes,yes,MrdA_Bla.16__MrdA_Bla__MrdA__836,98.69,48.1,no,no,no,NA,NA,NA,no,no,NA,NA,NA,no,no,NA,NA,NA,no,no,NA,NA,NA,no,no,NA,NA,NA,NA,no,no,NA,NA,NA,NA,no,no,NA,NA,NA,NA,no,no,NA,NA,NA,no,no,NA,NA,NA,NA,no,no,NA,NA,NA,no,no,NA,NA,NA,NA
./ariba_amr_results/esc_ra0307aa_as/report.tsv,yes,yes,AMPH_Ecoli_Bla.89__AMPH_Ecoli_Bla__AMPH__615,99.48,47.4,no,no,no,NA,NA,NA,no,NA,NA,NA,NA,no,no,NA,NA,NA,no,no,NA,NA,NA,no,no,NA,NA,NA,NA,no,NA,NA,NA,NA,no,no,NA,NA,NA,NA,yes,yes,AmpC1_Ecoli_Bla.49__AmpC1_Ecoli_Bla__AmpC1__1670,96.93,33.1,yes,yes,yes,AmpC2_Ecoli_Bla.99__AmpC2_Ecoli_Bla__AmpC2__346,97.35,44.7,yes,no,no,NA,NA,NA,no,no,NA,NA,NA,no,no,NA,NA,NA,no,NA,NA,NA,no,NA,NA,NA,NA,no,no,NA,NA,NA,NA,no,no,NA,NA,NA,no,no,NA,NA,NA,no,no,NA,NA,NA,no,no,NA,NA,NA,no,no,NA,NA,NA,no,no,NA,NA,NA,NA,no,no,NA,NA,NA,no,no,NA,NA,NA,yes,yes,MrdA_Bla.16__MrdA_Bla__MrdA__836,99.0,48.9,no,no,no,NA,NA,NA,no,no,NA,NA,NA,no,no,NA,NA,NA,no,no,NA,NA,NA,no,no,NA,NA,NA,NA,no,no,NA,NA,NA,NA,no,no,NA,NA,NA,NA,no,no,NA,NA,NA,no,no,NA,NA,NA,NA,no,no,NA,NA,NA,no,no,NA,NA,NA,NA
./ariba_amr_results/esc_ra0316aa_as/report.tsv,yes,yes,AMPH_Ecoli_Bla.89__AMPH_Ecoli_Bla__AMPH__615,99.48,47.4,no,no,no,NA,NA,NA,no,NA,NA,NA,NA,no,no,NA,NA,NA,no,no,NA,NA,NA,no,no,NA,NA,NA,NA,no,NA,NA,NA,NA,no,no,NA,NA,NA,NA,yes,yes,AmpC1_Ecoli_Bla.49__AmpC1_Ecoli_Bla__AmpC1__1670,96.93,38.5,yes,yes,yes,AmpC2_Ecoli_Bla.99__AmpC2_Ecoli_Bla__AmpC2__346,97.35,44.7,yes,no,no,NA,NA,NA,no,no,NA,NA,NA,no,no,NA,NA,NA,no,NA,NA,NA,no,NA,NA,NA,NA,no,no,NA,NA,NA,NA,no,no,NA,NA,NA,no,no,NA,NA,NA,no,no,NA,NA,NA,no,no,NA,NA,NA,no,no,NA,NA,NA,no,no,NA,NA,NA,NA,no,no,NA,NA,NA,no,no,NA,NA,NA,yes,yes,MrdA_Bla.16__MrdA_Bla__MrdA__836,99.0,49.5,no,no,no,NA,NA,NA,no,no,NA,NA,NA,no,no,NA,NA,NA,no,no,NA,NA,NA,no,no,NA,NA,NA,NA,no,no,NA,NA,NA,NA,no,no,NA,NA,NA,NA,no,no,NA,NA,NA,no,no,NA,NA,NA,NA,no,no,NA,NA,NA,no,no,NA,NA,NA,NA
./ariba_amr_results/esc_ra3353aa_as/report.tsv,yes,yes,AMPH_Ecoli_Bla.89__AMPH_Ecoli_Bla__AMPH__615,99.4,46.8,yes,no,no,NA,NA,NA,no,NA,NA,NA,NA,no,no,NA,NA,NA,no,no,NA,NA,NA,no,no,NA,NA,NA,NA,no,NA,NA,NA,NA,no,no,NA,NA,NA,NA,yes,yes,AmpC1_Ecoli_Bla.49__AmpC1_Ecoli_Bla__AmpC1__1670,98.16,41.7,yes,yes,yes,AmpC2_Ecoli_Bla.99__AmpC2_Ecoli_Bla__AmpC2__346,97.71,40.2,yes,no,no,NA,NA,NA,no,no,NA,NA,NA,no,no,NA,NA,NA,no,NA,NA,NA,partial,CatBx_Phe.371__CatBx_Phe__CatB4__602,100.0,30.3,no,no,no,NA,NA,NA,NA,no,no,NA,NA,NA,no,no,NA,NA,NA,no,no,NA,NA,NA,no,no,NA,NA,NA,no,no,NA,NA,NA,no,no,NA,NA,NA,NA,no,no,NA,NA,NA,no,no,NA,NA,NA,yes,yes,MrdA_Bla.16__MrdA_Bla__MrdA__836,99.42,51.3,no,no,no,NA,NA,NA,no,no,NA,NA,NA,no,no,NA,NA,NA,no,no,NA,NA,NA,yes,yes,StrA_AGly.263__StrA_AGly__StrA__1501,99.88,46.3,no,yes,yes,StrB_AGly.227__StrB_AGly__StrB__1614,100.0,50.8,no,yes,yes,SulII_Sul.256__SulII_Sul__SulII__1219,99.63,45.0,yes,no,no,NA,NA,NA,no,no,NA,NA,NA,NA,no,no,NA,NA,NA,no,no,NA,NA,NA,NA
./ariba_amr_results/esc_ra3580aa_as/report.tsv,yes,yes,AMPH_Ecoli_Bla.89__AMPH_Ecoli_Bla__AMPH__615,98.88,42.6,yes,no,no,NA,NA,NA,no,NA,NA,NA,NA,no,no,NA,NA,NA,no,no,NA,NA,NA,no,no,NA,NA,NA,NA,no,NA,NA,NA,NA,no,no,NA,NA,NA,NA,yes,yes,AmpC1_Ecoli_Bla.49__AmpC1_Ecoli_Bla__AmpC1__1670,100.0,50.9,no,yes,yes,AmpC2_Ecoli_Bla.99__AmpC2_Ecoli_Bla__AmpC2__346,97.53,38.6,yes,no,no,NA,NA,NA,no,no,NA,NA,NA,no,no,NA,NA,NA,no,NA,NA,NA,partial,CatBx_Phe.371__CatBx_Phe__CatB4__602,100.0,351.9,no,no,no,NA,NA,NA,NA,no,no,NA,NA,NA,no,no,NA,NA,NA,no,no,NA,NA,NA,no,no,NA,NA,NA,no,no,NA,NA,NA,no,no,NA,NA,NA,NA,no,no,NA,NA,NA,no,no,NA,NA,NA,yes,yes,MrdA_Bla.16__MrdA_Bla__MrdA__836,99.37,51.5,no,no,no,NA,NA,NA,no,no,NA,NA,NA,no,no,NA,NA,NA,no,no,NA,NA,NA,no,no,NA,NA,NA,NA,no,no,NA,NA,NA,NA,no,no,NA,NA,NA,NA,no,no,NA,NA,NA,no,no,NA,NA,NA,NA,no,no,NA,NA,NA,no,no,NA,NA,NA,NA
