name,AMPH_Ecoli_Bla.assembled,AMPH_Ecoli_Bla.match,AMPH_Ecoli_Bla.ref_seq,AMPH_Ecoli_Bla.pct_id,AMPH_Ecoli_Bla.ctg_cov,AMPH_Ecoli_Bla.novel_var,Aac3_IIa_AGly.assembled,Aac3_IIa_AGly.match,Aac3_IIa_AGly.ref_seq,Aac3_IIa_AGly.pct_id,Aac3_IIa_AGly.ctg_cov,AacAad_AGly_3.assembled,AacAad_AGly_3.match,AacAad_AGly_3.ref_seq,AacAad_AGly_3.pct_id,AacAad_AGly_3.ctg_cov,AadA4_5_AGly.assembled,AadA4_5_AGly.match,AadA4_5_AGly.ref_seq,AadA4_5_AGly.pct_id,AadA4_5_AGly.ctg_cov,AadA_AGly.assembled,AadA_AGly.match,AadA_AGly.ref_seq,AadA_AGly.pct_id,AadA_AGly.ctg_cov,AadA_AGly.novel_var,AadA_AGly_1.assembled,AadA_AGly_1.ref_seq,AadA_AGly_1.pct_id,AadA_AGly_1.ctg_cov,AadA_AGly_1.novel_var,AadA_AGly_2.assembled,AadA_AGly_2.match,AadA_AGly_2.ref_seq,AadA_AGly_2.pct_id,AadA_AGly_2.ctg_cov,AadA_AGly_2.novel_var,AmpC1_Ecoli_Bla.assembled,AmpC1_Ecoli_Bla.match,AmpC1_Ecoli_Bla.ref_seq,AmpC1_Ecoli_Bla.pct_id,AmpC1_Ecoli_Bla.ctg_cov,AmpC1_Ecoli_Bla.novel_var,AmpC2_Ecoli_Bla.assembled,AmpC2_Ecoli_Bla.match,AmpC2_Ecoli_Bla.ref_seq,AmpC2_Ecoli_Bla.pct_id,AmpC2_Ecoli_Bla.ctg_cov,AmpC2_Ecoli_Bla.novel_var,Aph3__Ia_AGly.assembled,Aph3__Ia_AGly.match,Aph3__Ia_AGly.ref_seq,Aph3__Ia_AGly.pct_id,Aph3__Ia_AGly.ctg_cov,Aph3__Ia_AGly.novel_var,CTX_M_1_Bla.assembled,CTX_M_1_Bla.match,CTX_M_1_Bla.ref_seq,CTX_M_1_Bla.pct_id,CTX_M_1_Bla.ctg_cov,CatA1_Phe.assembled,CatA1_Phe.match,CatA1_Phe.ref_seq,CatA1_Phe.pct_id,CatA1_Phe.ctg_cov,CatBx_Phe.assembled,CatBx_Phe.ref_seq,CatBx_Phe.pct_id,CatBx_Phe.ctg_cov,CatBx_Phe.novel_var,Cat_86_Phe.assembled,Cat_86_Phe.ref_seq,Cat_86_Phe.pct_id,Cat_86_Phe.ctg_cov,Cat_86_Phe.novel_var,DfrA1_Tmt_1.assembled,DfrA1_Tmt_1.match,DfrA1_Tmt_1.ref_seq,DfrA1_Tmt_1.pct_id,DfrA1_Tmt_1.ctg_cov,DfrA5_Tmt.assembled,DfrA5_Tmt.match,DfrA5_Tmt.ref_seq,DfrA5_Tmt.pct_id,DfrA5_Tmt.ctg_cov,DfrA5_Tmt_1.assembled,DfrA5_Tmt_1.match,DfrA5_Tmt_1.ref_seq,DfrA5_Tmt_1.pct_id,DfrA5_Tmt_1.ctg_cov,DfrA7_Tmt.assembled,DfrA7_Tmt.match,DfrA7_Tmt.ref_seq,DfrA7_Tmt.pct_id,DfrA7_Tmt.ctg_cov,DfrA8_Tmt.assembled,DfrA8_Tmt.match,DfrA8_Tmt.ref_seq,DfrA8_Tmt.pct_id,DfrA8_Tmt.ctg_cov,DfrA_Tmt.assembled,DfrA_Tmt.match,DfrA_Tmt.ref_seq,DfrA_Tmt.pct_id,DfrA_Tmt.ctg_cov,ErmB_MLS.assembled,ErmB_MLS.match,ErmB_MLS.ref_seq,ErmB_MLS.pct_id,ErmB_MLS.ctg_cov,ErmB_MLS.novel_var,MphA_MLS.assembled,MphA_MLS.match,MphA_MLS.ref_seq,MphA_MLS.pct_id,MphA_MLS.ctg_cov,MphA_MLS.novel_var,MrdA_Bla.assembled,MrdA_Bla.match,MrdA_Bla.ref_seq,MrdA_Bla.pct_id,MrdA_Bla.ctg_cov,MrdA_Bla.novel_var,OXA_1_Bla.assembled,OXA_1_Bla.match,OXA_1_Bla.ref_seq,OXA_1_Bla.pct_id,OXA_1_Bla.ctg_cov,QnrB_Flq.assembled,QnrB_Flq.match,QnrB_Flq.ref_seq,QnrB_Flq.pct_id,QnrB_Flq.ctg_cov,Qnr_S_Flq_1.assembled,Qnr_S_Flq_1.match,Qnr_S_Flq_1.ref_seq,Qnr_S_Flq_1.pct_id,Qnr_S_Flq_1.ctg_cov,Sat_2A_AGly.assembled,Sat_2A_AGly.match,Sat_2A_AGly.ref_seq,Sat_2A_AGly.pct_id,Sat_2A_AGly.ctg_cov,StrA_AGly.assembled,StrA_AGly.match,StrA_AGly.ref_seq,StrA_AGly.pct_id,StrA_AGly.ctg_cov,StrA_AGly.novel_var,StrB_AGly.assembled,StrB_AGly.match,StrB_AGly.ref_seq,StrB_AGly.pct_id,StrB_AGly.ctg_cov,StrB_AGly.novel_var,SulII_Sul.assembled,SulII_Sul.match,SulII_Sul.ref_seq,SulII_Sul.pct_id,SulII_Sul.ctg_cov,SulII_Sul.novel_var,SulI_Sul.assembled,SulI_Sul.match,SulI_Sul.ref_seq,SulI_Sul.pct_id,SulI_Sul.ctg_cov,TEM_1D_Bla.assembled,TEM_1D_Bla.match,TEM_1D_Bla.ref_seq,TEM_1D_Bla.pct_id,TEM_1D_Bla.ctg_cov,TEM_1D_Bla.novel_var,TetA_Tet.assembled,TetA_Tet.match,TetA_Tet.ref_seq,TetA_Tet.pct_id,TetA_Tet.ctg_cov,TetA_Tet.novel_var,TetB_Tet.assembled,TetB_Tet.match,TetB_Tet.ref_seq,TetB_Tet.pct_id,TetB_Tet.ctg_cov,TetB_Tet.novel_var,TetW_Tet.assembled,TetW_Tet.ref_seq,TetW_Tet.pct_id,TetW_Tet.ctg_cov
./ariba_amr_results/JHRO00000000/report.tsv,yes,yes,AMPH_Ecoli_Bla.89__AMPH_Ecoli_Bla__AMPH__615,97.41,40.8,yes,no,no,NA,NA,NA,no,no,NA,NA,NA,no,no,NA,NA,NA,no,no,NA,NA,NA,NA,no,NA,NA,NA,NA,no,no,NA,NA,NA,NA,partial,no,AmpC1_Ecoli_Bla.49__AmpC1_Ecoli_Bla__AmpC1__1670,97.26,7.3,yes,yes,yes,AmpC2_Ecoli_Bla.99__AmpC2_Ecoli_Bla__AmpC2__346,97.53,38.3,yes,no,no,NA,NA,NA,NA,no,no,NA,NA,NA,yes,yes,CatA1_Phe.352__CatA1_Phe__CatA1__1470,99.85,44.5,partial,CatBx_Phe.371__CatBx_Phe__CatB4__602,100.0,42.4,no,no,NA,NA,NA,NA,no,no,NA,NA,NA,no,no,NA,NA,NA,no,no,NA,NA,NA,yes,yes,DfrA7_Tmt.433__DfrA7_Tmt__DfrA7__318,100.0,42.4,no,no,NA,NA,NA,no,no,NA,NA,NA,no,no,NA,NA,NA,NA,no,no,NA,NA,NA,NA,yes,yes,MrdA_Bla.16__MrdA_Bla__MrdA__836,98.63,46.4,no,no,no,NA,NA,NA,no,no,NA,NA,NA,no,no,NA,NA,NA,no,no,NA,NA,NA,yes,yes,StrA_AGly.263__StrA_AGly__StrA__1501,99.88,46.3,no,yes,yes,StrB_AGly.227__StrB_AGly__StrB__1614,100.0,46.9,no,yes,yes,SulII_Sul.256__SulII_Sul__SulII__1219,99.63,44.9,yes,yes,yes,SulI_Sul.225__SulI_Sul__SulI__1616,100.0,50.6,yes,yes,TEM_1D_Bla.205__TEM_1D_Bla__TEM_95__948,99.88,47.3,yes,yes,yes,TetA_Tet.52__TetA_Tet__TetA__1545,100.0,50.9,no,no,no,NA,NA,NA,NA,no,NA,NA,NA
./ariba_amr_results/JHRP00000000/report.tsv,yes,yes,AMPH_Ecoli_Bla.89__AMPH_Ecoli_Bla__AMPH__615,99.31,46.5,no,no,no,NA,NA,NA,no,no,NA,NA,NA,no,no,NA,NA,NA,no,no,NA,NA,NA,NA,no,NA,NA,NA,NA,no,no,NA,NA,NA,NA,yes,yes,AmpC1_Ecoli_Bla.49__AmpC1_Ecoli_Bla__AmpC1__1670,98.38,41.2,yes,yes,yes,AmpC2_Ecoli_Bla.99__AmpC2_Ecoli_Bla__AmpC2__346,97.71,47.4,yes,no,no,NA,NA,NA,NA,no,no,NA,NA,NA,no,no,NA,NA,NA,no,NA,NA,NA,NA,no,NA,NA,NA,NA,no,no,NA,NA,NA,no,no,NA,NA,NA,no,no,NA,NA,NA,no,no,NA,NA,NA,no,no,NA,NA,NA,no,no,NA,NA,NA,no,no,NA,NA,NA,NA,no,no,NA,NA,NA,NA,yes,yes,MrdA_Bla.16__MrdA_Bla__MrdA__836,99.16,50.5,no,no,no,NA,NA,NA,no,no,NA,NA,NA,no,no,NA,NA,NA,no,no,NA,NA,NA,yes,yes,StrA_AGly.263__StrA_AGly__StrA__1501,99.88,74.6,no,yes,yes,StrB_AGly.227__StrB_AGly__StrB__1614,100.0,94.0,no,yes,yes,SulII_Sul.256__SulII_Sul__SulII__1219,100.0,46.8,no,no,no,NA,NA,NA,yes,yes,TEM_1D_Bla.205__TEM_1D_Bla__TEM_95__948,99.88,47.3,yes,no,no,NA,NA,NA,NA,yes,yes,TetB_Tet.67__TetB_Tet__TetB__1213,99.67,52.1,yes,no,NA,NA,NA
./ariba_amr_results/JHTK00000000/report.tsv,yes,yes,AMPH_Ecoli_Bla.89__AMPH_Ecoli_Bla__AMPH__615,99.31,46.5,no,no,no,NA,NA,NA,no,no,NA,NA,NA,no,no,NA,NA,NA,no,no,NA,NA,NA,NA,no,NA,NA,NA,NA,no,no,NA,NA,NA,NA,yes,yes,AmpC1_Ecoli_Bla.49__AmpC1_Ecoli_Bla__AmpC1__1670,98.16,41.6,yes,yes,yes,AmpC2_Ecoli_Bla.99__AmpC2_Ecoli_Bla__AmpC2__346,97.62,46.8,yes,no,no,NA,NA,NA,NA,no,no,NA,NA,NA,no,no,NA,NA,NA,partial,CatBx_Phe.371__CatBx_Phe__CatB4__602,100.0,38.2,no,no,NA,NA,NA,NA,no,no,NA,NA,NA,no,no,NA,NA,NA,no,no,NA,NA,NA,no,no,NA,NA,NA,yes,yes,DfrA8_Tmt.416__DfrA8_Tmt__DfrA8__1079,100.0,45.9,no,no,NA,NA,NA,no,no,NA,NA,NA,NA,no,no,NA,NA,NA,NA,yes,yes,MrdA_Bla.16__MrdA_Bla__MrdA__836,98.79,48.7,no,no,no,NA,NA,NA,no,no,NA,NA,NA,no,no,NA,NA,NA,no,no,NA,NA,NA,yes,yes,StrA_AGly.263__StrA_AGly__StrA__1501,99.88,46.3,no,yes,yes,StrB_AGly.227__StrB_AGly__StrB__1614,99.88,46.2,yes,yes,yes,SulII_Sul.256__SulII_Sul__SulII__1219,100.0,46.8,no,no,no,NA,NA,NA,yes,yes,TEM_1D_Bla.205__TEM_1D_Bla__TEM_95__948,99.88,47.3,yes,no,no,NA,NA,NA,NA,yes,yes,TetB_Tet.67__TetB_Tet__TetB__1213,99.67,48.1,yes,no,NA,NA,NA
./ariba_amr_results/SRR3578669_trimmed/report.tsv,yes,yes,AMPH_Ecoli_Bla.89__AMPH_Ecoli_Bla__AMPH__615,99.48,43.0,no,no,no,NA,NA,NA,no,no,NA,NA,NA,no,no,NA,NA,NA,yes,yes,AadA_AGly.229__AadA_AGly__AadA1__1598,98.99,41.9,yes,no,NA,NA,NA,NA,no,no,NA,NA,NA,NA,yes,yes,AmpC1_Ecoli_Bla.49__AmpC1_Ecoli_Bla__AmpC1__1670,97.01,29.4,yes,yes,yes,AmpC2_Ecoli_Bla.99__AmpC2_Ecoli_Bla__AmpC2__346,97.27,39.1,yes,no,no,NA,NA,NA,NA,no,no,NA,NA,NA,no,no,NA,NA,NA,no,NA,NA,NA,NA,no,NA,NA,NA,NA,yes,yes,DfrA1_Tmt.430__DfrA1_Tmt__DfrA1__319,100.0,55.1,no,no,NA,NA,NA,no,no,NA,NA,NA,no,no,NA,NA,NA,no,no,NA,NA,NA,no,no,NA,NA,NA,no,no,NA,NA,NA,NA,no,no,NA,NA,NA,NA,yes,yes,MrdA_Bla.16__MrdA_Bla__MrdA__836,99.0,39.8,no,no,no,NA,NA,NA,no,no,NA,NA,NA,no,no,NA,NA,NA,yes,yes,Sat_2A_AGly.413__Sat_2A_AGly__Sat_2A__1088,100.0,41.9,no,no,NA,NA,NA,NA,no,no,NA,NA,NA,NA,no,no,NA,NA,NA,NA,no,no,NA,NA,NA,no,no,NA,NA,NA,NA,no,no,NA,NA,NA,NA,no,no,NA,NA,NA,NA,no,NA,NA,NA
./ariba_amr_results/SRR3578671_trimmed/report.tsv,yes,yes,AMPH_Ecoli_Bla.89__AMPH_Ecoli_Bla__AMPH__615,98.45,34.8,yes,no,no,NA,NA,NA,no,no,NA,NA,NA,no,no,NA,NA,NA,no,no,NA,NA,NA,NA,no,NA,NA,NA,NA,no,no,NA,NA,NA,NA,yes,yes,AmpC1_Ecoli_Bla.49__AmpC1_Ecoli_Bla__AmpC1__1670,95.92,19.0,yes,yes,yes,AmpC2_Ecoli_Bla.99__AmpC2_Ecoli_Bla__AmpC2__346,97.8,32.3,yes,no,no,NA,NA,NA,NA,no,no,NA,NA,NA,no,no,NA,NA,NA,no,NA,NA,NA,NA,no,NA,NA,NA,NA,no,no,NA,NA,NA,no,no,NA,NA,NA,no,no,NA,NA,NA,no,no,NA,NA,NA,no,no,NA,NA,NA,no,no,NA,NA,NA,no,no,NA,NA,NA,NA,no,no,NA,NA,NA,NA,yes,yes,MrdA_Bla.16__MrdA_Bla__MrdA__836,98.58,34.7,no,no,no,NA,NA,NA,yes,yes,QnrB_Flq.344__QnrB_Flq__QnrB19__10,100.0,1952.4,no,no,NA,NA,NA,no,no,NA,NA,NA,no,no,NA,NA,NA,NA,no,no,NA,NA,NA,NA,no,no,NA,NA,NA,NA,no,no,NA,NA,NA,no,no,NA,NA,NA,NA,no,no,NA,NA,NA,NA,no,no,NA,NA,NA,NA,no,NA,NA,NA
./ariba_amr_results/SRR3578765_trimmed/report.tsv,yes,yes,AMPH_Ecoli_Bla.89__AMPH_Ecoli_Bla__AMPH__615,98.7,42.4,no,no,no,NA,NA,NA,no,no,NA,NA,NA,no,no,NA,NA,NA,no,no,NA,NA,NA,NA,no,NA,NA,NA,NA,no,no,NA,NA,NA,NA,yes,yes,AmpC1_Ecoli_Bla.49__AmpC1_Ecoli_Bla__AmpC1__1670,98.16,36.4,yes,yes,yes,AmpC2_Ecoli_Bla.99__AmpC2_Ecoli_Bla__AmpC2__346,97.53,48.1,yes,no,no,NA,NA,NA,NA,no,no,NA,NA,NA,no,no,NA,NA,NA,no,NA,NA,NA,NA,no,NA,NA,NA,NA,no,no,NA,NA,NA,no,no,NA,NA,NA,no,no,NA,NA,NA,no,no,NA,NA,NA,no,no,NA,NA,NA,no,no,NA,NA,NA,no,no,NA,NA,NA,NA,no,no,NA,NA,NA,NA,yes,yes,MrdA_Bla.16__MrdA_Bla__MrdA__836,98.69,51.3,no,no,no,NA,NA,NA,no,no,NA,NA,NA,no,no,NA,NA,NA,no,no,NA,NA,NA,no,no,NA,NA,NA,NA,no,no,NA,NA,NA,NA,no,no,NA,NA,NA,NA,no,no,NA,NA,NA,no,no,NA,NA,NA,NA,no,no,NA,NA,NA,NA,no,no,NA,NA,NA,NA,no,NA,NA,NA
./ariba_amr_results/SRR3578766_trimmed/report.tsv,yes,yes,AMPH_Ecoli_Bla.89__AMPH_Ecoli_Bla__AMPH__615,96.72,35.3,yes,no,no,NA,NA,NA,no,no,NA,NA,NA,no,no,NA,NA,NA,no,no,NA,NA,NA,NA,no,NA,NA,NA,NA,no,no,NA,NA,NA,NA,yes,yes,AmpC1_Ecoli_Bla.49__AmpC1_Ecoli_Bla__AmpC1__1670,96.46,35.3,yes,yes,yes,AmpC2_Ecoli_Bla.99__AmpC2_Ecoli_Bla__AmpC2__346,98.06,47.8,yes,no,no,NA,NA,NA,NA,no,no,NA,NA,NA,no,no,NA,NA,NA,partial,CatBx_Phe.371__CatBx_Phe__CatB4__602,100.0,82.2,no,no,NA,NA,NA,NA,no,no,NA,NA,NA,no,no,NA,NA,NA,no,no,NA,NA,NA,no,no,NA,NA,NA,yes,yes,DfrA8_Tmt.416__DfrA8_Tmt__DfrA8__1079,100.0,285.3,no,no,NA,NA,NA,no,no,NA,NA,NA,NA,no,no,NA,NA,NA,NA,yes,yes,MrdA_Bla.16__MrdA_Bla__MrdA__836,98.79,54.9,no,no,no,NA,NA,NA,no,no,NA,NA,NA,no,no,NA,NA,NA,no,no,NA,NA,NA,yes,yes,StrA_AGly.263__StrA_AGly__StrA__1501,99.88,54.1,no,yes,yes,StrB_AGly.227__StrB_AGly__StrB__1614,100.0,62.7,no,yes,yes,SulII_Sul.256__SulII_Sul__SulII__1219,100.0,40.7,no,no,no,NA,NA,NA,yes,yes,TEM_1D_Bla.205__TEM_1D_Bla__TEM_95__948,99.88,78.9,yes,no,no,NA,NA,NA,NA,yes,yes,TetB_Tet.67__TetB_Tet__TetB__1213,99.67,94.9,yes,no,NA,NA,NA
./ariba_amr_results/SRR3578768_trimmed/report.tsv,yes,yes,AMPH_Ecoli_Bla.89__AMPH_Ecoli_Bla__AMPH__615,97.06,36.5,yes,no,no,NA,NA,NA,yes,yes,AacAad_AGly.43__AacAad_AGly__Aac6Ib_cr__1678,99.81,1068.3,yes,yes,AadA4_5_AGly.285__AadA4_5_AGly__AadA5__1497,100.0,60.8,no,no,NA,NA,NA,NA,no,NA,NA,NA,NA,no,no,NA,NA,NA,NA,no,no,NA,NA,NA,NA,yes,yes,AmpC2_Ecoli_Bla.99__AmpC2_Ecoli_Bla__AmpC2__346,97.8,37.8,yes,no,no,NA,NA,NA,NA,yes,yes,CTX_M_1_Bla.193__CTX_M_1_Bla__CTX_M_15__150,100.0,732.8,no,no,NA,NA,NA,interrupted,CatBx_Phe.371__CatBx_Phe__CatB4__602,100.0,1000.1,no,no,NA,NA,NA,NA,no,no,NA,NA,NA,no,no,NA,NA,NA,no,no,NA,NA,NA,yes,yes,DfrA7_Tmt.433__DfrA7_Tmt__DfrA17__316,100.0,60.0,no,no,NA,NA,NA,no,no,NA,NA,NA,no,no,NA,NA,NA,NA,yes,yes,MphA_MLS.158__MphA_MLS__MphA__1663,100.0,71.3,no,yes,yes,MrdA_Bla.16__MrdA_Bla__MrdA__836,98.69,48.5,no,yes,yes,OXA_1_Bla.231__OXA_1_Bla__OXA_1__520,100.0,594.9,no,no,NA,NA,NA,no,no,NA,NA,NA,no,no,NA,NA,NA,no,no,NA,NA,NA,NA,no,no,NA,NA,NA,NA,no,no,NA,NA,NA,NA,yes,yes,SulI_Sul.225__SulI_Sul__SulI__1616,100.0,43.4,no,no,NA,NA,NA,NA,yes,yes,TetA_Tet.52__TetA_Tet__TetA__1545,100.0,77.4,no,no,no,NA,NA,NA,NA,no,NA,NA,NA
./ariba_amr_results/SRR3578771_trimmed/report.tsv,yes,yes,AMPH_Ecoli_Bla.89__AMPH_Ecoli_Bla__AMPH__615,96.72,33.1,yes,no,no,NA,NA,NA,no,no,NA,NA,NA,yes,yes,AadA4_5_AGly.285__AadA4_5_AGly__AadA5__1497,100.0,24.4,no,no,NA,NA,NA,NA,no,NA,NA,NA,NA,no,no,NA,NA,NA,NA,yes,yes,AmpC1_Ecoli_Bla.49__AmpC1_Ecoli_Bla__AmpC1__1670,96.46,30.3,yes,yes,yes,AmpC2_Ecoli_Bla.99__AmpC2_Ecoli_Bla__AmpC2__346,97.97,30.2,yes,no,no,NA,NA,NA,NA,no,no,NA,NA,NA,no,no,NA,NA,NA,partial,CatBx_Phe.371__CatBx_Phe__CatB4__602,100.0,38.1,no,no,NA,NA,NA,NA,no,no,NA,NA,NA,no,no,NA,NA,NA,no,no,NA,NA,NA,yes,yes,DfrA7_Tmt.433__DfrA7_Tmt__DfrA17__316,100.0,24.6,no,no,NA,NA,NA,no,no,NA,NA,NA,no,no,NA,NA,NA,NA,no,no,NA,NA,NA,NA,yes,yes,MrdA_Bla.16__MrdA_Bla__MrdA__836,98.79,39.4,no,no,no,NA,NA,NA,no,no,NA,NA,NA,no,no,NA,NA,NA,no,no,NA,NA,NA,yes,yes,StrA_AGly.263__StrA_AGly__StrA__1501,99.88,20.4,no,yes,yes,StrB_AGly.227__StrB_AGly__StrB__1614,100.0,26.0,no,yes,yes,SulII_Sul.256__SulII_Sul__SulII__1219,99.63,18.5,yes,yes,yes,SulI_Sul.225__SulI_Sul__SulI__1616,100.0,19.9,yes,yes,TEM_1D_Bla.205__TEM_1D_Bla__TEM_95__948,99.88,33.1,yes,no,no,NA,NA,NA,NA,no,no,NA,NA,NA,NA,no,NA,NA,NA
./ariba_amr_results/SRR3578784_trimmed/report.tsv,yes,yes,AMPH_Ecoli_Bla.89__AMPH_Ecoli_Bla__AMPH__615,99.05,32.1,no,no,no,NA,NA,NA,no,no,NA,NA,NA,no,no,NA,NA,NA,yes,yes,AadA_AGly.229__AadA_AGly__AadA1__1598,99.37,59.9,yes,interrupted,AadA_AGly.229__AadA_AGly__AadA13__1601,90.58,9.0,yes,no,no,NA,NA,NA,NA,yes,yes,AmpC1_Ecoli_Bla.49__AmpC1_Ecoli_Bla__AmpC1__1670,96.48,21.5,yes,yes,yes,AmpC2_Ecoli_Bla.99__AmpC2_Ecoli_Bla__AmpC2__346,98.15,32.7,yes,no,no,NA,NA,NA,NA,no,no,NA,NA,NA,no,no,NA,NA,NA,no,NA,NA,NA,NA,no,NA,NA,NA,NA,no,no,NA,NA,NA,no,no,NA,NA,NA,no,no,NA,NA,NA,no,no,NA,NA,NA,no,no,NA,NA,NA,no,no,NA,NA,NA,no,no,NA,NA,NA,NA,no,no,NA,NA,NA,NA,yes,yes,MrdA_Bla.16__MrdA_Bla__MrdA__836,98.9,43.4,no,no,no,NA,NA,NA,no,no,NA,NA,NA,no,no,NA,NA,NA,no,no,NA,NA,NA,no,no,NA,NA,NA,NA,no,no,NA,NA,NA,NA,no,no,NA,NA,NA,NA,yes,yes,SulI_Sul.225__SulI_Sul__SulI__1616,100.0,40.9,no,no,NA,NA,NA,NA,yes,yes,TetA_Tet.52__TetA_Tet__TetA__1545,100.0,55.2,no,no,no,NA,NA,NA,NA,no,NA,NA,NA
./ariba_amr_results/SRR3578785_trimmed/report.tsv,yes,yes,AMPH_Ecoli_Bla.89__AMPH_Ecoli_Bla__AMPH__615,100.0,42.0,no,no,no,NA,NA,NA,no,no,NA,NA,NA,no,no,NA,NA,NA,no,no,NA,NA,NA,NA,no,NA,NA,NA,NA,no,no,NA,NA,NA,NA,yes,yes,AmpC1_Ecoli_Bla.49__AmpC1_Ecoli_Bla__AmpC1__1670,100.0,38.5,no,yes,yes,AmpC2_Ecoli_Bla.99__AmpC2_Ecoli_Bla__AmpC2__346,100.0,52.9,no,no,no,NA,NA,NA,NA,no,no,NA,NA,NA,no,no,NA,NA,NA,no,NA,NA,NA,NA,no,NA,NA,NA,NA,no,no,NA,NA,NA,no,no,NA,NA,NA,no,no,NA,NA,NA,no,no,NA,NA,NA,no,no,NA,NA,NA,no,no,NA,NA,NA,no,no,NA,NA,NA,NA,no,no,NA,NA,NA,NA,yes,yes,MrdA_Bla.16__MrdA_Bla__MrdA__836,100.0,53.4,no,no,no,NA,NA,NA,no,no,NA,NA,NA,no,no,NA,NA,NA,no,no,NA,NA,NA,no,no,NA,NA,NA,NA,no,no,NA,NA,NA,NA,no,no,NA,NA,NA,NA,no,no,NA,NA,NA,no,no,NA,NA,NA,NA,no,no,NA,NA,NA,NA,no,no,NA,NA,NA,NA,no,NA,NA,NA
./ariba_amr_results/SRR3578792_trimmed/report.tsv,yes,yes,AMPH_Ecoli_Bla.89__AMPH_Ecoli_Bla__AMPH__615,100.0,29.5,no,no,no,NA,NA,NA,no,no,NA,NA,NA,no,no,NA,NA,NA,no,no,NA,NA,NA,NA,no,NA,NA,NA,NA,no,no,NA,NA,NA,NA,yes,yes,AmpC1_Ecoli_Bla.49__AmpC1_Ecoli_Bla__AmpC1__1670,100.0,27.1,no,yes,yes,AmpC2_Ecoli_Bla.99__AmpC2_Ecoli_Bla__AmpC2__346,100.0,32.7,no,no,no,NA,NA,NA,NA,no,no,NA,NA,NA,no,no,NA,NA,NA,no,NA,NA,NA,NA,no,NA,NA,NA,NA,no,no,NA,NA,NA,no,no,NA,NA,NA,no,no,NA,NA,NA,no,no,NA,NA,NA,no,no,NA,NA,NA,no,no,NA,NA,NA,no,no,NA,NA,NA,NA,no,no,NA,NA,NA,NA,yes,yes,MrdA_Bla.16__MrdA_Bla__MrdA__836,100.0,31.0,no,no,no,NA,NA,NA,no,no,NA,NA,NA,no,no,NA,NA,NA,no,no,NA,NA,NA,no,no,NA,NA,NA,NA,no,no,NA,NA,NA,NA,no,no,NA,NA,NA,NA,no,no,NA,NA,NA,no,no,NA,NA,NA,NA,no,no,NA,NA,NA,NA,no,no,NA,NA,NA,NA,no,NA,NA,NA
./ariba_amr_results/SRR3578794_trimmed/report.tsv,yes,yes,AMPH_Ecoli_Bla.89__AMPH_Ecoli_Bla__AMPH__615,97.41,56.5,yes,no,no,NA,NA,NA,no,no,NA,NA,NA,no,no,NA,NA,NA,no,no,NA,NA,NA,NA,no,NA,NA,NA,NA,no,no,NA,NA,NA,NA,partial,no,AmpC1_Ecoli_Bla.49__AmpC1_Ecoli_Bla__AmpC1__1670,95.18,3.6,yes,yes,yes,AmpC2_Ecoli_Bla.99__AmpC2_Ecoli_Bla__AmpC2__346,97.97,63.1,yes,no,no,NA,NA,NA,NA,no,no,NA,NA,NA,no,no,NA,NA,NA,no,NA,NA,NA,NA,no,NA,NA,NA,NA,no,no,NA,NA,NA,no,no,NA,NA,NA,no,no,NA,NA,NA,no,no,NA,NA,NA,no,no,NA,NA,NA,no,no,NA,NA,NA,no,no,NA,NA,NA,NA,no,no,NA,NA,NA,NA,yes,yes,MrdA_Bla.16__MrdA_Bla__MrdA__836,98.53,67.1,no,no,no,NA,NA,NA,no,no,NA,NA,NA,no,no,NA,NA,NA,no,no,NA,NA,NA,no,no,NA,NA,NA,NA,no,no,NA,NA,NA,NA,no,no,NA,NA,NA,NA,no,no,NA,NA,NA,no,no,NA,NA,NA,NA,no,no,NA,NA,NA,NA,no,no,NA,NA,NA,NA,no,NA,NA,NA
./ariba_amr_results/SRR3578796_trimmed/report.tsv,yes,yes,AMPH_Ecoli_Bla.89__AMPH_Ecoli_Bla__AMPH__615,98.88,43.1,no,no,no,NA,NA,NA,no,no,NA,NA,NA,no,no,NA,NA,NA,no,no,NA,NA,NA,NA,no,NA,NA,NA,NA,no,no,NA,NA,NA,NA,yes,yes,AmpC1_Ecoli_Bla.49__AmpC1_Ecoli_Bla__AmpC1__1670,98.24,35.6,yes,yes,yes,AmpC2_Ecoli_Bla.99__AmpC2_Ecoli_Bla__AmpC2__346,97.53,34.8,yes,no,no,NA,NA,NA,NA,no,no,NA,NA,NA,no,no,NA,NA,NA,no,NA,NA,NA,NA,no,NA,NA,NA,NA,no,no,NA,NA,NA,no,no,NA,NA,NA,no,no,NA,NA,NA,no,no,NA,NA,NA,no,no,NA,NA,NA,no,no,NA,NA,NA,no,no,NA,NA,NA,NA,no,no,NA,NA,NA,NA,yes,yes,MrdA_Bla.16__MrdA_Bla__MrdA__836,99.37,45.6,no,no,no,NA,NA,NA,no,no,NA,NA,NA,no,no,NA,NA,NA,no,no,NA,NA,NA,no,no,NA,NA,NA,NA,no,no,NA,NA,NA,NA,no,no,NA,NA,NA,NA,no,no,NA,NA,NA,no,no,NA,NA,NA,NA,no,no,NA,NA,NA,NA,no,no,NA,NA,NA,NA,no,NA,NA,NA
./ariba_amr_results/SRR3578800_trimmed/report.tsv,yes,yes,AMPH_Ecoli_Bla.89__AMPH_Ecoli_Bla__AMPH__615,97.5,48.1,yes,no,no,NA,NA,NA,no,no,NA,NA,NA,no,no,NA,NA,NA,no,no,NA,NA,NA,NA,no,NA,NA,NA,NA,no,no,NA,NA,NA,NA,partial,no,AmpC1_Ecoli_Bla.49__AmpC1_Ecoli_Bla__AmpC1__1670,97.59,11.3,yes,yes,yes,AmpC2_Ecoli_Bla.99__AmpC2_Ecoli_Bla__AmpC2__346,98.15,50.0,yes,no,no,NA,NA,NA,NA,no,no,NA,NA,NA,no,no,NA,NA,NA,partial,CatBx_Phe.371__CatBx_Phe__CatB4__602,100.0,40.8,no,no,NA,NA,NA,NA,no,no,NA,NA,NA,no,no,NA,NA,NA,no,no,NA,NA,NA,no,no,NA,NA,NA,no,no,NA,NA,NA,no,no,NA,NA,NA,no,no,NA,NA,NA,NA,no,no,NA,NA,NA,NA,yes,yes,MrdA_Bla.16__MrdA_Bla__MrdA__836,98.26,59.7,no,no,no,NA,NA,NA,no,no,NA,NA,NA,no,no,NA,NA,NA,no,no,NA,NA,NA,no,no,NA,NA,NA,NA,no,no,NA,NA,NA,NA,no,no,NA,NA,NA,NA,no,no,NA,NA,NA,yes,yes,TEM_1D_Bla.205__TEM_1D_Bla__TEM_1D__887,100.0,78.1,no,no,no,NA,NA,NA,NA,yes,yes,TetB_Tet.67__TetB_Tet__TetB__1213,99.67,64.8,yes,no,NA,NA,NA
./ariba_amr_results/SRR3578802_trimmed/report.tsv,yes,yes,AMPH_Ecoli_Bla.89__AMPH_Ecoli_Bla__AMPH__615,97.24,32.5,yes,no,no,NA,NA,NA,no,no,NA,NA,NA,no,no,NA,NA,NA,no,no,NA,NA,NA,NA,no,NA,NA,NA,NA,no,no,NA,NA,NA,NA,partial,no,AmpC1_Ecoli_Bla.49__AmpC1_Ecoli_Bla__AmpC1__1670,97.59,8.3,yes,yes,yes,AmpC2_Ecoli_Bla.99__AmpC2_Ecoli_Bla__AmpC2__346,97.97,36.8,yes,no,no,NA,NA,NA,NA,no,no,NA,NA,NA,no,no,NA,NA,NA,partial,CatBx_Phe.371__CatBx_Phe__CatB4__602,100.0,16.7,no,no,NA,NA,NA,NA,no,no,NA,NA,NA,no,no,NA,NA,NA,no,no,NA,NA,NA,no,no,NA,NA,NA,no,no,NA,NA,NA,no,no,NA,NA,NA,no,no,NA,NA,NA,NA,no,no,NA,NA,NA,NA,yes,yes,MrdA_Bla.16__MrdA_Bla__MrdA__836,98.48,42.8,no,no,no,NA,NA,NA,no,no,NA,NA,NA,no,no,NA,NA,NA,no,no,NA,NA,NA,no,no,NA,NA,NA,NA,no,no,NA,NA,NA,NA,no,no,NA,NA,NA,NA,no,no,NA,NA,NA,yes,yes,TEM_1D_Bla.205__TEM_1D_Bla__TEM_95__948,99.88,54.2,yes,no,no,NA,NA,NA,NA,no,no,NA,NA,NA,NA,no,NA,NA,NA
./ariba_amr_results/SRR3578803_trimmed/report.tsv,yes,yes,AMPH_Ecoli_Bla.89__AMPH_Ecoli_Bla__AMPH__615,97.41,32.8,yes,no,no,NA,NA,NA,no,no,NA,NA,NA,no,no,NA,NA,NA,no,no,NA,NA,NA,NA,no,NA,NA,NA,NA,no,no,NA,NA,NA,NA,no,no,NA,NA,NA,NA,yes,yes,AmpC2_Ecoli_Bla.99__AmpC2_Ecoli_Bla__AmpC2__346,97.53,27.9,yes,no,no,NA,NA,NA,NA,yes,yes,CTX_M_1_Bla.193__CTX_M_1_Bla__CTX_M_15__150,100.0,38.3,no,no,NA,NA,NA,no,NA,NA,NA,NA,no,NA,NA,NA,NA,no,no,NA,NA,NA,no,no,NA,NA,NA,no,no,NA,NA,NA,no,no,NA,NA,NA,no,no,NA,NA,NA,no,no,NA,NA,NA,no,no,NA,NA,NA,NA,no,no,NA,NA,NA,NA,yes,yes,MrdA_Bla.16__MrdA_Bla__MrdA__836,98.63,35.1,no,no,no,NA,NA,NA,no,no,NA,NA,NA,no,no,NA,NA,NA,no,no,NA,NA,NA,no,no,NA,NA,NA,NA,no,no,NA,NA,NA,NA,no,no,NA,NA,NA,NA,no,no,NA,NA,NA,no,no,NA,NA,NA,NA,no,no,NA,NA,NA,NA,no,no,NA,NA,NA,NA,no,NA,NA,NA
./ariba_amr_results/SRR3578809_trimmed/report.tsv,yes,yes,AMPH_Ecoli_Bla.89__AMPH_Ecoli_Bla__AMPH__615,99.48,46.9,no,no,no,NA,NA,NA,no,no,NA,NA,NA,no,no,NA,NA,NA,yes,yes,AadA_AGly.229__AadA_AGly__AadA1__1598,98.99,48.4,yes,no,NA,NA,NA,NA,no,no,NA,NA,NA,NA,yes,yes,AmpC1_Ecoli_Bla.49__AmpC1_Ecoli_Bla__AmpC1__1670,97.01,32.4,yes,yes,yes,AmpC2_Ecoli_Bla.99__AmpC2_Ecoli_Bla__AmpC2__346,97.27,35.8,yes,no,no,NA,NA,NA,NA,no,no,NA,NA,NA,no,no,NA,NA,NA,no,NA,NA,NA,NA,no,NA,NA,NA,NA,yes,yes,DfrA1_Tmt.430__DfrA1_Tmt__DfrA1__319,100.0,63.1,no,no,NA,NA,NA,no,no,NA,NA,NA,no,no,NA,NA,NA,no,no,NA,NA,NA,no,no,NA,NA,NA,no,no,NA,NA,NA,NA,no,no,NA,NA,NA,NA,yes,yes,MrdA_Bla.16__MrdA_Bla__MrdA__836,99.0,55.5,no,no,no,NA,NA,NA,no,no,NA,NA,NA,no,no,NA,NA,NA,yes,yes,Sat_2A_AGly.413__Sat_2A_AGly__Sat_2A__1088,100.0,47.3,no,no,NA,NA,NA,NA,no,no,NA,NA,NA,NA,no,no,NA,NA,NA,NA,no,no,NA,NA,NA,no,no,NA,NA,NA,NA,no,no,NA,NA,NA,NA,no,no,NA,NA,NA,NA,no,NA,NA,NA
./ariba_amr_results/SRR5005608_trimmed/report.tsv,yes,yes,AMPH_Ecoli_Bla.89__AMPH_Ecoli_Bla__AMPH__615,99.48,36.4,no,no,no,NA,NA,NA,no,no,NA,NA,NA,no,no,NA,NA,NA,no,no,NA,NA,NA,NA,no,NA,NA,NA,NA,no,no,NA,NA,NA,NA,yes,yes,AmpC1_Ecoli_Bla.49__AmpC1_Ecoli_Bla__AmpC1__1670,96.93,24.9,yes,yes,yes,AmpC2_Ecoli_Bla.99__AmpC2_Ecoli_Bla__AmpC2__346,97.35,28.6,yes,no,no,NA,NA,NA,NA,no,no,NA,NA,NA,no,no,NA,NA,NA,no,NA,NA,NA,NA,no,NA,NA,NA,NA,no,no,NA,NA,NA,no,no,NA,NA,NA,no,no,NA,NA,NA,no,no,NA,NA,NA,no,no,NA,NA,NA,no,no,NA,NA,NA,no,no,NA,NA,NA,NA,no,no,NA,NA,NA,NA,yes,yes,MrdA_Bla.16__MrdA_Bla__MrdA__836,99.0,40.1,no,no,no,NA,NA,NA,no,no,NA,NA,NA,no,no,NA,NA,NA,no,no,NA,NA,NA,no,no,NA,NA,NA,NA,no,no,NA,NA,NA,NA,no,no,NA,NA,NA,NA,no,no,NA,NA,NA,no,no,NA,NA,NA,NA,no,no,NA,NA,NA,NA,no,no,NA,NA,NA,NA,no,NA,NA,NA
./ariba_amr_results/SRR5470164_trimmed/report.tsv,yes,yes,AMPH_Ecoli_Bla.89__AMPH_Ecoli_Bla__AMPH__615,98.62,34.8,yes,no,no,NA,NA,NA,no,no,NA,NA,NA,no,no,NA,NA,NA,no,no,NA,NA,NA,NA,no,NA,NA,NA,NA,no,no,NA,NA,NA,NA,yes,yes,AmpC1_Ecoli_Bla.49__AmpC1_Ecoli_Bla__AmpC1__1670,97.78,21.9,yes,yes,yes,AmpC2_Ecoli_Bla.99__AmpC2_Ecoli_Bla__AmpC2__346,97.53,32.3,yes,no,no,NA,NA,NA,NA,no,no,NA,NA,NA,no,no,NA,NA,NA,partial,CatBx_Phe.371__CatBx_Phe__CatB4__602,100.0,18.2,no,no,NA,NA,NA,NA,no,no,NA,NA,NA,no,no,NA,NA,NA,no,no,NA,NA,NA,yes,yes,DfrA7_Tmt.433__DfrA7_Tmt__DfrA7__318,100.0,36.9,no,no,NA,NA,NA,no,no,NA,NA,NA,no,no,NA,NA,NA,NA,no,no,NA,NA,NA,NA,yes,yes,MrdA_Bla.16__MrdA_Bla__MrdA__836,99.32,37.8,no,no,no,NA,NA,NA,no,no,NA,NA,NA,no,no,NA,NA,NA,no,no,NA,NA,NA,no,no,NA,NA,NA,NA,no,no,NA,NA,NA,NA,no,no,NA,NA,NA,NA,interrupted,no,SulI_Sul.225__SulI_Sul__SulI__1616,100.0,17.1,yes,yes,TEM_1D_Bla.205__TEM_1D_Bla__TEM_95__948,99.88,39.8,yes,no,no,NA,NA,NA,NA,no,no,NA,NA,NA,NA,no,NA,NA,NA
./ariba_amr_results/SRR5904106_trimmed/report.tsv,yes,yes,AMPH_Ecoli_Bla.89__AMPH_Ecoli_Bla__AMPH__615,99.48,58.8,no,no,no,NA,NA,NA,no,no,NA,NA,NA,no,no,NA,NA,NA,yes,yes,AadA_AGly.229__AadA_AGly__AadA1__1598,98.99,46.3,yes,no,NA,NA,NA,NA,no,no,NA,NA,NA,NA,yes,yes,AmpC1_Ecoli_Bla.49__AmpC1_Ecoli_Bla__AmpC1__1670,97.01,32.6,yes,yes,yes,AmpC2_Ecoli_Bla.99__AmpC2_Ecoli_Bla__AmpC2__346,97.27,54.4,yes,no,no,NA,NA,NA,NA,no,no,NA,NA,NA,no,no,NA,NA,NA,no,NA,NA,NA,NA,no,NA,NA,NA,NA,yes,yes,DfrA1_Tmt.430__DfrA1_Tmt__DfrA1__319,100.0,51.7,no,no,NA,NA,NA,no,no,NA,NA,NA,no,no,NA,NA,NA,no,no,NA,NA,NA,no,no,NA,NA,NA,no,no,NA,NA,NA,NA,no,no,NA,NA,NA,NA,yes,yes,MrdA_Bla.16__MrdA_Bla__MrdA__836,99.0,54.1,no,no,no,NA,NA,NA,no,no,NA,NA,NA,no,no,NA,NA,NA,yes,yes,Sat_2A_AGly.413__Sat_2A_AGly__Sat_2A__1088,100.0,43.8,no,no,NA,NA,NA,NA,no,no,NA,NA,NA,NA,no,no,NA,NA,NA,NA,no,no,NA,NA,NA,no,no,NA,NA,NA,NA,no,no,NA,NA,NA,NA,no,no,NA,NA,NA,NA,no,NA,NA,NA
./ariba_amr_results/SRR6051735_trimmed/report.tsv,yes,yes,AMPH_Ecoli_Bla.89__AMPH_Ecoli_Bla__AMPH__615,99.48,38.6,no,no,no,NA,NA,NA,no,no,NA,NA,NA,no,no,NA,NA,NA,no,no,NA,NA,NA,NA,no,NA,NA,NA,NA,no,no,NA,NA,NA,NA,yes,yes,AmpC1_Ecoli_Bla.49__AmpC1_Ecoli_Bla__AmpC1__1670,96.93,25.4,yes,yes,yes,AmpC2_Ecoli_Bla.99__AmpC2_Ecoli_Bla__AmpC2__346,97.35,26.5,yes,no,no,NA,NA,NA,NA,no,no,NA,NA,NA,no,no,NA,NA,NA,no,NA,NA,NA,NA,no,NA,NA,NA,NA,no,no,NA,NA,NA,no,no,NA,NA,NA,no,no,NA,NA,NA,no,no,NA,NA,NA,no,no,NA,NA,NA,no,no,NA,NA,NA,no,no,NA,NA,NA,NA,no,no,NA,NA,NA,NA,yes,yes,MrdA_Bla.16__MrdA_Bla__MrdA__836,99.0,47.4,no,no,no,NA,NA,NA,no,no,NA,NA,NA,no,no,NA,NA,NA,no,no,NA,NA,NA,no,no,NA,NA,NA,NA,no,no,NA,NA,NA,NA,no,no,NA,NA,NA,NA,no,no,NA,NA,NA,no,no,NA,NA,NA,NA,no,no,NA,NA,NA,NA,no,no,NA,NA,NA,NA,no,NA,NA,NA
./ariba_amr_results/SRR6051751_trimmed/report.tsv,yes,yes,AMPH_Ecoli_Bla.89__AMPH_Ecoli_Bla__AMPH__615,99.48,46.2,no,no,no,NA,NA,NA,no,no,NA,NA,NA,no,no,NA,NA,NA,no,no,NA,NA,NA,NA,no,NA,NA,NA,NA,no,no,NA,NA,NA,NA,yes,yes,AmpC1_Ecoli_Bla.49__AmpC1_Ecoli_Bla__AmpC1__1670,96.93,34.1,yes,yes,yes,AmpC2_Ecoli_Bla.99__AmpC2_Ecoli_Bla__AmpC2__346,97.35,41.0,yes,no,no,NA,NA,NA,NA,no,no,NA,NA,NA,no,no,NA,NA,NA,no,NA,NA,NA,NA,no,NA,NA,NA,NA,no,no,NA,NA,NA,no,no,NA,NA,NA,no,no,NA,NA,NA,no,no,NA,NA,NA,no,no,NA,NA,NA,no,no,NA,NA,NA,no,no,NA,NA,NA,NA,no,no,NA,NA,NA,NA,yes,yes,MrdA_Bla.16__MrdA_Bla__MrdA__836,99.0,48.1,no,no,no,NA,NA,NA,no,no,NA,NA,NA,no,no,NA,NA,NA,no,no,NA,NA,NA,no,no,NA,NA,NA,NA,no,no,NA,NA,NA,NA,no,no,NA,NA,NA,NA,no,no,NA,NA,NA,no,no,NA,NA,NA,NA,no,no,NA,NA,NA,NA,no,no,NA,NA,NA,NA,no,NA,NA,NA
./ariba_amr_results/SRR6051846_trimmed/report.tsv,yes,yes,AMPH_Ecoli_Bla.89__AMPH_Ecoli_Bla__AMPH__615,99.48,53.6,no,no,no,NA,NA,NA,no,no,NA,NA,NA,no,no,NA,NA,NA,no,no,NA,NA,NA,NA,no,NA,NA,NA,NA,no,no,NA,NA,NA,NA,yes,yes,AmpC1_Ecoli_Bla.49__AmpC1_Ecoli_Bla__AmpC1__1670,96.93,39.0,yes,yes,yes,AmpC2_Ecoli_Bla.99__AmpC2_Ecoli_Bla__AmpC2__346,97.35,54.1,yes,no,no,NA,NA,NA,NA,no,no,NA,NA,NA,no,no,NA,NA,NA,no,NA,NA,NA,NA,no,NA,NA,NA,NA,no,no,NA,NA,NA,no,no,NA,NA,NA,no,no,NA,NA,NA,no,no,NA,NA,NA,no,no,NA,NA,NA,no,no,NA,NA,NA,no,no,NA,NA,NA,NA,no,no,NA,NA,NA,NA,yes,yes,MrdA_Bla.16__MrdA_Bla__MrdA__836,99.0,64.7,no,no,no,NA,NA,NA,no,no,NA,NA,NA,no,no,NA,NA,NA,no,no,NA,NA,NA,no,no,NA,NA,NA,NA,no,no,NA,NA,NA,NA,no,no,NA,NA,NA,NA,no,no,NA,NA,NA,no,no,NA,NA,NA,NA,no,no,NA,NA,NA,NA,no,no,NA,NA,NA,NA,no,NA,NA,NA
./ariba_amr_results/SRR6051849_trimmed/report.tsv,yes,yes,AMPH_Ecoli_Bla.89__AMPH_Ecoli_Bla__AMPH__615,99.48,31.5,no,no,no,NA,NA,NA,no,no,NA,NA,NA,no,no,NA,NA,NA,no,no,NA,NA,NA,NA,no,NA,NA,NA,NA,no,no,NA,NA,NA,NA,yes,yes,AmpC1_Ecoli_Bla.49__AmpC1_Ecoli_Bla__AmpC1__1670,96.93,21.2,yes,interrupted,no,AmpC2_Ecoli_Bla.99__AmpC2_Ecoli_Bla__AmpC2__346,97.32,34.2,yes,yes,yes,Aph3__Ia_AGly.251__Aph3__Ia_AGly__Aph3_Ia__1218,99.88,47.9,no,no,no,NA,NA,NA,no,no,NA,NA,NA,partial,CatBx_Phe.371__CatBx_Phe__CatB4__602,100.0,60.9,no,no,NA,NA,NA,NA,no,no,NA,NA,NA,no,no,NA,NA,NA,no,no,NA,NA,NA,no,no,NA,NA,NA,yes,yes,DfrA8_Tmt.416__DfrA8_Tmt__DfrA8__1079,100.0,31.1,no,no,NA,NA,NA,no,no,NA,NA,NA,NA,no,no,NA,NA,NA,NA,yes,yes,MrdA_Bla.16__MrdA_Bla__MrdA__836,99.0,32.6,no,no,no,NA,NA,NA,no,no,NA,NA,NA,no,no,NA,NA,NA,no,no,NA,NA,NA,yes,yes,StrA_AGly.263__StrA_AGly__StrA__1501,99.88,27.7,no,yes,yes,StrB_AGly.227__StrB_AGly__StrB__1614,100.0,32.1,no,yes,yes,SulII_Sul.256__SulII_Sul__SulII__1219,99.63,22.7,yes,no,no,NA,NA,NA,yes,yes,TEM_1D_Bla.205__TEM_1D_Bla__TEM_95__948,99.88,42.7,yes,yes,yes,TetA_Tet.52__TetA_Tet__TetA__1545,100.0,27.6,no,no,no,NA,NA,NA,NA,no,NA,NA,NA
./ariba_amr_results/SRR6051851_trimmed/report.tsv,yes,yes,AMPH_Ecoli_Bla.89__AMPH_Ecoli_Bla__AMPH__615,99.48,46.6,no,no,no,NA,NA,NA,no,no,NA,NA,NA,no,no,NA,NA,NA,no,no,NA,NA,NA,NA,no,NA,NA,NA,NA,no,no,NA,NA,NA,NA,yes,yes,AmpC1_Ecoli_Bla.49__AmpC1_Ecoli_Bla__AmpC1__1670,96.93,29.7,yes,yes,yes,AmpC2_Ecoli_Bla.99__AmpC2_Ecoli_Bla__AmpC2__346,97.35,37.9,yes,no,no,NA,NA,NA,NA,no,no,NA,NA,NA,no,no,NA,NA,NA,no,NA,NA,NA,NA,no,NA,NA,NA,NA,no,no,NA,NA,NA,no,no,NA,NA,NA,no,no,NA,NA,NA,no,no,NA,NA,NA,no,no,NA,NA,NA,no,no,NA,NA,NA,no,no,NA,NA,NA,NA,no,no,NA,NA,NA,NA,yes,yes,MrdA_Bla.16__MrdA_Bla__MrdA__836,99.0,51.5,no,no,no,NA,NA,NA,no,no,NA,NA,NA,no,no,NA,NA,NA,no,no,NA,NA,NA,no,no,NA,NA,NA,NA,no,no,NA,NA,NA,NA,no,no,NA,NA,NA,NA,no,no,NA,NA,NA,no,no,NA,NA,NA,NA,no,no,NA,NA,NA,NA,no,no,NA,NA,NA,NA,no,NA,NA,NA
./ariba_amr_results/SRR6051863_trimmed/report.tsv,yes,yes,AMPH_Ecoli_Bla.89__AMPH_Ecoli_Bla__AMPH__615,99.48,45.9,no,no,no,NA,NA,NA,no,no,NA,NA,NA,no,no,NA,NA,NA,no,no,NA,NA,NA,NA,no,NA,NA,NA,NA,no,no,NA,NA,NA,NA,yes,yes,AmpC1_Ecoli_Bla.49__AmpC1_Ecoli_Bla__AmpC1__1670,96.93,35.2,yes,yes,yes,AmpC2_Ecoli_Bla.99__AmpC2_Ecoli_Bla__AmpC2__346,97.35,43.7,yes,no,no,NA,NA,NA,NA,no,no,NA,NA,NA,no,no,NA,NA,NA,no,NA,NA,NA,NA,no,NA,NA,NA,NA,no,no,NA,NA,NA,no,no,NA,NA,NA,no,no,NA,NA,NA,no,no,NA,NA,NA,no,no,NA,NA,NA,no,no,NA,NA,NA,no,no,NA,NA,NA,NA,no,no,NA,NA,NA,NA,yes,yes,MrdA_Bla.16__MrdA_Bla__MrdA__836,99.0,50.2,no,no,no,NA,NA,NA,no,no,NA,NA,NA,no,no,NA,NA,NA,no,no,NA,NA,NA,no,no,NA,NA,NA,NA,no,no,NA,NA,NA,NA,no,no,NA,NA,NA,NA,no,no,NA,NA,NA,no,no,NA,NA,NA,NA,no,no,NA,NA,NA,NA,no,no,NA,NA,NA,NA,no,NA,NA,NA
./ariba_amr_results/SRR6051885_trimmed/report.tsv,yes,yes,AMPH_Ecoli_Bla.89__AMPH_Ecoli_Bla__AMPH__615,99.48,51.1,no,no,no,NA,NA,NA,no,no,NA,NA,NA,no,no,NA,NA,NA,no,no,NA,NA,NA,NA,no,NA,NA,NA,NA,no,no,NA,NA,NA,NA,yes,yes,AmpC1_Ecoli_Bla.49__AmpC1_Ecoli_Bla__AmpC1__1670,96.93,37.3,yes,yes,yes,AmpC2_Ecoli_Bla.99__AmpC2_Ecoli_Bla__AmpC2__346,97.35,41.6,yes,no,no,NA,NA,NA,NA,no,no,NA,NA,NA,no,no,NA,NA,NA,no,NA,NA,NA,NA,no,NA,NA,NA,NA,no,no,NA,NA,NA,no,no,NA,NA,NA,no,no,NA,NA,NA,no,no,NA,NA,NA,no,no,NA,NA,NA,no,no,NA,NA,NA,no,no,NA,NA,NA,NA,no,no,NA,NA,NA,NA,yes,yes,MrdA_Bla.16__MrdA_Bla__MrdA__836,99.0,60.4,no,no,no,NA,NA,NA,no,no,NA,NA,NA,no,no,NA,NA,NA,no,no,NA,NA,NA,no,no,NA,NA,NA,NA,no,no,NA,NA,NA,NA,no,no,NA,NA,NA,NA,no,no,NA,NA,NA,no,no,NA,NA,NA,NA,no,no,NA,NA,NA,NA,no,no,NA,NA,NA,NA,no,NA,NA,NA
./ariba_amr_results/SRR6051888_trimmed/report.tsv,yes,yes,AMPH_Ecoli_Bla.89__AMPH_Ecoli_Bla__AMPH__615,99.48,39.3,no,no,no,NA,NA,NA,no,no,NA,NA,NA,no,no,NA,NA,NA,no,no,NA,NA,NA,NA,no,NA,NA,NA,NA,no,no,NA,NA,NA,NA,yes,yes,AmpC1_Ecoli_Bla.49__AmpC1_Ecoli_Bla__AmpC1__1670,96.93,26.8,yes,yes,yes,AmpC2_Ecoli_Bla.99__AmpC2_Ecoli_Bla__AmpC2__346,97.35,36.4,yes,no,no,NA,NA,NA,NA,no,no,NA,NA,NA,no,no,NA,NA,NA,no,NA,NA,NA,NA,no,NA,NA,NA,NA,no,no,NA,NA,NA,no,no,NA,NA,NA,no,no,NA,NA,NA,no,no,NA,NA,NA,no,no,NA,NA,NA,no,no,NA,NA,NA,no,no,NA,NA,NA,NA,no,no,NA,NA,NA,NA,yes,yes,MrdA_Bla.16__MrdA_Bla__MrdA__836,99.0,48.1,no,no,no,NA,NA,NA,no,no,NA,NA,NA,no,no,NA,NA,NA,no,no,NA,NA,NA,no,no,NA,NA,NA,NA,no,no,NA,NA,NA,NA,no,no,NA,NA,NA,NA,no,no,NA,NA,NA,no,no,NA,NA,NA,NA,no,no,NA,NA,NA,NA,no,no,NA,NA,NA,NA,no,NA,NA,NA
./ariba_amr_results/SRR6051889_trimmed/report.tsv,yes,yes,AMPH_Ecoli_Bla.89__AMPH_Ecoli_Bla__AMPH__615,99.48,43.0,no,no,no,NA,NA,NA,no,no,NA,NA,NA,no,no,NA,NA,NA,no,no,NA,NA,NA,NA,no,NA,NA,NA,NA,no,no,NA,NA,NA,NA,yes,yes,AmpC1_Ecoli_Bla.49__AmpC1_Ecoli_Bla__AmpC1__1670,96.93,24.3,yes,yes,yes,AmpC2_Ecoli_Bla.99__AmpC2_Ecoli_Bla__AmpC2__346,97.35,39.8,yes,no,no,NA,NA,NA,NA,no,no,NA,NA,NA,no,no,NA,NA,NA,no,NA,NA,NA,NA,no,NA,NA,NA,NA,no,no,NA,NA,NA,no,no,NA,NA,NA,no,no,NA,NA,NA,no,no,NA,NA,NA,no,no,NA,NA,NA,no,no,NA,NA,NA,no,no,NA,NA,NA,NA,no,no,NA,NA,NA,NA,yes,yes,MrdA_Bla.16__MrdA_Bla__MrdA__836,99.0,41.3,no,no,no,NA,NA,NA,no,no,NA,NA,NA,no,no,NA,NA,NA,no,no,NA,NA,NA,no,no,NA,NA,NA,NA,no,no,NA,NA,NA,NA,no,no,NA,NA,NA,NA,no,no,NA,NA,NA,no,no,NA,NA,NA,NA,no,no,NA,NA,NA,NA,no,no,NA,NA,NA,NA,no,NA,NA,NA
./ariba_amr_results/SRR6051890_trimmed/report.tsv,yes,yes,AMPH_Ecoli_Bla.89__AMPH_Ecoli_Bla__AMPH__615,99.48,53.9,no,no,no,NA,NA,NA,no,no,NA,NA,NA,no,no,NA,NA,NA,no,no,NA,NA,NA,NA,no,NA,NA,NA,NA,no,no,NA,NA,NA,NA,yes,yes,AmpC1_Ecoli_Bla.49__AmpC1_Ecoli_Bla__AmpC1__1670,96.93,38.8,yes,yes,yes,AmpC2_Ecoli_Bla.99__AmpC2_Ecoli_Bla__AmpC2__346,97.35,45.6,yes,no,no,NA,NA,NA,NA,no,no,NA,NA,NA,no,no,NA,NA,NA,no,NA,NA,NA,NA,partial,Cat_86_Phe.348__Cat_86_Phe__Cat_86__60,94.69,2.8,yes,no,no,NA,NA,NA,no,no,NA,NA,NA,no,no,NA,NA,NA,no,no,NA,NA,NA,no,no,NA,NA,NA,no,no,NA,NA,NA,no,no,NA,NA,NA,NA,no,no,NA,NA,NA,NA,yes,yes,MrdA_Bla.16__MrdA_Bla__MrdA__836,99.0,57.8,no,no,no,NA,NA,NA,no,no,NA,NA,NA,no,no,NA,NA,NA,no,no,NA,NA,NA,no,no,NA,NA,NA,NA,no,no,NA,NA,NA,NA,no,no,NA,NA,NA,NA,no,no,NA,NA,NA,no,no,NA,NA,NA,NA,no,no,NA,NA,NA,NA,no,no,NA,NA,NA,NA,no,NA,NA,NA
./ariba_amr_results/SRR6051893_trimmed/report.tsv,yes,yes,AMPH_Ecoli_Bla.89__AMPH_Ecoli_Bla__AMPH__615,99.48,50.9,no,no,no,NA,NA,NA,no,no,NA,NA,NA,no,no,NA,NA,NA,no,no,NA,NA,NA,NA,no,NA,NA,NA,NA,no,no,NA,NA,NA,NA,yes,yes,AmpC1_Ecoli_Bla.49__AmpC1_Ecoli_Bla__AmpC1__1670,96.93,28.1,yes,yes,yes,AmpC2_Ecoli_Bla.99__AmpC2_Ecoli_Bla__AmpC2__346,97.35,34.9,yes,no,no,NA,NA,NA,NA,no,no,NA,NA,NA,no,no,NA,NA,NA,no,NA,NA,NA,NA,no,NA,NA,NA,NA,no,no,NA,NA,NA,no,no,NA,NA,NA,no,no,NA,NA,NA,no,no,NA,NA,NA,no,no,NA,NA,NA,no,no,NA,NA,NA,no,no,NA,NA,NA,NA,no,no,NA,NA,NA,NA,yes,yes,MrdA_Bla.16__MrdA_Bla__MrdA__836,99.0,46.4,no,no,no,NA,NA,NA,no,no,NA,NA,NA,no,no,NA,NA,NA,no,no,NA,NA,NA,no,no,NA,NA,NA,NA,no,no,NA,NA,NA,NA,no,no,NA,NA,NA,NA,no,no,NA,NA,NA,no,no,NA,NA,NA,NA,no,no,NA,NA,NA,NA,no,no,NA,NA,NA,NA,partial,TetW_Tet.15__TetW_Tet__TetW__833,100.0,4.2
./ariba_amr_results/SRR6051918_trimmed/report.tsv,yes,yes,AMPH_Ecoli_Bla.89__AMPH_Ecoli_Bla__AMPH__615,99.48,70.2,no,no,no,NA,NA,NA,no,no,NA,NA,NA,no,no,NA,NA,NA,no,no,NA,NA,NA,NA,no,NA,NA,NA,NA,no,no,NA,NA,NA,NA,yes,yes,AmpC1_Ecoli_Bla.49__AmpC1_Ecoli_Bla__AmpC1__1670,96.93,39.9,yes,yes,yes,AmpC2_Ecoli_Bla.99__AmpC2_Ecoli_Bla__AmpC2__346,97.35,44.6,yes,no,no,NA,NA,NA,NA,no,no,NA,NA,NA,no,no,NA,NA,NA,no,NA,NA,NA,NA,no,NA,NA,NA,NA,no,no,NA,NA,NA,no,no,NA,NA,NA,no,no,NA,NA,NA,no,no,NA,NA,NA,no,no,NA,NA,NA,no,no,NA,NA,NA,no,no,NA,NA,NA,NA,no,no,NA,NA,NA,NA,yes,yes,MrdA_Bla.16__MrdA_Bla__MrdA__836,99.0,56.4,no,no,no,NA,NA,NA,no,no,NA,NA,NA,no,no,NA,NA,NA,no,no,NA,NA,NA,no,no,NA,NA,NA,NA,no,no,NA,NA,NA,NA,no,no,NA,NA,NA,NA,no,no,NA,NA,NA,yes,yes,TEM_1D_Bla.205__TEM_1D_Bla__TEM_95__948,99.88,85.4,yes,no,no,NA,NA,NA,NA,no,no,NA,NA,NA,NA,no,NA,NA,NA
./ariba_amr_results/SRR6051919_trimmed/report.tsv,yes,yes,AMPH_Ecoli_Bla.89__AMPH_Ecoli_Bla__AMPH__615,99.48,69.7,no,no,no,NA,NA,NA,no,no,NA,NA,NA,no,no,NA,NA,NA,no,no,NA,NA,NA,NA,no,NA,NA,NA,NA,no,no,NA,NA,NA,NA,yes,yes,AmpC1_Ecoli_Bla.49__AmpC1_Ecoli_Bla__AmpC1__1670,96.93,40.9,yes,yes,yes,AmpC2_Ecoli_Bla.99__AmpC2_Ecoli_Bla__AmpC2__346,97.35,59.4,yes,no,no,NA,NA,NA,NA,no,no,NA,NA,NA,no,no,NA,NA,NA,no,NA,NA,NA,NA,no,NA,NA,NA,NA,no,no,NA,NA,NA,no,no,NA,NA,NA,no,no,NA,NA,NA,no,no,NA,NA,NA,no,no,NA,NA,NA,no,no,NA,NA,NA,no,no,NA,NA,NA,NA,no,no,NA,NA,NA,NA,yes,yes,MrdA_Bla.16__MrdA_Bla__MrdA__836,99.0,84.6,no,no,no,NA,NA,NA,no,no,NA,NA,NA,no,no,NA,NA,NA,no,no,NA,NA,NA,no,no,NA,NA,NA,NA,no,no,NA,NA,NA,NA,no,no,NA,NA,NA,NA,no,no,NA,NA,NA,no,no,NA,NA,NA,NA,no,no,NA,NA,NA,NA,no,no,NA,NA,NA,NA,no,NA,NA,NA
./ariba_amr_results/SRR6051920_trimmed/report.tsv,yes,yes,AMPH_Ecoli_Bla.89__AMPH_Ecoli_Bla__AMPH__615,99.48,67.6,no,no,no,NA,NA,NA,no,no,NA,NA,NA,no,no,NA,NA,NA,no,no,NA,NA,NA,NA,no,NA,NA,NA,NA,no,no,NA,NA,NA,NA,yes,yes,AmpC1_Ecoli_Bla.49__AmpC1_Ecoli_Bla__AmpC1__1670,96.93,41.3,yes,yes,yes,AmpC2_Ecoli_Bla.99__AmpC2_Ecoli_Bla__AmpC2__346,97.35,55.0,yes,no,no,NA,NA,NA,NA,no,no,NA,NA,NA,no,no,NA,NA,NA,no,NA,NA,NA,NA,no,NA,NA,NA,NA,no,no,NA,NA,NA,no,no,NA,NA,NA,no,no,NA,NA,NA,no,no,NA,NA,NA,no,no,NA,NA,NA,no,no,NA,NA,NA,no,no,NA,NA,NA,NA,no,no,NA,NA,NA,NA,yes,yes,MrdA_Bla.16__MrdA_Bla__MrdA__836,99.0,72.5,no,no,no,NA,NA,NA,no,no,NA,NA,NA,no,no,NA,NA,NA,no,no,NA,NA,NA,no,no,NA,NA,NA,NA,no,no,NA,NA,NA,NA,no,no,NA,NA,NA,NA,no,no,NA,NA,NA,no,no,NA,NA,NA,NA,no,no,NA,NA,NA,NA,no,no,NA,NA,NA,NA,no,NA,NA,NA
./ariba_amr_results/SRR6051976_trimmed/report.tsv,yes,yes,AMPH_Ecoli_Bla.89__AMPH_Ecoli_Bla__AMPH__615,99.48,67.4,no,no,no,NA,NA,NA,no,no,NA,NA,NA,no,no,NA,NA,NA,no,no,NA,NA,NA,NA,no,NA,NA,NA,NA,no,no,NA,NA,NA,NA,yes,yes,AmpC1_Ecoli_Bla.49__AmpC1_Ecoli_Bla__AmpC1__1670,96.93,44.7,yes,yes,yes,AmpC2_Ecoli_Bla.99__AmpC2_Ecoli_Bla__AmpC2__346,97.35,44.2,yes,no,no,NA,NA,NA,NA,no,no,NA,NA,NA,no,no,NA,NA,NA,no,NA,NA,NA,NA,no,NA,NA,NA,NA,no,no,NA,NA,NA,no,no,NA,NA,NA,no,no,NA,NA,NA,no,no,NA,NA,NA,no,no,NA,NA,NA,no,no,NA,NA,NA,no,no,NA,NA,NA,NA,no,no,NA,NA,NA,NA,yes,yes,MrdA_Bla.16__MrdA_Bla__MrdA__836,99.0,71.8,no,no,no,NA,NA,NA,no,no,NA,NA,NA,no,no,NA,NA,NA,no,no,NA,NA,NA,no,no,NA,NA,NA,NA,no,no,NA,NA,NA,NA,no,no,NA,NA,NA,NA,no,no,NA,NA,NA,no,no,NA,NA,NA,NA,no,no,NA,NA,NA,NA,no,no,NA,NA,NA,NA,no,NA,NA,NA
./ariba_amr_results/SRR6051977_trimmed/report.tsv,yes,yes,AMPH_Ecoli_Bla.89__AMPH_Ecoli_Bla__AMPH__615,99.48,40.2,no,no,no,NA,NA,NA,no,no,NA,NA,NA,no,no,NA,NA,NA,no,no,NA,NA,NA,NA,no,NA,NA,NA,NA,no,no,NA,NA,NA,NA,yes,yes,AmpC1_Ecoli_Bla.49__AmpC1_Ecoli_Bla__AmpC1__1670,96.93,24.5,yes,yes,yes,AmpC2_Ecoli_Bla.99__AmpC2_Ecoli_Bla__AmpC2__346,97.35,29.9,yes,no,no,NA,NA,NA,NA,no,no,NA,NA,NA,no,no,NA,NA,NA,no,NA,NA,NA,NA,no,NA,NA,NA,NA,no,no,NA,NA,NA,no,no,NA,NA,NA,no,no,NA,NA,NA,no,no,NA,NA,NA,no,no,NA,NA,NA,no,no,NA,NA,NA,no,no,NA,NA,NA,NA,no,no,NA,NA,NA,NA,yes,yes,MrdA_Bla.16__MrdA_Bla__MrdA__836,99.0,36.8,no,no,no,NA,NA,NA,no,no,NA,NA,NA,no,no,NA,NA,NA,no,no,NA,NA,NA,no,no,NA,NA,NA,NA,no,no,NA,NA,NA,NA,no,no,NA,NA,NA,NA,no,no,NA,NA,NA,no,no,NA,NA,NA,NA,no,no,NA,NA,NA,NA,no,no,NA,NA,NA,NA,no,NA,NA,NA
./ariba_amr_results/SRR6051978_trimmed/report.tsv,yes,yes,AMPH_Ecoli_Bla.89__AMPH_Ecoli_Bla__AMPH__615,99.48,66.2,no,no,no,NA,NA,NA,no,no,NA,NA,NA,no,no,NA,NA,NA,no,no,NA,NA,NA,NA,no,NA,NA,NA,NA,no,no,NA,NA,NA,NA,yes,yes,AmpC1_Ecoli_Bla.49__AmpC1_Ecoli_Bla__AmpC1__1670,96.93,45.9,yes,yes,yes,AmpC2_Ecoli_Bla.99__AmpC2_Ecoli_Bla__AmpC2__346,97.35,58.4,yes,no,no,NA,NA,NA,NA,no,no,NA,NA,NA,no,no,NA,NA,NA,no,NA,NA,NA,NA,no,NA,NA,NA,NA,no,no,NA,NA,NA,no,no,NA,NA,NA,no,no,NA,NA,NA,no,no,NA,NA,NA,no,no,NA,NA,NA,no,no,NA,NA,NA,no,no,NA,NA,NA,NA,no,no,NA,NA,NA,NA,yes,yes,MrdA_Bla.16__MrdA_Bla__MrdA__836,99.0,81.8,no,no,no,NA,NA,NA,no,no,NA,NA,NA,no,no,NA,NA,NA,no,no,NA,NA,NA,no,no,NA,NA,NA,NA,no,no,NA,NA,NA,NA,no,no,NA,NA,NA,NA,no,no,NA,NA,NA,no,no,NA,NA,NA,NA,no,no,NA,NA,NA,NA,no,no,NA,NA,NA,NA,no,NA,NA,NA
./ariba_amr_results/SRR6051979_trimmed/report.tsv,yes,yes,AMPH_Ecoli_Bla.89__AMPH_Ecoli_Bla__AMPH__615,99.48,60.4,no,no,no,NA,NA,NA,no,no,NA,NA,NA,no,no,NA,NA,NA,no,no,NA,NA,NA,NA,no,NA,NA,NA,NA,no,no,NA,NA,NA,NA,yes,yes,AmpC1_Ecoli_Bla.49__AmpC1_Ecoli_Bla__AmpC1__1670,96.93,42.0,yes,yes,yes,AmpC2_Ecoli_Bla.99__AmpC2_Ecoli_Bla__AmpC2__346,97.35,60.0,yes,no,no,NA,NA,NA,NA,no,no,NA,NA,NA,no,no,NA,NA,NA,no,NA,NA,NA,NA,no,NA,NA,NA,NA,no,no,NA,NA,NA,no,no,NA,NA,NA,no,no,NA,NA,NA,no,no,NA,NA,NA,no,no,NA,NA,NA,no,no,NA,NA,NA,no,no,NA,NA,NA,NA,no,no,NA,NA,NA,NA,yes,yes,MrdA_Bla.16__MrdA_Bla__MrdA__836,99.0,81.7,no,no,no,NA,NA,NA,no,no,NA,NA,NA,no,no,NA,NA,NA,no,no,NA,NA,NA,no,no,NA,NA,NA,NA,no,no,NA,NA,NA,NA,no,no,NA,NA,NA,NA,no,no,NA,NA,NA,no,no,NA,NA,NA,NA,no,no,NA,NA,NA,NA,no,no,NA,NA,NA,NA,no,NA,NA,NA
./ariba_amr_results/SRR6051981_trimmed/report.tsv,yes,yes,AMPH_Ecoli_Bla.89__AMPH_Ecoli_Bla__AMPH__615,99.48,54.8,no,no,no,NA,NA,NA,no,no,NA,NA,NA,no,no,NA,NA,NA,no,no,NA,NA,NA,NA,no,NA,NA,NA,NA,no,no,NA,NA,NA,NA,yes,yes,AmpC1_Ecoli_Bla.49__AmpC1_Ecoli_Bla__AmpC1__1670,96.93,32.3,yes,yes,yes,AmpC2_Ecoli_Bla.99__AmpC2_Ecoli_Bla__AmpC2__346,97.35,49.3,yes,no,no,NA,NA,NA,NA,no,no,NA,NA,NA,no,no,NA,NA,NA,no,NA,NA,NA,NA,no,NA,NA,NA,NA,no,no,NA,NA,NA,no,no,NA,NA,NA,no,no,NA,NA,NA,no,no,NA,NA,NA,no,no,NA,NA,NA,no,no,NA,NA,NA,no,no,NA,NA,NA,NA,no,no,NA,NA,NA,NA,yes,yes,MrdA_Bla.16__MrdA_Bla__MrdA__836,99.0,61.6,no,no,no,NA,NA,NA,no,no,NA,NA,NA,no,no,NA,NA,NA,no,no,NA,NA,NA,yes,yes,StrA_AGly.263__StrA_AGly__StrA__1501,99.88,274.8,no,yes,yes,StrB_AGly.227__StrB_AGly__StrB__1614,100.0,390.8,no,yes,yes,SulII_Sul.256__SulII_Sul__SulII__1219,100.0,209.1,no,no,no,NA,NA,NA,no,no,NA,NA,NA,NA,no,no,NA,NA,NA,NA,no,no,NA,NA,NA,NA,no,NA,NA,NA
./ariba_amr_results/SRR6051982_trimmed/report.tsv,yes,yes,AMPH_Ecoli_Bla.89__AMPH_Ecoli_Bla__AMPH__615,99.48,51.5,no,no,no,NA,NA,NA,no,no,NA,NA,NA,no,no,NA,NA,NA,no,no,NA,NA,NA,NA,no,NA,NA,NA,NA,no,no,NA,NA,NA,NA,yes,yes,AmpC1_Ecoli_Bla.49__AmpC1_Ecoli_Bla__AmpC1__1670,96.93,27.4,yes,yes,yes,AmpC2_Ecoli_Bla.99__AmpC2_Ecoli_Bla__AmpC2__346,97.35,38.7,yes,no,no,NA,NA,NA,NA,no,no,NA,NA,NA,no,no,NA,NA,NA,no,NA,NA,NA,NA,no,NA,NA,NA,NA,no,no,NA,NA,NA,no,no,NA,NA,NA,no,no,NA,NA,NA,no,no,NA,NA,NA,no,no,NA,NA,NA,no,no,NA,NA,NA,no,no,NA,NA,NA,NA,no,no,NA,NA,NA,NA,yes,yes,MrdA_Bla.16__MrdA_Bla__MrdA__836,99.0,48.8,no,no,no,NA,NA,NA,no,no,NA,NA,NA,no,no,NA,NA,NA,no,no,NA,NA,NA,no,no,NA,NA,NA,NA,no,no,NA,NA,NA,NA,no,no,NA,NA,NA,NA,no,no,NA,NA,NA,no,no,NA,NA,NA,NA,no,no,NA,NA,NA,NA,no,no,NA,NA,NA,NA,no,NA,NA,NA
./ariba_amr_results/SRR6051983_trimmed/report.tsv,yes,yes,AMPH_Ecoli_Bla.89__AMPH_Ecoli_Bla__AMPH__615,99.48,44.4,no,no,no,NA,NA,NA,no,no,NA,NA,NA,no,no,NA,NA,NA,no,no,NA,NA,NA,NA,no,NA,NA,NA,NA,no,no,NA,NA,NA,NA,yes,yes,AmpC1_Ecoli_Bla.49__AmpC1_Ecoli_Bla__AmpC1__1670,96.93,33.1,yes,yes,yes,AmpC2_Ecoli_Bla.99__AmpC2_Ecoli_Bla__AmpC2__346,97.35,44.9,yes,no,no,NA,NA,NA,NA,no,no,NA,NA,NA,no,no,NA,NA,NA,no,NA,NA,NA,NA,no,NA,NA,NA,NA,no,no,NA,NA,NA,no,no,NA,NA,NA,no,no,NA,NA,NA,no,no,NA,NA,NA,no,no,NA,NA,NA,no,no,NA,NA,NA,no,no,NA,NA,NA,NA,no,no,NA,NA,NA,NA,yes,yes,MrdA_Bla.16__MrdA_Bla__MrdA__836,99.0,57.2,no,no,no,NA,NA,NA,no,no,NA,NA,NA,no,no,NA,NA,NA,no,no,NA,NA,NA,no,no,NA,NA,NA,NA,no,no,NA,NA,NA,NA,no,no,NA,NA,NA,NA,no,no,NA,NA,NA,no,no,NA,NA,NA,NA,no,no,NA,NA,NA,NA,no,no,NA,NA,NA,NA,no,NA,NA,NA
./ariba_amr_results/SRR6051985_trimmed/report.tsv,yes,yes,AMPH_Ecoli_Bla.89__AMPH_Ecoli_Bla__AMPH__615,99.48,59.2,no,no,no,NA,NA,NA,no,no,NA,NA,NA,no,no,NA,NA,NA,no,no,NA,NA,NA,NA,no,NA,NA,NA,NA,no,no,NA,NA,NA,NA,yes,yes,AmpC1_Ecoli_Bla.49__AmpC1_Ecoli_Bla__AmpC1__1670,96.93,37.3,yes,yes,yes,AmpC2_Ecoli_Bla.99__AmpC2_Ecoli_Bla__AmpC2__346,97.35,38.5,yes,no,no,NA,NA,NA,NA,no,no,NA,NA,NA,no,no,NA,NA,NA,no,NA,NA,NA,NA,no,NA,NA,NA,NA,no,no,NA,NA,NA,no,no,NA,NA,NA,no,no,NA,NA,NA,no,no,NA,NA,NA,no,no,NA,NA,NA,no,no,NA,NA,NA,no,no,NA,NA,NA,NA,no,no,NA,NA,NA,NA,yes,yes,MrdA_Bla.16__MrdA_Bla__MrdA__836,99.0,52.6,no,no,no,NA,NA,NA,no,no,NA,NA,NA,no,no,NA,NA,NA,no,no,NA,NA,NA,no,no,NA,NA,NA,NA,no,no,NA,NA,NA,NA,no,no,NA,NA,NA,NA,no,no,NA,NA,NA,no,no,NA,NA,NA,NA,no,no,NA,NA,NA,NA,no,no,NA,NA,NA,NA,no,NA,NA,NA
./ariba_amr_results/SRR6051990_trimmed/report.tsv,yes,yes,AMPH_Ecoli_Bla.89__AMPH_Ecoli_Bla__AMPH__615,99.48,78.3,no,no,no,NA,NA,NA,no,no,NA,NA,NA,no,no,NA,NA,NA,no,no,NA,NA,NA,NA,no,NA,NA,NA,NA,no,no,NA,NA,NA,NA,yes,yes,AmpC1_Ecoli_Bla.49__AmpC1_Ecoli_Bla__AmpC1__1670,96.93,38.0,yes,yes,yes,AmpC2_Ecoli_Bla.99__AmpC2_Ecoli_Bla__AmpC2__346,97.35,43.0,yes,no,no,NA,NA,NA,NA,no,no,NA,NA,NA,no,no,NA,NA,NA,no,NA,NA,NA,NA,no,NA,NA,NA,NA,no,no,NA,NA,NA,no,no,NA,NA,NA,no,no,NA,NA,NA,no,no,NA,NA,NA,no,no,NA,NA,NA,no,no,NA,NA,NA,no,no,NA,NA,NA,NA,no,no,NA,NA,NA,NA,yes,yes,MrdA_Bla.16__MrdA_Bla__MrdA__836,99.0,67.6,no,no,no,NA,NA,NA,no,no,NA,NA,NA,no,no,NA,NA,NA,no,no,NA,NA,NA,no,no,NA,NA,NA,NA,no,no,NA,NA,NA,NA,no,no,NA,NA,NA,NA,no,no,NA,NA,NA,no,no,NA,NA,NA,NA,no,no,NA,NA,NA,NA,no,no,NA,NA,NA,NA,no,NA,NA,NA
./ariba_amr_results/SRR6051991_trimmed/report.tsv,yes,yes,AMPH_Ecoli_Bla.89__AMPH_Ecoli_Bla__AMPH__615,99.48,52.9,no,no,no,NA,NA,NA,no,no,NA,NA,NA,no,no,NA,NA,NA,no,no,NA,NA,NA,NA,no,NA,NA,NA,NA,no,no,NA,NA,NA,NA,yes,yes,AmpC1_Ecoli_Bla.49__AmpC1_Ecoli_Bla__AmpC1__1670,96.93,26.6,yes,yes,yes,AmpC2_Ecoli_Bla.99__AmpC2_Ecoli_Bla__AmpC2__346,97.35,35.8,yes,no,no,NA,NA,NA,NA,no,no,NA,NA,NA,no,no,NA,NA,NA,no,NA,NA,NA,NA,no,NA,NA,NA,NA,no,no,NA,NA,NA,no,no,NA,NA,NA,no,no,NA,NA,NA,no,no,NA,NA,NA,no,no,NA,NA,NA,no,no,NA,NA,NA,no,no,NA,NA,NA,NA,no,no,NA,NA,NA,NA,yes,yes,MrdA_Bla.16__MrdA_Bla__MrdA__836,99.0,56.5,no,no,no,NA,NA,NA,no,no,NA,NA,NA,no,no,NA,NA,NA,no,no,NA,NA,NA,no,no,NA,NA,NA,NA,no,no,NA,NA,NA,NA,no,no,NA,NA,NA,NA,no,no,NA,NA,NA,no,no,NA,NA,NA,NA,no,no,NA,NA,NA,NA,no,no,NA,NA,NA,NA,no,NA,NA,NA
./ariba_amr_results/SRR6051992_trimmed/report.tsv,yes,yes,AMPH_Ecoli_Bla.89__AMPH_Ecoli_Bla__AMPH__615,99.48,42.9,no,no,no,NA,NA,NA,no,no,NA,NA,NA,no,no,NA,NA,NA,no,no,NA,NA,NA,NA,no,NA,NA,NA,NA,no,no,NA,NA,NA,NA,yes,yes,AmpC1_Ecoli_Bla.49__AmpC1_Ecoli_Bla__AmpC1__1670,96.93,22.2,yes,yes,yes,AmpC2_Ecoli_Bla.99__AmpC2_Ecoli_Bla__AmpC2__346,97.35,29.8,yes,no,no,NA,NA,NA,NA,no,no,NA,NA,NA,no,no,NA,NA,NA,no,NA,NA,NA,NA,no,NA,NA,NA,NA,no,no,NA,NA,NA,no,no,NA,NA,NA,no,no,NA,NA,NA,no,no,NA,NA,NA,no,no,NA,NA,NA,no,no,NA,NA,NA,no,no,NA,NA,NA,NA,no,no,NA,NA,NA,NA,yes,yes,MrdA_Bla.16__MrdA_Bla__MrdA__836,99.0,42.8,no,no,no,NA,NA,NA,no,no,NA,NA,NA,no,no,NA,NA,NA,no,no,NA,NA,NA,no,no,NA,NA,NA,NA,no,no,NA,NA,NA,NA,no,no,NA,NA,NA,NA,no,no,NA,NA,NA,no,no,NA,NA,NA,NA,no,no,NA,NA,NA,NA,no,no,NA,NA,NA,NA,no,NA,NA,NA
./ariba_amr_results/SRR6185829_trimmed/report.tsv,yes,yes,AMPH_Ecoli_Bla.89__AMPH_Ecoli_Bla__AMPH__615,98.7,28.6,no,no,no,NA,NA,NA,no,no,NA,NA,NA,no,no,NA,NA,NA,no,no,NA,NA,NA,NA,no,NA,NA,NA,NA,no,no,NA,NA,NA,NA,yes,yes,AmpC1_Ecoli_Bla.49__AmpC1_Ecoli_Bla__AmpC1__1670,98.16,19.1,yes,yes,yes,AmpC2_Ecoli_Bla.99__AmpC2_Ecoli_Bla__AmpC2__346,97.53,26.4,yes,no,no,NA,NA,NA,NA,no,no,NA,NA,NA,no,no,NA,NA,NA,no,NA,NA,NA,NA,no,NA,NA,NA,NA,no,no,NA,NA,NA,no,no,NA,NA,NA,no,no,NA,NA,NA,no,no,NA,NA,NA,no,no,NA,NA,NA,no,no,NA,NA,NA,no,no,NA,NA,NA,NA,no,no,NA,NA,NA,NA,yes,yes,MrdA_Bla.16__MrdA_Bla__MrdA__836,99.42,39.7,no,no,no,NA,NA,NA,no,no,NA,NA,NA,no,no,NA,NA,NA,no,no,NA,NA,NA,no,no,NA,NA,NA,NA,no,no,NA,NA,NA,NA,no,no,NA,NA,NA,NA,no,no,NA,NA,NA,no,no,NA,NA,NA,NA,no,no,NA,NA,NA,NA,no,no,NA,NA,NA,NA,no,NA,NA,NA
./ariba_amr_results/SRR6185855_trimmed/report.tsv,yes,yes,AMPH_Ecoli_Bla.89__AMPH_Ecoli_Bla__AMPH__615,98.88,29.8,yes,no,no,NA,NA,NA,no,no,NA,NA,NA,no,no,NA,NA,NA,no,no,NA,NA,NA,NA,no,NA,NA,NA,NA,no,no,NA,NA,NA,NA,yes,yes,AmpC1_Ecoli_Bla.49__AmpC1_Ecoli_Bla__AmpC1__1670,96.93,35.1,yes,yes,yes,AmpC2_Ecoli_Bla.99__AmpC2_Ecoli_Bla__AmpC2__346,98.77,27.3,yes,no,no,NA,NA,NA,NA,no,no,NA,NA,NA,no,no,NA,NA,NA,no,NA,NA,NA,NA,no,NA,NA,NA,NA,no,no,NA,NA,NA,no,no,NA,NA,NA,no,no,NA,NA,NA,no,no,NA,NA,NA,no,no,NA,NA,NA,no,no,NA,NA,NA,no,no,NA,NA,NA,NA,no,no,NA,NA,NA,NA,yes,yes,MrdA_Bla.16__MrdA_Bla__MrdA__836,99.74,43.7,no,no,no,NA,NA,NA,no,no,NA,NA,NA,no,no,NA,NA,NA,no,no,NA,NA,NA,no,no,NA,NA,NA,NA,no,no,NA,NA,NA,NA,no,no,NA,NA,NA,NA,no,no,NA,NA,NA,no,no,NA,NA,NA,NA,no,no,NA,NA,NA,NA,no,no,NA,NA,NA,NA,no,NA,NA,NA
./ariba_amr_results/SRR6324145_trimmed/report.tsv,yes,yes,AMPH_Ecoli_Bla.89__AMPH_Ecoli_Bla__AMPH__615,99.4,24.8,yes,no,no,NA,NA,NA,no,no,NA,NA,NA,no,no,NA,NA,NA,no,no,NA,NA,NA,NA,no,NA,NA,NA,NA,no,no,NA,NA,NA,NA,yes,yes,AmpC1_Ecoli_Bla.49__AmpC1_Ecoli_Bla__AmpC1__1670,96.93,18.0,yes,yes,yes,AmpC2_Ecoli_Bla.99__AmpC2_Ecoli_Bla__AmpC2__346,97.35,22.8,yes,no,no,NA,NA,NA,NA,no,no,NA,NA,NA,no,no,NA,NA,NA,no,NA,NA,NA,NA,no,NA,NA,NA,NA,no,no,NA,NA,NA,no,no,NA,NA,NA,no,no,NA,NA,NA,no,no,NA,NA,NA,no,no,NA,NA,NA,no,no,NA,NA,NA,no,no,NA,NA,NA,NA,no,no,NA,NA,NA,NA,yes,yes,MrdA_Bla.16__MrdA_Bla__MrdA__836,99.0,28.4,no,no,no,NA,NA,NA,no,no,NA,NA,NA,no,no,NA,NA,NA,no,no,NA,NA,NA,no,no,NA,NA,NA,NA,no,no,NA,NA,NA,NA,no,no,NA,NA,NA,NA,no,no,NA,NA,NA,no,no,NA,NA,NA,NA,no,no,NA,NA,NA,NA,no,no,NA,NA,NA,NA,no,NA,NA,NA
./ariba_amr_results/SRR6473156_trimmed/report.tsv,yes,yes,AMPH_Ecoli_Bla.89__AMPH_Ecoli_Bla__AMPH__615,99.4,50.3,yes,no,no,NA,NA,NA,no,no,NA,NA,NA,no,no,NA,NA,NA,no,no,NA,NA,NA,NA,no,NA,NA,NA,NA,no,no,NA,NA,NA,NA,yes,yes,AmpC1_Ecoli_Bla.49__AmpC1_Ecoli_Bla__AmpC1__1670,98.16,41.6,yes,yes,yes,AmpC2_Ecoli_Bla.99__AmpC2_Ecoli_Bla__AmpC2__346,97.71,44.7,yes,no,no,NA,NA,NA,NA,no,no,NA,NA,NA,no,no,NA,NA,NA,partial,CatBx_Phe.371__CatBx_Phe__CatB4__602,100.0,31.0,no,no,NA,NA,NA,NA,no,no,NA,NA,NA,no,no,NA,NA,NA,no,no,NA,NA,NA,no,no,NA,NA,NA,no,no,NA,NA,NA,no,no,NA,NA,NA,no,no,NA,NA,NA,NA,no,no,NA,NA,NA,NA,yes,yes,MrdA_Bla.16__MrdA_Bla__MrdA__836,99.42,53.9,no,no,no,NA,NA,NA,no,no,NA,NA,NA,no,no,NA,NA,NA,no,no,NA,NA,NA,yes,yes,StrA_AGly.263__StrA_AGly__StrA__1501,99.88,46.6,no,yes,yes,StrB_AGly.227__StrB_AGly__StrB__1614,100.0,60.9,no,yes,yes,SulII_Sul.256__SulII_Sul__SulII__1219,99.63,29.8,yes,no,no,NA,NA,NA,no,no,NA,NA,NA,NA,no,no,NA,NA,NA,NA,no,no,NA,NA,NA,NA,no,NA,NA,NA
./ariba_amr_results/SRR6473356_trimmed/report.tsv,yes,yes,AMPH_Ecoli_Bla.89__AMPH_Ecoli_Bla__AMPH__615,99.4,75.9,no,no,no,NA,NA,NA,no,no,NA,NA,NA,no,no,NA,NA,NA,no,no,NA,NA,NA,NA,no,NA,NA,NA,NA,no,no,NA,NA,NA,NA,yes,yes,AmpC1_Ecoli_Bla.49__AmpC1_Ecoli_Bla__AmpC1__1670,96.93,47.6,yes,yes,yes,AmpC2_Ecoli_Bla.99__AmpC2_Ecoli_Bla__AmpC2__346,97.35,53.1,yes,no,no,NA,NA,NA,NA,no,no,NA,NA,NA,no,no,NA,NA,NA,no,NA,NA,NA,NA,no,NA,NA,NA,NA,no,no,NA,NA,NA,no,no,NA,NA,NA,no,no,NA,NA,NA,no,no,NA,NA,NA,no,no,NA,NA,NA,no,no,NA,NA,NA,no,no,NA,NA,NA,NA,no,no,NA,NA,NA,NA,yes,yes,MrdA_Bla.16__MrdA_Bla__MrdA__836,99.0,70.3,no,no,no,NA,NA,NA,no,no,NA,NA,NA,no,no,NA,NA,NA,no,no,NA,NA,NA,no,no,NA,NA,NA,NA,no,no,NA,NA,NA,NA,no,no,NA,NA,NA,NA,no,no,NA,NA,NA,no,no,NA,NA,NA,NA,no,no,NA,NA,NA,NA,no,no,NA,NA,NA,NA,no,NA,NA,NA
./ariba_amr_results/SRR6816928_trimmed/report.tsv,yes,yes,AMPH_Ecoli_Bla.89__AMPH_Ecoli_Bla__AMPH__615,99.48,33.8,no,no,no,NA,NA,NA,no,no,NA,NA,NA,no,no,NA,NA,NA,no,no,NA,NA,NA,NA,no,NA,NA,NA,NA,no,no,NA,NA,NA,NA,yes,yes,AmpC1_Ecoli_Bla.49__AmpC1_Ecoli_Bla__AmpC1__1670,96.93,23.6,yes,yes,yes,AmpC2_Ecoli_Bla.99__AmpC2_Ecoli_Bla__AmpC2__346,97.35,28.7,yes,no,no,NA,NA,NA,NA,no,no,NA,NA,NA,no,no,NA,NA,NA,no,NA,NA,NA,NA,no,NA,NA,NA,NA,no,no,NA,NA,NA,no,no,NA,NA,NA,no,no,NA,NA,NA,no,no,NA,NA,NA,no,no,NA,NA,NA,no,no,NA,NA,NA,no,no,NA,NA,NA,NA,no,no,NA,NA,NA,NA,yes,yes,MrdA_Bla.16__MrdA_Bla__MrdA__836,99.0,35.7,no,no,no,NA,NA,NA,no,no,NA,NA,NA,no,no,NA,NA,NA,no,no,NA,NA,NA,no,no,NA,NA,NA,NA,no,no,NA,NA,NA,NA,no,no,NA,NA,NA,NA,no,no,NA,NA,NA,no,no,NA,NA,NA,NA,no,no,NA,NA,NA,NA,no,no,NA,NA,NA,NA,no,NA,NA,NA
./ariba_amr_results/SRR6816930_trimmed/report.tsv,yes,yes,AMPH_Ecoli_Bla.89__AMPH_Ecoli_Bla__AMPH__615,99.48,20.4,no,no,no,NA,NA,NA,no,no,NA,NA,NA,no,no,NA,NA,NA,no,no,NA,NA,NA,NA,no,NA,NA,NA,NA,no,no,NA,NA,NA,NA,yes,yes,AmpC1_Ecoli_Bla.49__AmpC1_Ecoli_Bla__AmpC1__1670,96.93,16.2,yes,interrupted,no,AmpC2_Ecoli_Bla.99__AmpC2_Ecoli_Bla__AmpC2__346,97.41,19.9,yes,no,no,NA,NA,NA,NA,no,no,NA,NA,NA,no,no,NA,NA,NA,no,NA,NA,NA,NA,no,NA,NA,NA,NA,no,no,NA,NA,NA,no,no,NA,NA,NA,no,no,NA,NA,NA,no,no,NA,NA,NA,no,no,NA,NA,NA,no,no,NA,NA,NA,no,no,NA,NA,NA,NA,no,no,NA,NA,NA,NA,yes,yes,MrdA_Bla.16__MrdA_Bla__MrdA__836,99.0,23.9,no,no,no,NA,NA,NA,no,no,NA,NA,NA,no,no,NA,NA,NA,no,no,NA,NA,NA,no,no,NA,NA,NA,NA,no,no,NA,NA,NA,NA,no,no,NA,NA,NA,NA,no,no,NA,NA,NA,no,no,NA,NA,NA,NA,no,no,NA,NA,NA,NA,no,no,NA,NA,NA,NA,no,NA,NA,NA
./ariba_amr_results/SRR6816942_trimmed/report.tsv,yes,yes,AMPH_Ecoli_Bla.89__AMPH_Ecoli_Bla__AMPH__615,99.48,81.4,no,no,no,NA,NA,NA,no,no,NA,NA,NA,no,no,NA,NA,NA,no,no,NA,NA,NA,NA,no,NA,NA,NA,NA,no,no,NA,NA,NA,NA,interrupted,no,AmpC1_Ecoli_Bla.49__AmpC1_Ecoli_Bla__AmpC1__1670,95.02,54.2,yes,yes,yes,AmpC2_Ecoli_Bla.99__AmpC2_Ecoli_Bla__AmpC2__346,97.35,63.5,yes,no,no,NA,NA,NA,NA,no,no,NA,NA,NA,no,no,NA,NA,NA,no,NA,NA,NA,NA,no,NA,NA,NA,NA,no,no,NA,NA,NA,no,no,NA,NA,NA,no,no,NA,NA,NA,no,no,NA,NA,NA,no,no,NA,NA,NA,no,no,NA,NA,NA,no,no,NA,NA,NA,NA,no,no,NA,NA,NA,NA,yes,yes,MrdA_Bla.16__MrdA_Bla__MrdA__836,99.0,89.1,no,no,no,NA,NA,NA,no,no,NA,NA,NA,no,no,NA,NA,NA,no,no,NA,NA,NA,no,no,NA,NA,NA,NA,no,no,NA,NA,NA,NA,no,no,NA,NA,NA,NA,no,no,NA,NA,NA,no,no,NA,NA,NA,NA,no,no,NA,NA,NA,NA,no,no,NA,NA,NA,NA,no,NA,NA,NA
./ariba_amr_results/SRR6825080_trimmed/report.tsv,yes,yes,AMPH_Ecoli_Bla.89__AMPH_Ecoli_Bla__AMPH__615,99.48,54.4,no,no,no,NA,NA,NA,no,no,NA,NA,NA,no,no,NA,NA,NA,no,no,NA,NA,NA,NA,no,NA,NA,NA,NA,no,no,NA,NA,NA,NA,yes,yes,AmpC1_Ecoli_Bla.49__AmpC1_Ecoli_Bla__AmpC1__1670,96.93,32.4,yes,yes,yes,AmpC2_Ecoli_Bla.99__AmpC2_Ecoli_Bla__AmpC2__346,97.35,42.7,yes,no,no,NA,NA,NA,NA,no,no,NA,NA,NA,no,no,NA,NA,NA,no,NA,NA,NA,NA,no,NA,NA,NA,NA,no,no,NA,NA,NA,no,no,NA,NA,NA,no,no,NA,NA,NA,no,no,NA,NA,NA,no,no,NA,NA,NA,no,no,NA,NA,NA,no,no,NA,NA,NA,NA,no,no,NA,NA,NA,NA,yes,yes,MrdA_Bla.16__MrdA_Bla__MrdA__836,99.0,61.5,no,no,no,NA,NA,NA,no,no,NA,NA,NA,no,no,NA,NA,NA,no,no,NA,NA,NA,no,no,NA,NA,NA,NA,no,no,NA,NA,NA,NA,no,no,NA,NA,NA,NA,no,no,NA,NA,NA,no,no,NA,NA,NA,NA,no,no,NA,NA,NA,NA,no,no,NA,NA,NA,NA,no,NA,NA,NA
./ariba_amr_results/SRR7163901_trimmed/report.tsv,yes,yes,AMPH_Ecoli_Bla.89__AMPH_Ecoli_Bla__AMPH__615,99.48,26.4,no,no,no,NA,NA,NA,no,no,NA,NA,NA,no,no,NA,NA,NA,no,no,NA,NA,NA,NA,no,NA,NA,NA,NA,no,no,NA,NA,NA,NA,yes,yes,AmpC1_Ecoli_Bla.49__AmpC1_Ecoli_Bla__AmpC1__1670,96.93,17.7,yes,yes,yes,AmpC2_Ecoli_Bla.99__AmpC2_Ecoli_Bla__AmpC2__346,97.35,25.9,yes,no,no,NA,NA,NA,NA,no,no,NA,NA,NA,no,no,NA,NA,NA,partial,CatBx_Phe.371__CatBx_Phe__CatB4__602,100.0,35.5,no,no,NA,NA,NA,NA,no,no,NA,NA,NA,no,no,NA,NA,NA,no,no,NA,NA,NA,no,no,NA,NA,NA,yes,yes,DfrA8_Tmt.416__DfrA8_Tmt__DfrA8__1079,100.0,24.9,no,no,NA,NA,NA,no,no,NA,NA,NA,NA,no,no,NA,NA,NA,NA,yes,yes,MrdA_Bla.16__MrdA_Bla__MrdA__836,99.0,32.0,no,no,no,NA,NA,NA,no,no,NA,NA,NA,no,no,NA,NA,NA,no,no,NA,NA,NA,yes,yes,StrA_AGly.263__StrA_AGly__StrA__1501,99.88,23.5,no,yes,yes,StrB_AGly.227__StrB_AGly__StrB__1614,100.0,26.3,no,yes,yes,SulII_Sul.256__SulII_Sul__SulII__1219,99.63,19.4,yes,no,no,NA,NA,NA,yes,yes,TEM_1D_Bla.205__TEM_1D_Bla__TEM_95__948,99.88,37.2,yes,yes,yes,TetA_Tet.52__TetA_Tet__TetA__1545,100.0,24.0,no,no,no,NA,NA,NA,NA,no,NA,NA,NA
./ariba_amr_results/SRR7163914_trimmed/report.tsv,yes,yes,AMPH_Ecoli_Bla.89__AMPH_Ecoli_Bla__AMPH__615,99.48,20.4,no,no,no,NA,NA,NA,no,no,NA,NA,NA,no,no,NA,NA,NA,no,no,NA,NA,NA,NA,no,NA,NA,NA,NA,no,no,NA,NA,NA,NA,yes,yes,AmpC1_Ecoli_Bla.49__AmpC1_Ecoli_Bla__AmpC1__1670,96.93,14.4,yes,yes,yes,AmpC2_Ecoli_Bla.99__AmpC2_Ecoli_Bla__AmpC2__346,97.35,18.6,yes,no,no,NA,NA,NA,NA,no,no,NA,NA,NA,no,no,NA,NA,NA,no,NA,NA,NA,NA,no,NA,NA,NA,NA,no,no,NA,NA,NA,no,no,NA,NA,NA,no,no,NA,NA,NA,no,no,NA,NA,NA,no,no,NA,NA,NA,no,no,NA,NA,NA,no,no,NA,NA,NA,NA,no,no,NA,NA,NA,NA,yes,yes,MrdA_Bla.16__MrdA_Bla__MrdA__836,99.0,23.0,no,no,no,NA,NA,NA,no,no,NA,NA,NA,no,no,NA,NA,NA,no,no,NA,NA,NA,no,no,NA,NA,NA,NA,no,no,NA,NA,NA,NA,no,no,NA,NA,NA,NA,no,no,NA,NA,NA,no,no,NA,NA,NA,NA,no,no,NA,NA,NA,NA,no,no,NA,NA,NA,NA,no,NA,NA,NA
./ariba_amr_results/SRR7163926_trimmed/report.tsv,yes,yes,AMPH_Ecoli_Bla.89__AMPH_Ecoli_Bla__AMPH__615,99.48,57.5,no,no,no,NA,NA,NA,no,no,NA,NA,NA,no,no,NA,NA,NA,no,no,NA,NA,NA,NA,no,NA,NA,NA,NA,no,no,NA,NA,NA,NA,yes,yes,AmpC1_Ecoli_Bla.49__AmpC1_Ecoli_Bla__AmpC1__1670,96.93,37.2,yes,yes,yes,AmpC2_Ecoli_Bla.99__AmpC2_Ecoli_Bla__AmpC2__346,97.35,49.0,yes,no,no,NA,NA,NA,NA,no,no,NA,NA,NA,no,no,NA,NA,NA,no,NA,NA,NA,NA,no,NA,NA,NA,NA,no,no,NA,NA,NA,no,no,NA,NA,NA,no,no,NA,NA,NA,no,no,NA,NA,NA,no,no,NA,NA,NA,no,no,NA,NA,NA,no,no,NA,NA,NA,NA,no,no,NA,NA,NA,NA,yes,yes,MrdA_Bla.16__MrdA_Bla__MrdA__836,99.0,62.6,no,no,no,NA,NA,NA,no,no,NA,NA,NA,no,no,NA,NA,NA,no,no,NA,NA,NA,no,no,NA,NA,NA,NA,no,no,NA,NA,NA,NA,no,no,NA,NA,NA,NA,no,no,NA,NA,NA,no,no,NA,NA,NA,NA,no,no,NA,NA,NA,NA,no,no,NA,NA,NA,NA,no,NA,NA,NA
./ariba_amr_results/SRR7163938_trimmed/report.tsv,yes,yes,AMPH_Ecoli_Bla.89__AMPH_Ecoli_Bla__AMPH__615,99.14,27.9,no,yes_nonunique,yes,Aac3_IIa_AGly.203__Aac3_IIa_AGly__Aac3_IId__884,99.88,42.8,no,no,NA,NA,NA,no,no,NA,NA,NA,no,no,NA,NA,NA,NA,no,NA,NA,NA,NA,no,no,NA,NA,NA,NA,yes,yes,AmpC1_Ecoli_Bla.49__AmpC1_Ecoli_Bla__AmpC1__1670,94.72,16.0,yes,yes,yes,AmpC2_Ecoli_Bla.99__AmpC2_Ecoli_Bla__AmpC2__346,97.8,30.1,yes,yes,yes,Aph3__Ia_AGly.251__Aph3__Ia_AGly__Aph3__Ia__1217,99.39,30.8,yes,no,no,NA,NA,NA,no,no,NA,NA,NA,partial,CatBx_Phe.371__CatBx_Phe__CatB4__602,100.0,17.5,no,no,NA,NA,NA,NA,no,no,NA,NA,NA,no,no,NA,NA,NA,no,no,NA,NA,NA,no,no,NA,NA,NA,no,no,NA,NA,NA,no,no,NA,NA,NA,no,no,NA,NA,NA,NA,no,no,NA,NA,NA,NA,yes,yes,MrdA_Bla.16__MrdA_Bla__MrdA__836,99.21,31.6,no,no,no,NA,NA,NA,no,no,NA,NA,NA,no,no,NA,NA,NA,no,no,NA,NA,NA,yes,yes,StrA_AGly.263__StrA_AGly__StrA__1501,99.75,20.7,yes,yes,yes,StrB_AGly.227__StrB_AGly__StrB__1614,100.0,30.2,no,yes,yes,SulII_Sul.256__SulII_Sul__SulII__1219,99.88,19.4,no,no,no,NA,NA,NA,yes,yes,TEM_1D_Bla.205__TEM_1D_Bla__TEM_95__948,99.88,43.3,yes,no,no,NA,NA,NA,NA,yes,yes,TetB_Tet.67__TetB_Tet__TetB__1213,99.67,36.5,yes,no,NA,NA,NA
./ariba_amr_results/SRR7163946_trimmed/report.tsv,yes,yes,AMPH_Ecoli_Bla.89__AMPH_Ecoli_Bla__AMPH__615,97.24,40.3,yes,no,no,NA,NA,NA,no,no,NA,NA,NA,no,no,NA,NA,NA,no,no,NA,NA,NA,NA,no,NA,NA,NA,NA,no,no,NA,NA,NA,NA,no,no,NA,NA,NA,NA,yes,yes,AmpC2_Ecoli_Bla.99__AmpC2_Ecoli_Bla__AmpC2__346,98.06,46.1,yes,no,no,NA,NA,NA,NA,no,no,NA,NA,NA,no,no,NA,NA,NA,partial,CatBx_Phe.371__CatBx_Phe__CatB4__602,100.0,44.4,no,no,NA,NA,NA,NA,no,no,NA,NA,NA,no,no,NA,NA,NA,no,no,NA,NA,NA,no,no,NA,NA,NA,no,no,NA,NA,NA,no,no,NA,NA,NA,no,no,NA,NA,NA,NA,no,no,NA,NA,NA,NA,yes,yes,MrdA_Bla.16__MrdA_Bla__MrdA__836,98.37,37.0,no,no,no,NA,NA,NA,no,no,NA,NA,NA,no,no,NA,NA,NA,no,no,NA,NA,NA,yes,yes,StrA_AGly.263__StrA_AGly__StrA__1501,99.88,38.4,no,yes,yes,StrB_AGly.227__StrB_AGly__StrB__1614,100.0,39.6,no,yes,yes,SulII_Sul.256__SulII_Sul__SulII__1219,100.0,35.3,no,no,no,NA,NA,NA,yes,yes,TEM_1D_Bla.205__TEM_1D_Bla__TEM_95__948,99.88,55.0,yes,yes,yes,TetA_Tet.52__TetA_Tet__TetA__1545,100.0,41.7,no,no,no,NA,NA,NA,NA,no,NA,NA,NA
./ariba_amr_results/SRR7167524_trimmed/report.tsv,yes,yes,AMPH_Ecoli_Bla.89__AMPH_Ecoli_Bla__AMPH__615,98.79,55.7,no,no,no,NA,NA,NA,no,no,NA,NA,NA,no,no,NA,NA,NA,no,no,NA,NA,NA,NA,no,NA,NA,NA,NA,no,no,NA,NA,NA,NA,yes,yes,AmpC1_Ecoli_Bla.49__AmpC1_Ecoli_Bla__AmpC1__1670,98.16,41.5,yes,yes,yes,AmpC2_Ecoli_Bla.99__AmpC2_Ecoli_Bla__AmpC2__346,97.62,51.2,yes,no,no,NA,NA,NA,NA,no,no,NA,NA,NA,no,no,NA,NA,NA,no,NA,NA,NA,NA,no,NA,NA,NA,NA,no,no,NA,NA,NA,no,no,NA,NA,NA,no,no,NA,NA,NA,no,no,NA,NA,NA,no,no,NA,NA,NA,no,no,NA,NA,NA,no,no,NA,NA,NA,NA,no,no,NA,NA,NA,NA,yes,yes,MrdA_Bla.16__MrdA_Bla__MrdA__836,99.37,55.4,no,no,no,NA,NA,NA,no,no,NA,NA,NA,no,no,NA,NA,NA,no,no,NA,NA,NA,no,no,NA,NA,NA,NA,no,no,NA,NA,NA,NA,no,no,NA,NA,NA,NA,no,no,NA,NA,NA,no,no,NA,NA,NA,NA,no,no,NA,NA,NA,NA,no,no,NA,NA,NA,NA,no,NA,NA,NA
./ariba_amr_results/SRR7167525_trimmed/report.tsv,yes,yes,AMPH_Ecoli_Bla.89__AMPH_Ecoli_Bla__AMPH__615,99.48,49.2,no,no,no,NA,NA,NA,no,no,NA,NA,NA,no,no,NA,NA,NA,no,no,NA,NA,NA,NA,no,NA,NA,NA,NA,no,no,NA,NA,NA,NA,yes,yes,AmpC1_Ecoli_Bla.49__AmpC1_Ecoli_Bla__AmpC1__1670,96.93,28.6,yes,yes,yes,AmpC2_Ecoli_Bla.99__AmpC2_Ecoli_Bla__AmpC2__346,97.35,35.3,yes,no,no,NA,NA,NA,NA,no,no,NA,NA,NA,no,no,NA,NA,NA,partial,CatBx_Phe.371__CatBx_Phe__CatB4__602,100.0,43.3,no,no,NA,NA,NA,NA,no,no,NA,NA,NA,no,no,NA,NA,NA,no,no,NA,NA,NA,no,no,NA,NA,NA,no,no,NA,NA,NA,no,no,NA,NA,NA,no,no,NA,NA,NA,NA,no,no,NA,NA,NA,NA,yes,yes,MrdA_Bla.16__MrdA_Bla__MrdA__836,99.0,50.5,no,no,no,NA,NA,NA,no,no,NA,NA,NA,no,no,NA,NA,NA,no,no,NA,NA,NA,yes,yes,StrA_AGly.263__StrA_AGly__StrA__1501,99.88,33.7,no,yes,yes,StrB_AGly.227__StrB_AGly__StrB__1614,100.0,46.4,no,yes,yes,SulII_Sul.256__SulII_Sul__SulII__1219,99.63,27.2,yes,no,no,NA,NA,NA,yes,yes,TEM_1D_Bla.205__TEM_1D_Bla__TEM_95__948,99.88,40.5,yes,yes,yes,TetA_Tet.52__TetA_Tet__TetA__1545,100.0,30.7,no,no,no,NA,NA,NA,NA,no,NA,NA,NA
./ariba_amr_results/SRR7186937_trimmed/report.tsv,yes,yes,AMPH_Ecoli_Bla.89__AMPH_Ecoli_Bla__AMPH__615,99.48,40.5,no,no,no,NA,NA,NA,no,no,NA,NA,NA,no,no,NA,NA,NA,no,no,NA,NA,NA,NA,no,NA,NA,NA,NA,no,no,NA,NA,NA,NA,yes,yes,AmpC1_Ecoli_Bla.49__AmpC1_Ecoli_Bla__AmpC1__1670,96.93,25.8,yes,yes,yes,AmpC2_Ecoli_Bla.99__AmpC2_Ecoli_Bla__AmpC2__346,97.35,38.7,yes,no,no,NA,NA,NA,NA,no,no,NA,NA,NA,no,no,NA,NA,NA,no,NA,NA,NA,NA,no,NA,NA,NA,NA,no,no,NA,NA,NA,no,no,NA,NA,NA,no,no,NA,NA,NA,no,no,NA,NA,NA,no,no,NA,NA,NA,no,no,NA,NA,NA,no,no,NA,NA,NA,NA,no,no,NA,NA,NA,NA,yes,yes,MrdA_Bla.16__MrdA_Bla__MrdA__836,99.0,46.0,no,no,no,NA,NA,NA,no,no,NA,NA,NA,no,no,NA,NA,NA,no,no,NA,NA,NA,no,no,NA,NA,NA,NA,no,no,NA,NA,NA,NA,no,no,NA,NA,NA,NA,no,no,NA,NA,NA,no,no,NA,NA,NA,NA,no,no,NA,NA,NA,NA,no,no,NA,NA,NA,NA,no,NA,NA,NA
./ariba_amr_results/SRR7186964_trimmed/report.tsv,yes,yes,AMPH_Ecoli_Bla.89__AMPH_Ecoli_Bla__AMPH__615,100.0,49.9,no,no,no,NA,NA,NA,no,no,NA,NA,NA,no,no,NA,NA,NA,no,no,NA,NA,NA,NA,no,NA,NA,NA,NA,no,no,NA,NA,NA,NA,yes,yes,AmpC1_Ecoli_Bla.49__AmpC1_Ecoli_Bla__AmpC1__1670,100.0,38.0,no,yes,yes,AmpC2_Ecoli_Bla.99__AmpC2_Ecoli_Bla__AmpC2__346,100.0,42.1,no,no,no,NA,NA,NA,NA,no,no,NA,NA,NA,no,no,NA,NA,NA,partial,CatBx_Phe.371__CatBx_Phe__CatB4__602,100.0,44.6,no,no,NA,NA,NA,NA,no,no,NA,NA,NA,no,no,NA,NA,NA,yes,yes,DfrA5_Tmt.431__DfrA5_Tmt__DfrA5__324,100.0,137.4,no,no,NA,NA,NA,no,no,NA,NA,NA,no,no,NA,NA,NA,no,no,NA,NA,NA,NA,no,no,NA,NA,NA,NA,yes,yes,MrdA_Bla.16__MrdA_Bla__MrdA__836,100.0,52.3,no,no,no,NA,NA,NA,no,no,NA,NA,NA,no,no,NA,NA,NA,no,no,NA,NA,NA,no,no,NA,NA,NA,NA,no,no,NA,NA,NA,NA,no,no,NA,NA,NA,NA,yes,yes,SulI_Sul.225__SulI_Sul__SulI__1616,100.0,77.5,no,no,NA,NA,NA,NA,no,no,NA,NA,NA,NA,no,no,NA,NA,NA,NA,no,NA,NA,NA
./ariba_amr_results/SRR7187768_trimmed/report.tsv,yes,yes,AMPH_Ecoli_Bla.89__AMPH_Ecoli_Bla__AMPH__615,99.48,33.5,no,no,no,NA,NA,NA,no,no,NA,NA,NA,no,no,NA,NA,NA,no,no,NA,NA,NA,NA,no,NA,NA,NA,NA,no,no,NA,NA,NA,NA,yes,yes,AmpC1_Ecoli_Bla.49__AmpC1_Ecoli_Bla__AmpC1__1670,96.93,20.2,yes,yes,yes,AmpC2_Ecoli_Bla.99__AmpC2_Ecoli_Bla__AmpC2__346,97.35,31.0,yes,no,no,NA,NA,NA,NA,no,no,NA,NA,NA,no,no,NA,NA,NA,no,NA,NA,NA,NA,no,NA,NA,NA,NA,no,no,NA,NA,NA,no,no,NA,NA,NA,no,no,NA,NA,NA,no,no,NA,NA,NA,no,no,NA,NA,NA,no,no,NA,NA,NA,no,no,NA,NA,NA,NA,no,no,NA,NA,NA,NA,yes,yes,MrdA_Bla.16__MrdA_Bla__MrdA__836,99.0,35.1,no,no,no,NA,NA,NA,no,no,NA,NA,NA,no,no,NA,NA,NA,no,no,NA,NA,NA,no,no,NA,NA,NA,NA,no,no,NA,NA,NA,NA,no,no,NA,NA,NA,NA,no,no,NA,NA,NA,no,no,NA,NA,NA,NA,no,no,NA,NA,NA,NA,no,no,NA,NA,NA,NA,no,NA,NA,NA
./ariba_amr_results/SRR7187785_trimmed/report.tsv,yes,yes,AMPH_Ecoli_Bla.89__AMPH_Ecoli_Bla__AMPH__615,99.48,36.1,no,no,no,NA,NA,NA,no,no,NA,NA,NA,no,no,NA,NA,NA,no,no,NA,NA,NA,NA,no,NA,NA,NA,NA,no,no,NA,NA,NA,NA,yes,yes,AmpC1_Ecoli_Bla.49__AmpC1_Ecoli_Bla__AmpC1__1670,96.93,27.7,yes,yes,yes,AmpC2_Ecoli_Bla.99__AmpC2_Ecoli_Bla__AmpC2__346,97.27,26.8,yes,no,no,NA,NA,NA,NA,no,no,NA,NA,NA,no,no,NA,NA,NA,no,NA,NA,NA,NA,no,NA,NA,NA,NA,no,no,NA,NA,NA,no,no,NA,NA,NA,no,no,NA,NA,NA,no,no,NA,NA,NA,no,no,NA,NA,NA,no,no,NA,NA,NA,no,no,NA,NA,NA,NA,no,no,NA,NA,NA,NA,yes,yes,MrdA_Bla.16__MrdA_Bla__MrdA__836,99.0,46.9,no,no,no,NA,NA,NA,no,no,NA,NA,NA,no,no,NA,NA,NA,no,no,NA,NA,NA,no,no,NA,NA,NA,NA,no,no,NA,NA,NA,NA,no,no,NA,NA,NA,NA,no,no,NA,NA,NA,no,no,NA,NA,NA,NA,no,no,NA,NA,NA,NA,no,no,NA,NA,NA,NA,no,NA,NA,NA
./ariba_amr_results/SRR7187823_trimmed/report.tsv,yes,yes,AMPH_Ecoli_Bla.89__AMPH_Ecoli_Bla__AMPH__615,99.48,28.2,no,no,no,NA,NA,NA,no,no,NA,NA,NA,no,no,NA,NA,NA,no,no,NA,NA,NA,NA,no,NA,NA,NA,NA,no,no,NA,NA,NA,NA,yes,yes,AmpC1_Ecoli_Bla.49__AmpC1_Ecoli_Bla__AmpC1__1670,96.93,17.8,yes,yes,yes,AmpC2_Ecoli_Bla.99__AmpC2_Ecoli_Bla__AmpC2__346,97.35,23.7,yes,no,no,NA,NA,NA,NA,no,no,NA,NA,NA,no,no,NA,NA,NA,no,NA,NA,NA,NA,no,NA,NA,NA,NA,no,no,NA,NA,NA,no,no,NA,NA,NA,no,no,NA,NA,NA,no,no,NA,NA,NA,no,no,NA,NA,NA,no,no,NA,NA,NA,no,no,NA,NA,NA,NA,no,no,NA,NA,NA,NA,yes,yes,MrdA_Bla.16__MrdA_Bla__MrdA__836,99.0,32.6,no,no,no,NA,NA,NA,no,no,NA,NA,NA,no,no,NA,NA,NA,no,no,NA,NA,NA,no,no,NA,NA,NA,NA,no,no,NA,NA,NA,NA,no,no,NA,NA,NA,NA,no,no,NA,NA,NA,no,no,NA,NA,NA,NA,no,no,NA,NA,NA,NA,no,no,NA,NA,NA,NA,no,NA,NA,NA
./ariba_amr_results/SRR7209038_trimmed/report.tsv,yes,yes,AMPH_Ecoli_Bla.89__AMPH_Ecoli_Bla__AMPH__615,98.7,33.9,no,no,no,NA,NA,NA,no,no,NA,NA,NA,no,no,NA,NA,NA,no,no,NA,NA,NA,NA,no,NA,NA,NA,NA,no,no,NA,NA,NA,NA,yes,yes,AmpC1_Ecoli_Bla.49__AmpC1_Ecoli_Bla__AmpC1__1670,98.24,24.1,yes,yes,yes,AmpC2_Ecoli_Bla.99__AmpC2_Ecoli_Bla__AmpC2__346,97.62,34.2,yes,no,no,NA,NA,NA,NA,no,no,NA,NA,NA,no,no,NA,NA,NA,no,NA,NA,NA,NA,no,NA,NA,NA,NA,no,no,NA,NA,NA,no,no,NA,NA,NA,no,no,NA,NA,NA,no,no,NA,NA,NA,no,no,NA,NA,NA,no,no,NA,NA,NA,no,no,NA,NA,NA,NA,no,no,NA,NA,NA,NA,yes,yes,MrdA_Bla.16__MrdA_Bla__MrdA__836,98.69,35.8,no,no,no,NA,NA,NA,no,no,NA,NA,NA,no,no,NA,NA,NA,no,no,NA,NA,NA,no,no,NA,NA,NA,NA,no,no,NA,NA,NA,NA,no,no,NA,NA,NA,NA,no,no,NA,NA,NA,no,no,NA,NA,NA,NA,no,no,NA,NA,NA,NA,no,no,NA,NA,NA,NA,no,NA,NA,NA
./ariba_amr_results/SRR7215505_trimmed/report.tsv,yes,yes,AMPH_Ecoli_Bla.89__AMPH_Ecoli_Bla__AMPH__615,99.48,52.6,no,no,no,NA,NA,NA,no,no,NA,NA,NA,no,no,NA,NA,NA,no,no,NA,NA,NA,NA,no,NA,NA,NA,NA,no,no,NA,NA,NA,NA,yes,yes,AmpC1_Ecoli_Bla.49__AmpC1_Ecoli_Bla__AmpC1__1670,96.93,35.3,yes,yes,yes,AmpC2_Ecoli_Bla.99__AmpC2_Ecoli_Bla__AmpC2__346,97.35,44.1,yes,no,no,NA,NA,NA,NA,no,no,NA,NA,NA,no,no,NA,NA,NA,no,NA,NA,NA,NA,no,NA,NA,NA,NA,no,no,NA,NA,NA,no,no,NA,NA,NA,no,no,NA,NA,NA,no,no,NA,NA,NA,no,no,NA,NA,NA,no,no,NA,NA,NA,no,no,NA,NA,NA,NA,no,no,NA,NA,NA,NA,yes,yes,MrdA_Bla.16__MrdA_Bla__MrdA__836,99.0,60.7,no,no,no,NA,NA,NA,no,no,NA,NA,NA,no,no,NA,NA,NA,no,no,NA,NA,NA,no,no,NA,NA,NA,NA,no,no,NA,NA,NA,NA,no,no,NA,NA,NA,NA,no,no,NA,NA,NA,no,no,NA,NA,NA,NA,no,no,NA,NA,NA,NA,no,no,NA,NA,NA,NA,no,NA,NA,NA
./ariba_amr_results/SRR7215523_trimmed/report.tsv,yes,yes,AMPH_Ecoli_Bla.89__AMPH_Ecoli_Bla__AMPH__615,100.0,33.1,no,no,no,NA,NA,NA,no,no,NA,NA,NA,no,no,NA,NA,NA,no,no,NA,NA,NA,NA,no,NA,NA,NA,NA,no,no,NA,NA,NA,NA,yes,yes,AmpC1_Ecoli_Bla.49__AmpC1_Ecoli_Bla__AmpC1__1670,100.0,31.7,no,yes,yes,AmpC2_Ecoli_Bla.99__AmpC2_Ecoli_Bla__AmpC2__346,100.0,37.8,no,no,no,NA,NA,NA,NA,no,no,NA,NA,NA,no,no,NA,NA,NA,no,NA,NA,NA,NA,no,NA,NA,NA,NA,no,no,NA,NA,NA,no,no,NA,NA,NA,no,no,NA,NA,NA,no,no,NA,NA,NA,no,no,NA,NA,NA,no,no,NA,NA,NA,no,no,NA,NA,NA,NA,no,no,NA,NA,NA,NA,yes,yes,MrdA_Bla.16__MrdA_Bla__MrdA__836,100.0,46.5,no,no,no,NA,NA,NA,no,no,NA,NA,NA,no,no,NA,NA,NA,no,no,NA,NA,NA,no,no,NA,NA,NA,NA,no,no,NA,NA,NA,NA,no,no,NA,NA,NA,NA,no,no,NA,NA,NA,no,no,NA,NA,NA,NA,no,no,NA,NA,NA,NA,no,no,NA,NA,NA,NA,no,NA,NA,NA
./ariba_amr_results/SRR7215958_trimmed/report.tsv,yes,yes,AMPH_Ecoli_Bla.89__AMPH_Ecoli_Bla__AMPH__615,99.05,47.4,yes,no,no,NA,NA,NA,no,no,NA,NA,NA,no,no,NA,NA,NA,no,no,NA,NA,NA,NA,no,NA,NA,NA,NA,no,no,NA,NA,NA,NA,yes,yes,AmpC1_Ecoli_Bla.49__AmpC1_Ecoli_Bla__AmpC1__1670,98.08,28.6,yes,yes,yes,AmpC2_Ecoli_Bla.99__AmpC2_Ecoli_Bla__AmpC2__346,97.71,55.7,yes,no,no,NA,NA,NA,NA,no,no,NA,NA,NA,no,no,NA,NA,NA,no,NA,NA,NA,NA,no,NA,NA,NA,NA,no,no,NA,NA,NA,no,no,NA,NA,NA,no,no,NA,NA,NA,no,no,NA,NA,NA,no,no,NA,NA,NA,no,no,NA,NA,NA,no,no,NA,NA,NA,NA,no,no,NA,NA,NA,NA,yes,yes,MrdA_Bla.16__MrdA_Bla__MrdA__836,98.69,55.6,no,no,no,NA,NA,NA,no,no,NA,NA,NA,no,no,NA,NA,NA,no,no,NA,NA,NA,no,no,NA,NA,NA,NA,no,no,NA,NA,NA,NA,no,no,NA,NA,NA,NA,no,no,NA,NA,NA,no,no,NA,NA,NA,NA,no,no,NA,NA,NA,NA,no,no,NA,NA,NA,NA,no,NA,NA,NA
./ariba_amr_results/SRR7230313_trimmed/report.tsv,yes,yes,AMPH_Ecoli_Bla.89__AMPH_Ecoli_Bla__AMPH__615,99.48,21.7,no,no,no,NA,NA,NA,no,no,NA,NA,NA,no,no,NA,NA,NA,no,no,NA,NA,NA,NA,no,NA,NA,NA,NA,no,no,NA,NA,NA,NA,yes,yes,AmpC1_Ecoli_Bla.49__AmpC1_Ecoli_Bla__AmpC1__1670,96.93,19.6,yes,yes,yes,AmpC2_Ecoli_Bla.99__AmpC2_Ecoli_Bla__AmpC2__346,97.35,28.1,yes,no,no,NA,NA,NA,NA,no,no,NA,NA,NA,no,no,NA,NA,NA,no,NA,NA,NA,NA,no,NA,NA,NA,NA,no,no,NA,NA,NA,no,no,NA,NA,NA,no,no,NA,NA,NA,no,no,NA,NA,NA,no,no,NA,NA,NA,no,no,NA,NA,NA,no,no,NA,NA,NA,NA,no,no,NA,NA,NA,NA,yes,yes,MrdA_Bla.16__MrdA_Bla__MrdA__836,99.0,26.4,no,no,no,NA,NA,NA,no,no,NA,NA,NA,no,no,NA,NA,NA,no,no,NA,NA,NA,no,no,NA,NA,NA,NA,no,no,NA,NA,NA,NA,no,no,NA,NA,NA,NA,no,no,NA,NA,NA,no,no,NA,NA,NA,NA,no,no,NA,NA,NA,NA,no,no,NA,NA,NA,NA,no,NA,NA,NA
./ariba_amr_results/SRR7230339_trimmed/report.tsv,yes,yes,AMPH_Ecoli_Bla.89__AMPH_Ecoli_Bla__AMPH__615,98.7,32.6,no,no,no,NA,NA,NA,no,no,NA,NA,NA,no,no,NA,NA,NA,no,no,NA,NA,NA,NA,no,NA,NA,NA,NA,no,no,NA,NA,NA,NA,yes,yes,AmpC1_Ecoli_Bla.49__AmpC1_Ecoli_Bla__AmpC1__1670,98.16,24.0,yes,yes,yes,AmpC2_Ecoli_Bla.99__AmpC2_Ecoli_Bla__AmpC2__346,97.71,29.6,yes,no,no,NA,NA,NA,NA,no,no,NA,NA,NA,no,no,NA,NA,NA,no,NA,NA,NA,NA,no,NA,NA,NA,NA,no,no,NA,NA,NA,no,no,NA,NA,NA,no,no,NA,NA,NA,no,no,NA,NA,NA,no,no,NA,NA,NA,no,no,NA,NA,NA,no,no,NA,NA,NA,NA,no,no,NA,NA,NA,NA,yes,yes,MrdA_Bla.16__MrdA_Bla__MrdA__836,99.0,38.0,no,no,no,NA,NA,NA,no,no,NA,NA,NA,no,no,NA,NA,NA,no,no,NA,NA,NA,no,no,NA,NA,NA,NA,no,no,NA,NA,NA,NA,no,no,NA,NA,NA,NA,no,no,NA,NA,NA,no,no,NA,NA,NA,NA,no,no,NA,NA,NA,NA,no,no,NA,NA,NA,NA,no,NA,NA,NA
./ariba_amr_results/SRR7265866_trimmed/report.tsv,yes,yes,AMPH_Ecoli_Bla.89__AMPH_Ecoli_Bla__AMPH__615,99.48,63.2,no,no,no,NA,NA,NA,no,no,NA,NA,NA,no,no,NA,NA,NA,no,no,NA,NA,NA,NA,no,NA,NA,NA,NA,no,no,NA,NA,NA,NA,yes,yes,AmpC1_Ecoli_Bla.49__AmpC1_Ecoli_Bla__AmpC1__1670,96.93,37.9,yes,yes,yes,AmpC2_Ecoli_Bla.99__AmpC2_Ecoli_Bla__AmpC2__346,97.35,63.4,yes,no,no,NA,NA,NA,NA,no,no,NA,NA,NA,no,no,NA,NA,NA,no,NA,NA,NA,NA,no,NA,NA,NA,NA,no,no,NA,NA,NA,no,no,NA,NA,NA,no,no,NA,NA,NA,no,no,NA,NA,NA,no,no,NA,NA,NA,no,no,NA,NA,NA,no,no,NA,NA,NA,NA,no,no,NA,NA,NA,NA,yes,yes,MrdA_Bla.16__MrdA_Bla__MrdA__836,99.0,72.0,no,no,no,NA,NA,NA,no,no,NA,NA,NA,no,no,NA,NA,NA,no,no,NA,NA,NA,no,no,NA,NA,NA,NA,no,no,NA,NA,NA,NA,no,no,NA,NA,NA,NA,no,no,NA,NA,NA,no,no,NA,NA,NA,NA,no,no,NA,NA,NA,NA,no,no,NA,NA,NA,NA,no,NA,NA,NA
./ariba_amr_results/SRR7274800_trimmed/report.tsv,yes,yes,AMPH_Ecoli_Bla.89__AMPH_Ecoli_Bla__AMPH__615,99.48,64.7,no,no,no,NA,NA,NA,no,no,NA,NA,NA,no,no,NA,NA,NA,no,no,NA,NA,NA,NA,no,NA,NA,NA,NA,no,no,NA,NA,NA,NA,yes,yes,AmpC1_Ecoli_Bla.49__AmpC1_Ecoli_Bla__AmpC1__1670,96.93,39.6,yes,yes,yes,AmpC2_Ecoli_Bla.99__AmpC2_Ecoli_Bla__AmpC2__346,97.35,51.0,yes,no,no,NA,NA,NA,NA,no,no,NA,NA,NA,no,no,NA,NA,NA,no,NA,NA,NA,NA,no,NA,NA,NA,NA,no,no,NA,NA,NA,no,no,NA,NA,NA,no,no,NA,NA,NA,no,no,NA,NA,NA,no,no,NA,NA,NA,no,no,NA,NA,NA,no,no,NA,NA,NA,NA,no,no,NA,NA,NA,NA,yes,yes,MrdA_Bla.16__MrdA_Bla__MrdA__836,99.0,69.6,no,no,no,NA,NA,NA,no,no,NA,NA,NA,no,no,NA,NA,NA,no,no,NA,NA,NA,no,no,NA,NA,NA,NA,no,no,NA,NA,NA,NA,no,no,NA,NA,NA,NA,no,no,NA,NA,NA,no,no,NA,NA,NA,NA,no,no,NA,NA,NA,NA,no,no,NA,NA,NA,NA,no,NA,NA,NA
./ariba_amr_results/SRR7277746_trimmed/report.tsv,yes,yes,AMPH_Ecoli_Bla.89__AMPH_Ecoli_Bla__AMPH__615,99.4,22.4,yes,no,no,NA,NA,NA,no,no,NA,NA,NA,no,no,NA,NA,NA,no,no,NA,NA,NA,NA,no,NA,NA,NA,NA,no,no,NA,NA,NA,NA,yes,yes,AmpC1_Ecoli_Bla.49__AmpC1_Ecoli_Bla__AmpC1__1670,98.16,14.7,yes,yes,yes,AmpC2_Ecoli_Bla.99__AmpC2_Ecoli_Bla__AmpC2__346,97.71,28.0,yes,no,no,NA,NA,NA,NA,yes,yes,CTX_M_1_Bla.193__CTX_M_1_Bla__CTX_M_15__150,100.0,15.5,no,no,NA,NA,NA,partial,CatBx_Phe.371__CatBx_Phe__CatB4__602,100.0,14.5,no,no,NA,NA,NA,NA,no,no,NA,NA,NA,no,no,NA,NA,NA,no,no,NA,NA,NA,no,no,NA,NA,NA,no,no,NA,NA,NA,no,no,NA,NA,NA,no,no,NA,NA,NA,NA,no,no,NA,NA,NA,NA,yes,yes,MrdA_Bla.16__MrdA_Bla__MrdA__836,99.42,25.1,no,no,no,NA,NA,NA,no,no,NA,NA,NA,yes,yes,Qnr_S_Flq.357__Qnr_S_Flq__Qnr_S1__1455,100.0,19.8,no,no,NA,NA,NA,no,no,NA,NA,NA,NA,no,no,NA,NA,NA,NA,no,no,NA,NA,NA,NA,no,no,NA,NA,NA,no,no,NA,NA,NA,NA,no,no,NA,NA,NA,NA,no,no,NA,NA,NA,NA,no,NA,NA,NA
./ariba_amr_results/SRR7285484_trimmed/report.tsv,yes,yes,AMPH_Ecoli_Bla.89__AMPH_Ecoli_Bla__AMPH__615,99.83,51.5,yes,no,no,NA,NA,NA,no,no,NA,NA,NA,no,no,NA,NA,NA,no,no,NA,NA,NA,NA,no,NA,NA,NA,NA,no,no,NA,NA,NA,NA,yes,yes,AmpC1_Ecoli_Bla.49__AmpC1_Ecoli_Bla__AmpC1__1670,100.0,51.3,no,yes,yes,AmpC2_Ecoli_Bla.99__AmpC2_Ecoli_Bla__AmpC2__346,100.0,40.0,no,no,no,NA,NA,NA,NA,no,no,NA,NA,NA,no,no,NA,NA,NA,no,NA,NA,NA,NA,no,NA,NA,NA,NA,no,no,NA,NA,NA,no,no,NA,NA,NA,no,no,NA,NA,NA,no,no,NA,NA,NA,no,no,NA,NA,NA,no,no,NA,NA,NA,no,no,NA,NA,NA,NA,no,no,NA,NA,NA,NA,yes,yes,MrdA_Bla.16__MrdA_Bla__MrdA__836,99.95,51.2,yes,no,no,NA,NA,NA,no,no,NA,NA,NA,no,no,NA,NA,NA,no,no,NA,NA,NA,no,no,NA,NA,NA,NA,no,no,NA,NA,NA,NA,no,no,NA,NA,NA,NA,no,no,NA,NA,NA,no,no,NA,NA,NA,NA,no,no,NA,NA,NA,NA,no,no,NA,NA,NA,NA,no,NA,NA,NA
./ariba_amr_results/SRR7285498_trimmed/report.tsv,yes,yes,AMPH_Ecoli_Bla.89__AMPH_Ecoli_Bla__AMPH__615,99.48,24.1,no,no,no,NA,NA,NA,no,no,NA,NA,NA,no,no,NA,NA,NA,no,no,NA,NA,NA,NA,no,NA,NA,NA,NA,no,no,NA,NA,NA,NA,yes,yes,AmpC1_Ecoli_Bla.49__AmpC1_Ecoli_Bla__AmpC1__1670,96.93,14.0,yes,yes,yes,AmpC2_Ecoli_Bla.99__AmpC2_Ecoli_Bla__AmpC2__346,97.35,18.4,yes,no,no,NA,NA,NA,NA,no,no,NA,NA,NA,no,no,NA,NA,NA,no,NA,NA,NA,NA,no,NA,NA,NA,NA,no,no,NA,NA,NA,no,no,NA,NA,NA,no,no,NA,NA,NA,no,no,NA,NA,NA,no,no,NA,NA,NA,no,no,NA,NA,NA,no,no,NA,NA,NA,NA,no,no,NA,NA,NA,NA,yes,yes,MrdA_Bla.16__MrdA_Bla__MrdA__836,99.0,26.8,no,no,no,NA,NA,NA,no,no,NA,NA,NA,no,no,NA,NA,NA,no,no,NA,NA,NA,no,no,NA,NA,NA,NA,no,no,NA,NA,NA,NA,no,no,NA,NA,NA,NA,no,no,NA,NA,NA,no,no,NA,NA,NA,NA,no,no,NA,NA,NA,NA,no,no,NA,NA,NA,NA,no,NA,NA,NA
./ariba_amr_results/SRR7286568_trimmed/report.tsv,yes,yes,AMPH_Ecoli_Bla.89__AMPH_Ecoli_Bla__AMPH__615,97.24,25.4,yes,no,no,NA,NA,NA,no,no,NA,NA,NA,no,no,NA,NA,NA,yes,yes,AadA_AGly.229__AadA_AGly__AadA1__1598,98.99,77.1,yes,no,NA,NA,NA,NA,no,no,NA,NA,NA,NA,no,no,NA,NA,NA,NA,yes,yes,AmpC2_Ecoli_Bla.99__AmpC2_Ecoli_Bla__AmpC2__346,98.06,27.1,yes,no,no,NA,NA,NA,NA,no,no,NA,NA,NA,no,no,NA,NA,NA,no,NA,NA,NA,NA,no,NA,NA,NA,NA,yes,yes,DfrA1_Tmt.430__DfrA1_Tmt__DfrA1__319,100.0,76.7,no,no,NA,NA,NA,no,no,NA,NA,NA,no,no,NA,NA,NA,no,no,NA,NA,NA,no,no,NA,NA,NA,no,no,NA,NA,NA,NA,no,no,NA,NA,NA,NA,yes,yes,MrdA_Bla.16__MrdA_Bla__MrdA__836,98.42,30.0,no,no,no,NA,NA,NA,no,no,NA,NA,NA,no,no,NA,NA,NA,yes,yes,Sat_2A_AGly.413__Sat_2A_AGly__Sat_2A__1088,100.0,72.7,no,no,NA,NA,NA,NA,no,no,NA,NA,NA,NA,yes,yes,SulII_Sul.256__SulII_Sul__SulII__1219,100.0,58.4,no,no,no,NA,NA,NA,no,no,NA,NA,NA,NA,no,no,NA,NA,NA,NA,yes,yes,TetB_Tet.67__TetB_Tet__TetB__1213,99.67,112.2,yes,no,NA,NA,NA
./ariba_amr_results/SRR7358105_trimmed/report.tsv,yes,yes,AMPH_Ecoli_Bla.89__AMPH_Ecoli_Bla__AMPH__615,99.22,25.4,no,no,no,NA,NA,NA,no,no,NA,NA,NA,no,no,NA,NA,NA,no,no,NA,NA,NA,NA,no,NA,NA,NA,NA,no,no,NA,NA,NA,NA,yes,yes,AmpC1_Ecoli_Bla.49__AmpC1_Ecoli_Bla__AmpC1__1670,98.08,16.9,yes,yes,yes,AmpC2_Ecoli_Bla.99__AmpC2_Ecoli_Bla__AmpC2__346,97.53,20.8,yes,no,no,NA,NA,NA,NA,no,no,NA,NA,NA,no,no,NA,NA,NA,partial,CatBx_Phe.371__CatBx_Phe__CatB4__602,100.0,82.6,yes,no,NA,NA,NA,NA,no,no,NA,NA,NA,yes,yes,DfrA5_Tmt.431__DfrA5_Tmt__DfrA14__322,100.0,21.2,no,no,NA,NA,NA,no,no,NA,NA,NA,no,no,NA,NA,NA,no,no,NA,NA,NA,no,no,NA,NA,NA,NA,no,no,NA,NA,NA,NA,yes,yes,MrdA_Bla.16__MrdA_Bla__MrdA__836,99.37,21.2,no,no,no,NA,NA,NA,no,no,NA,NA,NA,yes,yes,Qnr_S_Flq.357__Qnr_S_Flq__Qnr_S1__1455,100.0,33.2,no,no,NA,NA,NA,yes,yes,StrA_AGly.263__StrA_AGly__StrA__1501,99.88,19.3,no,yes,yes,StrB_AGly.227__StrB_AGly__StrB__1614,100.0,21.5,no,yes,yes,SulII_Sul.256__SulII_Sul__SulII__1219,100.0,18.3,no,no,no,NA,NA,NA,yes,yes,TEM_1D_Bla.205__TEM_1D_Bla__TEM_95__948,99.88,31.9,yes,yes,yes,TetA_Tet.52__TetA_Tet__TetA__1545,99.37,20.6,yes,no,no,NA,NA,NA,NA,no,NA,NA,NA
./ariba_amr_results/SRR7367577_trimmed/report.tsv,yes,yes,AMPH_Ecoli_Bla.89__AMPH_Ecoli_Bla__AMPH__615,99.48,40.6,no,no,no,NA,NA,NA,no,no,NA,NA,NA,no,no,NA,NA,NA,no,no,NA,NA,NA,NA,no,NA,NA,NA,NA,no,no,NA,NA,NA,NA,yes,yes,AmpC1_Ecoli_Bla.49__AmpC1_Ecoli_Bla__AmpC1__1670,96.93,36.2,yes,yes,yes,AmpC2_Ecoli_Bla.99__AmpC2_Ecoli_Bla__AmpC2__346,97.35,35.8,yes,no,no,NA,NA,NA,NA,no,no,NA,NA,NA,no,no,NA,NA,NA,no,NA,NA,NA,NA,no,NA,NA,NA,NA,no,no,NA,NA,NA,no,no,NA,NA,NA,no,no,NA,NA,NA,no,no,NA,NA,NA,no,no,NA,NA,NA,no,no,NA,NA,NA,no,no,NA,NA,NA,NA,no,no,NA,NA,NA,NA,yes,yes,MrdA_Bla.16__MrdA_Bla__MrdA__836,99.0,43.9,no,no,no,NA,NA,NA,no,no,NA,NA,NA,no,no,NA,NA,NA,no,no,NA,NA,NA,no,no,NA,NA,NA,NA,no,no,NA,NA,NA,NA,no,no,NA,NA,NA,NA,no,no,NA,NA,NA,no,no,NA,NA,NA,NA,no,no,NA,NA,NA,NA,no,no,NA,NA,NA,NA,no,NA,NA,NA
./ariba_amr_results/SRR7407968_trimmed/report.tsv,yes,yes,AMPH_Ecoli_Bla.89__AMPH_Ecoli_Bla__AMPH__615,97.24,32.7,yes,no,no,NA,NA,NA,no,no,NA,NA,NA,no,no,NA,NA,NA,yes,yes,AadA_AGly.229__AadA_AGly__AadA1__1598,98.99,34.8,yes,no,NA,NA,NA,NA,no,no,NA,NA,NA,NA,partial,no,AmpC1_Ecoli_Bla.49__AmpC1_Ecoli_Bla__AmpC1__1670,97.26,4.6,yes,yes,yes,AmpC2_Ecoli_Bla.99__AmpC2_Ecoli_Bla__AmpC2__346,98.06,32.9,yes,no,no,NA,NA,NA,NA,no,no,NA,NA,NA,no,no,NA,NA,NA,partial,CatBx_Phe.371__CatBx_Phe__CatB4__602,100.0,13.5,no,no,NA,NA,NA,NA,yes,yes,DfrA1_Tmt.430__DfrA1_Tmt__DfrA1__319,100.0,40.4,no,no,NA,NA,NA,no,no,NA,NA,NA,no,no,NA,NA,NA,no,no,NA,NA,NA,no,no,NA,NA,NA,no,no,NA,NA,NA,NA,no,no,NA,NA,NA,NA,yes,yes,MrdA_Bla.16__MrdA_Bla__MrdA__836,98.42,37.8,no,no,no,NA,NA,NA,no,no,NA,NA,NA,no,no,NA,NA,NA,yes,yes,Sat_2A_AGly.413__Sat_2A_AGly__Sat_2A__1088,100.0,37.6,yes,yes,StrA_AGly.263__StrA_AGly__StrA__1501,99.88,27.4,no,yes,yes,StrB_AGly.227__StrB_AGly__StrB__1614,100.0,32.4,no,yes,yes,SulII_Sul.256__SulII_Sul__SulII__1219,100.0,27.6,no,no,no,NA,NA,NA,no,no,NA,NA,NA,NA,yes,yes,TetA_Tet.52__TetA_Tet__TetA__1545,99.92,33.0,yes,no,no,NA,NA,NA,NA,no,NA,NA,NA
./ariba_amr_results/SRR7457841_trimmed/report.tsv,yes,yes,AMPH_Ecoli_Bla.89__AMPH_Ecoli_Bla__AMPH__615,98.7,28.0,no,no,no,NA,NA,NA,no,no,NA,NA,NA,no,no,NA,NA,NA,no,no,NA,NA,NA,NA,no,NA,NA,NA,NA,no,no,NA,NA,NA,NA,yes,yes,AmpC1_Ecoli_Bla.49__AmpC1_Ecoli_Bla__AmpC1__1670,98.54,24.6,yes,yes,yes,AmpC2_Ecoli_Bla.99__AmpC2_Ecoli_Bla__AmpC2__346,97.62,28.9,yes,no,no,NA,NA,NA,NA,no,no,NA,NA,NA,no,no,NA,NA,NA,no,NA,NA,NA,NA,no,NA,NA,NA,NA,no,no,NA,NA,NA,no,no,NA,NA,NA,no,no,NA,NA,NA,no,no,NA,NA,NA,no,no,NA,NA,NA,no,no,NA,NA,NA,no,no,NA,NA,NA,NA,no,no,NA,NA,NA,NA,yes,yes,MrdA_Bla.16__MrdA_Bla__MrdA__836,99.37,26.3,no,no,no,NA,NA,NA,no,no,NA,NA,NA,no,no,NA,NA,NA,no,no,NA,NA,NA,no,no,NA,NA,NA,NA,no,no,NA,NA,NA,NA,no,no,NA,NA,NA,NA,no,no,NA,NA,NA,no,no,NA,NA,NA,NA,no,no,NA,NA,NA,NA,no,no,NA,NA,NA,NA,no,NA,NA,NA
./ariba_amr_results/SRR7474046_trimmed/report.tsv,yes,yes,AMPH_Ecoli_Bla.89__AMPH_Ecoli_Bla__AMPH__615,99.48,48.3,no,no,no,NA,NA,NA,no,no,NA,NA,NA,no,no,NA,NA,NA,no,no,NA,NA,NA,NA,no,NA,NA,NA,NA,no,no,NA,NA,NA,NA,yes,yes,AmpC1_Ecoli_Bla.49__AmpC1_Ecoli_Bla__AmpC1__1670,96.93,21.2,yes,yes,yes,AmpC2_Ecoli_Bla.99__AmpC2_Ecoli_Bla__AmpC2__346,97.35,32.6,yes,no,no,NA,NA,NA,NA,no,no,NA,NA,NA,no,no,NA,NA,NA,no,NA,NA,NA,NA,no,NA,NA,NA,NA,no,no,NA,NA,NA,no,no,NA,NA,NA,no,no,NA,NA,NA,no,no,NA,NA,NA,no,no,NA,NA,NA,no,no,NA,NA,NA,no,no,NA,NA,NA,NA,no,no,NA,NA,NA,NA,yes,yes,MrdA_Bla.16__MrdA_Bla__MrdA__836,99.0,39.5,no,no,no,NA,NA,NA,no,no,NA,NA,NA,no,no,NA,NA,NA,no,no,NA,NA,NA,no,no,NA,NA,NA,NA,no,no,NA,NA,NA,NA,no,no,NA,NA,NA,NA,no,no,NA,NA,NA,yes,yes,TEM_1D_Bla.205__TEM_1D_Bla__TEM_95__948,99.88,59.4,yes,no,no,NA,NA,NA,NA,no,no,NA,NA,NA,NA,no,NA,NA,NA
./ariba_amr_results/SRR7500897_trimmed/report.tsv,yes,yes,AMPH_Ecoli_Bla.89__AMPH_Ecoli_Bla__AMPH__615,99.31,20.2,no,no,no,NA,NA,NA,no,no,NA,NA,NA,no,no,NA,NA,NA,no,no,NA,NA,NA,NA,no,NA,NA,NA,NA,no,no,NA,NA,NA,NA,yes,yes,AmpC1_Ecoli_Bla.49__AmpC1_Ecoli_Bla__AmpC1__1670,95.94,15.9,yes,yes,yes,AmpC2_Ecoli_Bla.99__AmpC2_Ecoli_Bla__AmpC2__346,97.88,16.9,yes,no,no,NA,NA,NA,NA,no,no,NA,NA,NA,no,no,NA,NA,NA,no,NA,NA,NA,NA,no,NA,NA,NA,NA,no,no,NA,NA,NA,no,no,NA,NA,NA,no,no,NA,NA,NA,no,no,NA,NA,NA,no,no,NA,NA,NA,no,no,NA,NA,NA,no,no,NA,NA,NA,NA,no,no,NA,NA,NA,NA,yes,yes,MrdA_Bla.16__MrdA_Bla__MrdA__836,98.69,24.6,no,no,no,NA,NA,NA,no,no,NA,NA,NA,no,no,NA,NA,NA,no,no,NA,NA,NA,no,no,NA,NA,NA,NA,no,no,NA,NA,NA,NA,no,no,NA,NA,NA,NA,no,no,NA,NA,NA,no,no,NA,NA,NA,NA,no,no,NA,NA,NA,NA,no,no,NA,NA,NA,NA,no,NA,NA,NA
./ariba_amr_results/SRR7500898_trimmed/report.tsv,yes,yes,AMPH_Ecoli_Bla.89__AMPH_Ecoli_Bla__AMPH__615,98.7,20.5,yes,no,no,NA,NA,NA,no,no,NA,NA,NA,no,no,NA,NA,NA,no,no,NA,NA,NA,NA,no,NA,NA,NA,NA,no,no,NA,NA,NA,NA,yes,yes,AmpC1_Ecoli_Bla.49__AmpC1_Ecoli_Bla__AmpC1__1670,98.16,15.1,yes,yes,yes,AmpC2_Ecoli_Bla.99__AmpC2_Ecoli_Bla__AmpC2__346,97.53,21.0,yes,no,no,NA,NA,NA,NA,no,no,NA,NA,NA,no,no,NA,NA,NA,no,NA,NA,NA,NA,no,NA,NA,NA,NA,no,no,NA,NA,NA,no,no,NA,NA,NA,no,no,NA,NA,NA,no,no,NA,NA,NA,no,no,NA,NA,NA,no,no,NA,NA,NA,no,no,NA,NA,NA,NA,no,no,NA,NA,NA,NA,yes,yes,MrdA_Bla.16__MrdA_Bla__MrdA__836,99.42,26.0,no,no,no,NA,NA,NA,no,no,NA,NA,NA,no,no,NA,NA,NA,no,no,NA,NA,NA,no,no,NA,NA,NA,NA,no,no,NA,NA,NA,NA,no,no,NA,NA,NA,NA,no,no,NA,NA,NA,no,no,NA,NA,NA,NA,no,no,NA,NA,NA,NA,no,no,NA,NA,NA,NA,no,NA,NA,NA
./ariba_amr_results/SRR7833098_trimmed/report.tsv,yes,yes,AMPH_Ecoli_Bla.89__AMPH_Ecoli_Bla__AMPH__615,99.31,69.7,no,no,no,NA,NA,NA,no,no,NA,NA,NA,no,no,NA,NA,NA,no,no,NA,NA,NA,NA,no,NA,NA,NA,NA,no,no,NA,NA,NA,NA,yes,yes,AmpC1_Ecoli_Bla.49__AmpC1_Ecoli_Bla__AmpC1__1670,98.38,35.8,yes,yes,yes,AmpC2_Ecoli_Bla.99__AmpC2_Ecoli_Bla__AmpC2__346,97.71,48.6,yes,yes,yes,Aph3__Ia_AGly.251__Aph3__Ia_AGly__Aph3_Ia__1218,99.88,70.0,no,no,no,NA,NA,NA,no,no,NA,NA,NA,partial,CatBx_Phe.371__CatBx_Phe__CatB4__602,100.0,61.6,no,no,NA,NA,NA,NA,no,no,NA,NA,NA,no,no,NA,NA,NA,no,no,NA,NA,NA,no,no,NA,NA,NA,no,no,NA,NA,NA,no,no,NA,NA,NA,no,no,NA,NA,NA,NA,no,no,NA,NA,NA,NA,yes,yes,MrdA_Bla.16__MrdA_Bla__MrdA__836,99.11,75.6,yes,no,no,NA,NA,NA,no,no,NA,NA,NA,no,no,NA,NA,NA,no,no,NA,NA,NA,yes,yes,StrA_AGly.263__StrA_AGly__StrA__1501,99.88,73.9,no,yes,yes,StrB_AGly.227__StrB_AGly__StrB__1614,100.0,66.6,no,yes,yes,SulII_Sul.256__SulII_Sul__SulII__1219,99.63,96.1,yes,no,no,NA,NA,NA,yes,yes,TEM_1D_Bla.205__TEM_1D_Bla__TEM_95__948,99.88,75.9,yes,yes,yes,TetA_Tet.52__TetA_Tet__TetA__1545,100.0,120.5,no,no,no,NA,NA,NA,NA,no,NA,NA,NA
./ariba_amr_results/SRR7833104_trimmed/report.tsv,yes,yes,AMPH_Ecoli_Bla.89__AMPH_Ecoli_Bla__AMPH__615,99.14,74.7,yes,no,no,NA,NA,NA,no,no,NA,NA,NA,no,no,NA,NA,NA,no,no,NA,NA,NA,NA,no,NA,NA,NA,NA,no,no,NA,NA,NA,NA,yes,yes,AmpC1_Ecoli_Bla.49__AmpC1_Ecoli_Bla__AmpC1__1670,96.25,24.9,yes,interrupted,no,AmpC2_Ecoli_Bla.99__AmpC2_Ecoli_Bla__AmpC2__346,97.09,49.0,yes,no,no,NA,NA,NA,NA,no,no,NA,NA,NA,no,no,NA,NA,NA,no,NA,NA,NA,NA,no,NA,NA,NA,NA,no,no,NA,NA,NA,no,no,NA,NA,NA,no,no,NA,NA,NA,no,no,NA,NA,NA,no,no,NA,NA,NA,no,no,NA,NA,NA,no,no,NA,NA,NA,NA,no,no,NA,NA,NA,NA,yes,yes,MrdA_Bla.16__MrdA_Bla__MrdA__836,99.05,71.4,no,no,no,NA,NA,NA,no,no,NA,NA,NA,no,no,NA,NA,NA,no,no,NA,NA,NA,no,no,NA,NA,NA,NA,no,no,NA,NA,NA,NA,no,no,NA,NA,NA,NA,no,no,NA,NA,NA,no,no,NA,NA,NA,NA,no,no,NA,NA,NA,NA,no,no,NA,NA,NA,NA,no,NA,NA,NA
./ariba_amr_results/SRR7835539_trimmed/report.tsv,yes,yes,AMPH_Ecoli_Bla.89__AMPH_Ecoli_Bla__AMPH__615,97.24,52.2,yes,no,no,NA,NA,NA,no,no,NA,NA,NA,no,no,NA,NA,NA,yes,yes,AadA_AGly.229__AadA_AGly__AadA1__1598,98.99,86.7,yes,no,NA,NA,NA,NA,yes_nonunique,yes,AadA_AGly.229__AadA_AGly__AadA2__1605,99.87,58.3,yes,no,no,NA,NA,NA,NA,yes,yes,AmpC2_Ecoli_Bla.99__AmpC2_Ecoli_Bla__AmpC2__346,98.06,45.6,yes,no,no,NA,NA,NA,NA,no,no,NA,NA,NA,no,no,NA,NA,NA,partial,CatBx_Phe.371__CatBx_Phe__CatB4__602,100.0,95.2,no,no,NA,NA,NA,NA,yes,yes,DfrA1_Tmt.430__DfrA1_Tmt__DfrA1__319,100.0,74.9,no,no,NA,NA,NA,no,no,NA,NA,NA,no,no,NA,NA,NA,no,no,NA,NA,NA,yes,yes,DfrA_Tmt.418__DfrA_Tmt__DfrA12__1089,100.0,53.6,yes,yes,ErmB_MLS.323__ErmB_MLS__ErmB__841,99.59,39.4,yes,yes_nonunique,yes,MphA_MLS.158__MphA_MLS__MphA__1663,100.0,151.6,yes,yes,yes,MrdA_Bla.16__MrdA_Bla__MrdA__836,98.42,59.1,no,no,no,NA,NA,NA,no,no,NA,NA,NA,no,no,NA,NA,NA,yes,yes,Sat_2A_AGly.413__Sat_2A_AGly__Sat_2A__1088,100.0,81.1,no,no,NA,NA,NA,NA,no,no,NA,NA,NA,NA,yes,yes,SulII_Sul.256__SulII_Sul__SulII__1219,100.0,60.2,no,yes,yes,SulI_Sul.225__SulI_Sul__SulI__1616,100.0,72.1,no,no,NA,NA,NA,NA,no,no,NA,NA,NA,NA,yes,yes,TetB_Tet.67__TetB_Tet__TetB__1213,99.59,94.7,yes,no,NA,NA,NA
./ariba_amr_results/SRR7836308_trimmed/report.tsv,yes,yes,AMPH_Ecoli_Bla.89__AMPH_Ecoli_Bla__AMPH__615,99.05,59.5,no,no,no,NA,NA,NA,no,no,NA,NA,NA,no,no,NA,NA,NA,no,no,NA,NA,NA,NA,no,NA,NA,NA,NA,no,no,NA,NA,NA,NA,yes,yes,AmpC1_Ecoli_Bla.49__AmpC1_Ecoli_Bla__AmpC1__1670,98.7,36.4,yes,yes,yes,AmpC2_Ecoli_Bla.99__AmpC2_Ecoli_Bla__AmpC2__346,97.71,58.9,yes,no,no,NA,NA,NA,NA,no,no,NA,NA,NA,no,no,NA,NA,NA,no,NA,NA,NA,NA,no,NA,NA,NA,NA,no,no,NA,NA,NA,no,no,NA,NA,NA,no,no,NA,NA,NA,no,no,NA,NA,NA,no,no,NA,NA,NA,no,no,NA,NA,NA,no,no,NA,NA,NA,NA,no,no,NA,NA,NA,NA,yes,yes,MrdA_Bla.16__MrdA_Bla__MrdA__836,99.42,72.6,no,no,no,NA,NA,NA,no,no,NA,NA,NA,no,no,NA,NA,NA,no,no,NA,NA,NA,no,no,NA,NA,NA,NA,no,no,NA,NA,NA,NA,no,no,NA,NA,NA,NA,no,no,NA,NA,NA,no,no,NA,NA,NA,NA,no,no,NA,NA,NA,NA,no,no,NA,NA,NA,NA,no,NA,NA,NA
./ariba_amr_results/SRR7839305_trimmed/report.tsv,yes,yes,AMPH_Ecoli_Bla.89__AMPH_Ecoli_Bla__AMPH__615,98.79,49.2,no,no,no,NA,NA,NA,no,no,NA,NA,NA,no,no,NA,NA,NA,no,no,NA,NA,NA,NA,no,NA,NA,NA,NA,no,no,NA,NA,NA,NA,yes,yes,AmpC1_Ecoli_Bla.49__AmpC1_Ecoli_Bla__AmpC1__1670,98.16,26.8,yes,yes,yes,AmpC2_Ecoli_Bla.99__AmpC2_Ecoli_Bla__AmpC2__346,97.62,37.6,yes,no,no,NA,NA,NA,NA,no,no,NA,NA,NA,no,no,NA,NA,NA,no,NA,NA,NA,NA,no,NA,NA,NA,NA,no,no,NA,NA,NA,no,no,NA,NA,NA,no,no,NA,NA,NA,no,no,NA,NA,NA,no,no,NA,NA,NA,no,no,NA,NA,NA,no,no,NA,NA,NA,NA,no,no,NA,NA,NA,NA,yes,yes,MrdA_Bla.16__MrdA_Bla__MrdA__836,99.37,53.3,no,no,no,NA,NA,NA,no,no,NA,NA,NA,no,no,NA,NA,NA,no,no,NA,NA,NA,no,no,NA,NA,NA,NA,no,no,NA,NA,NA,NA,no,no,NA,NA,NA,NA,no,no,NA,NA,NA,no,no,NA,NA,NA,NA,no,no,NA,NA,NA,NA,no,no,NA,NA,NA,NA,no,NA,NA,NA
./ariba_amr_results/SRR7839348_trimmed/report.tsv,yes,yes,AMPH_Ecoli_Bla.89__AMPH_Ecoli_Bla__AMPH__615,99.05,33.4,yes,no,no,NA,NA,NA,no,no,NA,NA,NA,no,no,NA,NA,NA,no,no,NA,NA,NA,NA,no,NA,NA,NA,NA,no,no,NA,NA,NA,NA,yes,yes,AmpC1_Ecoli_Bla.49__AmpC1_Ecoli_Bla__AmpC1__1670,98.16,19.4,yes,yes,yes,AmpC2_Ecoli_Bla.99__AmpC2_Ecoli_Bla__AmpC2__346,97.71,23.7,yes,no,no,NA,NA,NA,NA,no,no,NA,NA,NA,no,no,NA,NA,NA,no,NA,NA,NA,NA,no,NA,NA,NA,NA,no,no,NA,NA,NA,no,no,NA,NA,NA,no,no,NA,NA,NA,no,no,NA,NA,NA,no,no,NA,NA,NA,no,no,NA,NA,NA,no,no,NA,NA,NA,NA,no,no,NA,NA,NA,NA,yes,yes,MrdA_Bla.16__MrdA_Bla__MrdA__836,98.69,35.6,no,no,no,NA,NA,NA,no,no,NA,NA,NA,no,no,NA,NA,NA,no,no,NA,NA,NA,no,no,NA,NA,NA,NA,no,no,NA,NA,NA,NA,no,no,NA,NA,NA,NA,no,no,NA,NA,NA,no,no,NA,NA,NA,NA,no,no,NA,NA,NA,NA,no,no,NA,NA,NA,NA,no,NA,NA,NA
./ariba_amr_results/esc_pa0790aa_as/report.tsv,yes,yes,AMPH_Ecoli_Bla.89__AMPH_Ecoli_Bla__AMPH__615,96.72,33.8,yes,no,no,NA,NA,NA,no,no,NA,NA,NA,no,no,NA,NA,NA,no,no,NA,NA,NA,NA,no,NA,NA,NA,NA,no,no,NA,NA,NA,NA,no,no,NA,NA,NA,NA,yes,yes,AmpC2_Ecoli_Bla.99__AmpC2_Ecoli_Bla__AmpC2__346,98.06,40.0,yes,no,no,NA,NA,NA,NA,no,no,NA,NA,NA,no,no,NA,NA,NA,no,NA,NA,NA,NA,no,NA,NA,NA,NA,no,no,NA,NA,NA,no,no,NA,NA,NA,no,no,NA,NA,NA,no,no,NA,NA,NA,no,no,NA,NA,NA,no,no,NA,NA,NA,no,no,NA,NA,NA,NA,no,no,NA,NA,NA,NA,yes,yes,MrdA_Bla.16__MrdA_Bla__MrdA__836,98.69,48.2,no,no,no,NA,NA,NA,no,no,NA,NA,NA,no,no,NA,NA,NA,no,no,NA,NA,NA,no,no,NA,NA,NA,NA,no,no,NA,NA,NA,NA,no,no,NA,NA,NA,NA,no,no,NA,NA,NA,no,no,NA,NA,NA,NA,no,no,NA,NA,NA,NA,no,no,NA,NA,NA,NA,no,NA,NA,NA
./ariba_amr_results/esc_ra0305aa_as/report.tsv,yes,yes,AMPH_Ecoli_Bla.89__AMPH_Ecoli_Bla__AMPH__615,99.48,47.2,no,no,no,NA,NA,NA,no,no,NA,NA,NA,no,no,NA,NA,NA,no,no,NA,NA,NA,NA,no,NA,NA,NA,NA,no,no,NA,NA,NA,NA,yes,yes,AmpC1_Ecoli_Bla.49__AmpC1_Ecoli_Bla__AmpC1__1670,96.93,33.1,yes,yes,yes,AmpC2_Ecoli_Bla.99__AmpC2_Ecoli_Bla__AmpC2__346,97.35,44.7,yes,no,no,NA,NA,NA,NA,no,no,NA,NA,NA,no,no,NA,NA,NA,partial,CatBx_Phe.371__CatBx_Phe__CatB4__602,100.0,28.8,no,no,NA,NA,NA,NA,no,no,NA,NA,NA,no,no,NA,NA,NA,no,no,NA,NA,NA,no,no,NA,NA,NA,no,no,NA,NA,NA,no,no,NA,NA,NA,no,no,NA,NA,NA,NA,no,no,NA,NA,NA,NA,yes,yes,MrdA_Bla.16__MrdA_Bla__MrdA__836,99.0,48.9,no,no,no,NA,NA,NA,no,no,NA,NA,NA,no,no,NA,NA,NA,no,no,NA,NA,NA,no,no,NA,NA,NA,NA,no,no,NA,NA,NA,NA,no,no,NA,NA,NA,NA,no,no,NA,NA,NA,yes,yes,TEM_1D_Bla.205__TEM_1D_Bla__TEM_95__948,99.88,47.3,yes,no,no,NA,NA,NA,NA,no,no,NA,NA,NA,NA,no,NA,NA,NA
./ariba_amr_results/esc_ra0312aa_as/report.tsv,yes,yes,AMPH_Ecoli_Bla.89__AMPH_Ecoli_Bla__AMPH__615,100.0,49.9,no,no,no,NA,NA,NA,no,no,NA,NA,NA,no,no,NA,NA,NA,no,no,NA,NA,NA,NA,no,NA,NA,NA,NA,no,no,NA,NA,NA,NA,yes,yes,AmpC1_Ecoli_Bla.49__AmpC1_Ecoli_Bla__AmpC1__1670,100.0,50.9,no,yes,yes,AmpC2_Ecoli_Bla.99__AmpC2_Ecoli_Bla__AmpC2__346,100.0,49.7,no,no,no,NA,NA,NA,NA,no,no,NA,NA,NA,no,no,NA,NA,NA,no,NA,NA,NA,NA,no,NA,NA,NA,NA,no,no,NA,NA,NA,no,no,NA,NA,NA,no,no,NA,NA,NA,no,no,NA,NA,NA,no,no,NA,NA,NA,no,no,NA,NA,NA,no,no,NA,NA,NA,NA,no,no,NA,NA,NA,NA,yes,yes,MrdA_Bla.16__MrdA_Bla__MrdA__836,100.0,54.2,no,no,no,NA,NA,NA,no,no,NA,NA,NA,no,no,NA,NA,NA,no,no,NA,NA,NA,no,no,NA,NA,NA,NA,no,no,NA,NA,NA,NA,no,no,NA,NA,NA,NA,no,no,NA,NA,NA,no,no,NA,NA,NA,NA,no,no,NA,NA,NA,NA,no,no,NA,NA,NA,NA,no,NA,NA,NA
./ariba_amr_results/esc_ra1385aa_as/report.tsv,yes,yes,AMPH_Ecoli_Bla.89__AMPH_Ecoli_Bla__AMPH__615,98.88,44.7,no,no,no,NA,NA,NA,no,no,NA,NA,NA,no,no,NA,NA,NA,no,no,NA,NA,NA,NA,no,NA,NA,NA,NA,no,no,NA,NA,NA,NA,yes,yes,AmpC1_Ecoli_Bla.49__AmpC1_Ecoli_Bla__AmpC1__1670,98.16,41.7,yes,yes,yes,AmpC2_Ecoli_Bla.99__AmpC2_Ecoli_Bla__AmpC2__346,97.53,38.6,yes,no,no,NA,NA,NA,NA,no,no,NA,NA,NA,no,no,NA,NA,NA,no,NA,NA,NA,NA,no,NA,NA,NA,NA,no,no,NA,NA,NA,no,no,NA,NA,NA,no,no,NA,NA,NA,no,no,NA,NA,NA,no,no,NA,NA,NA,no,no,NA,NA,NA,no,no,NA,NA,NA,NA,no,no,NA,NA,NA,NA,yes,yes,MrdA_Bla.16__MrdA_Bla__MrdA__836,99.37,50.7,no,no,no,NA,NA,NA,no,no,NA,NA,NA,no,no,NA,NA,NA,no,no,NA,NA,NA,no,no,NA,NA,NA,NA,no,no,NA,NA,NA,NA,no,no,NA,NA,NA,NA,no,no,NA,NA,NA,no,no,NA,NA,NA,NA,no,no,NA,NA,NA,NA,no,no,NA,NA,NA,NA,no,NA,NA,NA
./ariba_amr_results/esc_ra3556aa_as/report.tsv,yes,yes,AMPH_Ecoli_Bla.89__AMPH_Ecoli_Bla__AMPH__615,98.79,44.0,no,no,no,NA,NA,NA,no,no,NA,NA,NA,no,no,NA,NA,NA,no,no,NA,NA,NA,NA,no,NA,NA,NA,NA,no,no,NA,NA,NA,NA,yes,yes,AmpC1_Ecoli_Bla.49__AmpC1_Ecoli_Bla__AmpC1__1670,98.16,42.1,yes,yes,yes,AmpC2_Ecoli_Bla.99__AmpC2_Ecoli_Bla__AmpC2__346,97.62,38.4,yes,no,no,NA,NA,NA,NA,no,no,NA,NA,NA,no,no,NA,NA,NA,no,NA,NA,NA,NA,no,NA,NA,NA,NA,no,no,NA,NA,NA,no,no,NA,NA,NA,no,no,NA,NA,NA,no,no,NA,NA,NA,no,no,NA,NA,NA,no,no,NA,NA,NA,no,no,NA,NA,NA,NA,no,no,NA,NA,NA,NA,yes,yes,MrdA_Bla.16__MrdA_Bla__MrdA__836,99.42,51.3,no,no,no,NA,NA,NA,no,no,NA,NA,NA,no,no,NA,NA,NA,no,no,NA,NA,NA,no,no,NA,NA,NA,NA,no,no,NA,NA,NA,NA,no,no,NA,NA,NA,NA,no,no,NA,NA,NA,no,no,NA,NA,NA,NA,no,no,NA,NA,NA,NA,no,no,NA,NA,NA,NA,no,NA,NA,NA
./ariba_amr_results/esc_ra3586aa_as/report.tsv,yes,yes,AMPH_Ecoli_Bla.89__AMPH_Ecoli_Bla__AMPH__615,99.31,46.5,no,no,no,NA,NA,NA,no,no,NA,NA,NA,no,no,NA,NA,NA,yes,yes,AadA_AGly.229__AadA_AGly__AadA1__1598,98.99,45.7,yes,no,NA,NA,NA,NA,no,no,NA,NA,NA,NA,yes,yes,AmpC1_Ecoli_Bla.49__AmpC1_Ecoli_Bla__AmpC1__1670,98.38,41.1,yes,yes,yes,AmpC2_Ecoli_Bla.99__AmpC2_Ecoli_Bla__AmpC2__346,97.71,47.6,yes,no,no,NA,NA,NA,NA,no,no,NA,NA,NA,no,no,NA,NA,NA,no,NA,NA,NA,NA,no,NA,NA,NA,NA,yes,yes,DfrA1_Tmt.430__DfrA1_Tmt__DfrA1__319,100.0,42.1,no,no,NA,NA,NA,no,no,NA,NA,NA,no,no,NA,NA,NA,no,no,NA,NA,NA,no,no,NA,NA,NA,no,no,NA,NA,NA,NA,no,no,NA,NA,NA,NA,yes,yes,MrdA_Bla.16__MrdA_Bla__MrdA__836,99.11,50.7,yes,no,no,NA,NA,NA,no,no,NA,NA,NA,no,no,NA,NA,NA,yes,yes,Sat_2A_AGly.413__Sat_2A_AGly__Sat_2A__1088,100.0,42.8,no,no,NA,NA,NA,NA,no,no,NA,NA,NA,NA,yes,yes,SulII_Sul.256__SulII_Sul__SulII__1219,100.0,46.8,no,no,no,NA,NA,NA,no,no,NA,NA,NA,NA,no,no,NA,NA,NA,NA,yes,yes,TetB_Tet.67__TetB_Tet__TetB__1213,99.67,48.3,yes,no,NA,NA,NA
./ariba_amr_results/esc_ra3722aa_as/report.tsv,yes,yes,AMPH_Ecoli_Bla.89__AMPH_Ecoli_Bla__AMPH__615,99.31,46.5,no,no,no,NA,NA,NA,no,no,NA,NA,NA,no,no,NA,NA,NA,no,no,NA,NA,NA,NA,no,NA,NA,NA,NA,no,no,NA,NA,NA,NA,yes,yes,AmpC1_Ecoli_Bla.49__AmpC1_Ecoli_Bla__AmpC1__1670,98.38,41.1,yes,yes,yes,AmpC2_Ecoli_Bla.99__AmpC2_Ecoli_Bla__AmpC2__346,97.71,47.6,yes,no,no,NA,NA,NA,NA,no,no,NA,NA,NA,no,no,NA,NA,NA,no,NA,NA,NA,NA,no,NA,NA,NA,NA,no,no,NA,NA,NA,no,no,NA,NA,NA,no,no,NA,NA,NA,no,no,NA,NA,NA,no,no,NA,NA,NA,no,no,NA,NA,NA,no,no,NA,NA,NA,NA,no,no,NA,NA,NA,NA,yes,yes,MrdA_Bla.16__MrdA_Bla__MrdA__836,99.16,50.5,no,no,no,NA,NA,NA,no,no,NA,NA,NA,no,no,NA,NA,NA,no,no,NA,NA,NA,no,no,NA,NA,NA,NA,no,no,NA,NA,NA,NA,no,no,NA,NA,NA,NA,no,no,NA,NA,NA,no,no,NA,NA,NA,NA,no,no,NA,NA,NA,NA,no,no,NA,NA,NA,NA,no,NA,NA,NA
./ariba_amr_results/esc_ra9289aa_as/report.tsv,yes,yes,AMPH_Ecoli_Bla.89__AMPH_Ecoli_Bla__AMPH__615,97.32,40.6,yes,no,no,NA,NA,NA,no,no,NA,NA,NA,no,no,NA,NA,NA,no,no,NA,NA,NA,NA,no,NA,NA,NA,NA,no,no,NA,NA,NA,NA,partial,no,AmpC1_Ecoli_Bla.49__AmpC1_Ecoli_Bla__AmpC1__1670,97.26,7.3,yes,yes,yes,AmpC2_Ecoli_Bla.99__AmpC2_Ecoli_Bla__AmpC2__346,97.53,37.8,yes,no,no,NA,NA,NA,NA,no,no,NA,NA,NA,no,no,NA,NA,NA,no,NA,NA,NA,NA,no,NA,NA,NA,NA,no,no,NA,NA,NA,no,no,NA,NA,NA,no,no,NA,NA,NA,no,no,NA,NA,NA,no,no,NA,NA,NA,no,no,NA,NA,NA,no,no,NA,NA,NA,NA,no,no,NA,NA,NA,NA,yes,yes,MrdA_Bla.16__MrdA_Bla__MrdA__836,98.53,44.9,no,no,no,NA,NA,NA,no,no,NA,NA,NA,no,no,NA,NA,NA,no,no,NA,NA,NA,no,no,NA,NA,NA,NA,no,no,NA,NA,NA,NA,no,no,NA,NA,NA,NA,no,no,NA,NA,NA,no,no,NA,NA,NA,NA,no,no,NA,NA,NA,NA,no,no,NA,NA,NA,NA,no,NA,NA,NA
