name,AMPH_Ecoli_Bla.assembled,AMPH_Ecoli_Bla.match,AMPH_Ecoli_Bla.ref_seq,AMPH_Ecoli_Bla.pct_id,AMPH_Ecoli_Bla.ctg_cov,AMPH_Ecoli_Bla.novel_var,Aac3_IIa_AGly.assembled,Aac3_IIa_AGly.match,Aac3_IIa_AGly.ref_seq,Aac3_IIa_AGly.pct_id,Aac3_IIa_AGly.ctg_cov,AacAad_AGly_3.assembled,AacAad_AGly_3.match,AacAad_AGly_3.ref_seq,AacAad_AGly_3.pct_id,AacAad_AGly_3.ctg_cov,AadA4_5_AGly.assembled,AadA4_5_AGly.match,AadA4_5_AGly.ref_seq,AadA4_5_AGly.pct_id,AadA4_5_AGly.ctg_cov,AadA_AGly.assembled,AadA_AGly.match,AadA_AGly.ref_seq,AadA_AGly.pct_id,AadA_AGly.ctg_cov,AadA_AGly.novel_var,AadA_AGly_1.assembled,AadA_AGly_1.ref_seq,AadA_AGly_1.pct_id,AadA_AGly_1.ctg_cov,AadA_AGly_1.novel_var,AadA_AGly_2.assembled,AadA_AGly_2.match,AadA_AGly_2.ref_seq,AadA_AGly_2.pct_id,AadA_AGly_2.ctg_cov,AmpC1_Ecoli_Bla.assembled,AmpC1_Ecoli_Bla.match,AmpC1_Ecoli_Bla.ref_seq,AmpC1_Ecoli_Bla.pct_id,AmpC1_Ecoli_Bla.ctg_cov,AmpC1_Ecoli_Bla.novel_var,AmpC2_Ecoli_Bla.assembled,AmpC2_Ecoli_Bla.match,AmpC2_Ecoli_Bla.ref_seq,AmpC2_Ecoli_Bla.pct_id,AmpC2_Ecoli_Bla.ctg_cov,AmpC2_Ecoli_Bla.novel_var,Aph3__Ia_AGly.assembled,Aph3__Ia_AGly.match,Aph3__Ia_AGly.ref_seq,Aph3__Ia_AGly.pct_id,Aph3__Ia_AGly.ctg_cov,CTX_M_1_Bla.assembled,CTX_M_1_Bla.match,CTX_M_1_Bla.ref_seq,CTX_M_1_Bla.pct_id,CTX_M_1_Bla.ctg_cov,CatA1_Phe.assembled,CatA1_Phe.match,CatA1_Phe.ref_seq,CatA1_Phe.pct_id,CatA1_Phe.ctg_cov,CatBx_Phe.assembled,CatBx_Phe.ref_seq,CatBx_Phe.pct_id,CatBx_Phe.ctg_cov,CatBx_Phe.novel_var,DfrA1_Tmt.assembled,DfrA1_Tmt.match,DfrA1_Tmt.ref_seq,DfrA1_Tmt.pct_id,DfrA1_Tmt.ctg_cov,DfrA1_Tmt_1.assembled,DfrA1_Tmt_1.match,DfrA1_Tmt_1.ref_seq,DfrA1_Tmt_1.pct_id,DfrA1_Tmt_1.ctg_cov,DfrA7_Tmt.assembled,DfrA7_Tmt.match,DfrA7_Tmt.ref_seq,DfrA7_Tmt.pct_id,DfrA7_Tmt.ctg_cov,DfrA8_Tmt.assembled,DfrA8_Tmt.match,DfrA8_Tmt.ref_seq,DfrA8_Tmt.pct_id,DfrA8_Tmt.ctg_cov,DfrA8_Tmt.novel_var,DfrA_Tmt.assembled,DfrA_Tmt.match,DfrA_Tmt.ref_seq,DfrA_Tmt.pct_id,DfrA_Tmt.ctg_cov,MphA_MLS.assembled,MphA_MLS.match,MphA_MLS.ref_seq,MphA_MLS.pct_id,MphA_MLS.ctg_cov,MrdA_Bla.assembled,MrdA_Bla.match,MrdA_Bla.ref_seq,MrdA_Bla.pct_id,MrdA_Bla.ctg_cov,MrdA_Bla.novel_var,OXA_1_Bla.assembled,OXA_1_Bla.match,OXA_1_Bla.ref_seq,OXA_1_Bla.pct_id,OXA_1_Bla.ctg_cov,Sat_2A_AGly.assembled,Sat_2A_AGly.match,Sat_2A_AGly.ref_seq,Sat_2A_AGly.pct_id,Sat_2A_AGly.ctg_cov,Sat_2A_AGly.novel_var,StrA_AGly.assembled,StrA_AGly.match,StrA_AGly.ref_seq,StrA_AGly.pct_id,StrA_AGly.ctg_cov,StrA_AGly.novel_var,StrB_AGly.assembled,StrB_AGly.match,StrB_AGly.ref_seq,StrB_AGly.pct_id,StrB_AGly.ctg_cov,StrB_AGly.novel_var,SulII_Sul.assembled,SulII_Sul.match,SulII_Sul.ref_seq,SulII_Sul.pct_id,SulII_Sul.ctg_cov,SulII_Sul.novel_var,SulI_Sul.assembled,SulI_Sul.match,SulI_Sul.ref_seq,SulI_Sul.pct_id,SulI_Sul.ctg_cov,TEM_1D_Bla.assembled,TEM_1D_Bla.match,TEM_1D_Bla.ref_seq,TEM_1D_Bla.pct_id,TEM_1D_Bla.ctg_cov,TEM_1D_Bla.novel_var,TetA_Tet.assembled,TetA_Tet.match,TetA_Tet.ref_seq,TetA_Tet.pct_id,TetA_Tet.ctg_cov,TetA_Tet.novel_var,TetB_Tet.assembled,TetB_Tet.match,TetB_Tet.ref_seq,TetB_Tet.pct_id,TetB_Tet.ctg_cov,TetB_Tet.novel_var
./ariba_amr_results/15056_4#76/report.tsv,yes,yes,AMPH_Ecoli_Bla.89__AMPH_Ecoli_Bla__AMPH__615,97.06,67.2,yes,no,no,NA,NA,NA,yes,yes,AacAad_AGly.43__AacAad_AGly__Aac6Ib_cr__1678,99.81,88.8,yes,yes,AadA4_5_AGly.285__AadA4_5_AGly__AadA5__1497,100.0,94.1,no,no,NA,NA,NA,NA,no,NA,NA,NA,NA,no,no,NA,NA,NA,partial,no,AmpC1_Ecoli_Bla.49__AmpC1_Ecoli_Bla__AmpC1__1670,95.18,7.4,yes,yes,yes,AmpC2_Ecoli_Bla.99__AmpC2_Ecoli_Bla__AmpC2__346,97.8,78.5,yes,no,no,NA,NA,NA,yes,yes,CTX_M_1_Bla.193__CTX_M_1_Bla__CTX_M_15__150,100.0,110.9,no,no,NA,NA,NA,interrupted,CatBx_Phe.371__CatBx_Phe__CatB4__602,100.0,124.7,no,no,no,NA,NA,NA,no,no,NA,NA,NA,yes,yes,DfrA7_Tmt.433__DfrA7_Tmt__DfrA17__316,100.0,86.0,no,no,NA,NA,NA,NA,no,no,NA,NA,NA,yes,yes,MphA_MLS.158__MphA_MLS__MphA__1663,100.0,90.4,yes,yes,MrdA_Bla.16__MrdA_Bla__MrdA__836,98.69,83.0,no,yes,yes,OXA_1_Bla.231__OXA_1_Bla__OXA_1__520,100.0,107.2,no,no,NA,NA,NA,NA,no,no,NA,NA,NA,NA,no,no,NA,NA,NA,NA,no,no,NA,NA,NA,NA,yes,yes,SulI_Sul.225__SulI_Sul__SulI__1616,100.0,99.2,no,no,NA,NA,NA,NA,yes,yes,TetA_Tet.52__TetA_Tet__TetA__1545,100.0,107.2,no,no,no,NA,NA,NA,NA
./ariba_amr_results/15056_4#77/report.tsv,yes,yes,AMPH_Ecoli_Bla.89__AMPH_Ecoli_Bla__AMPH__615,97.06,73.6,yes,no,no,NA,NA,NA,yes,yes,AacAad_AGly.43__AacAad_AGly__Aac6Ib_cr__1678,99.81,103.5,yes,yes,AadA4_5_AGly.285__AadA4_5_AGly__AadA5__1497,100.0,125.8,no,no,NA,NA,NA,NA,no,NA,NA,NA,NA,no,no,NA,NA,NA,partial,no,AmpC1_Ecoli_Bla.49__AmpC1_Ecoli_Bla__AmpC1__1670,97.22,12.0,yes,yes,yes,AmpC2_Ecoli_Bla.99__AmpC2_Ecoli_Bla__AmpC2__346,97.8,88.7,yes,no,no,NA,NA,NA,yes,yes,CTX_M_1_Bla.193__CTX_M_1_Bla__CTX_M_15__150,100.0,114.4,no,no,NA,NA,NA,interrupted,CatBx_Phe.371__CatBx_Phe__CatB4__602,100.0,153.0,no,no,no,NA,NA,NA,no,no,NA,NA,NA,yes,yes,DfrA7_Tmt.433__DfrA7_Tmt__DfrA17__316,100.0,83.6,no,no,NA,NA,NA,NA,no,no,NA,NA,NA,yes,yes,MphA_MLS.158__MphA_MLS__MphA__1663,100.0,103.0,yes,yes,MrdA_Bla.16__MrdA_Bla__MrdA__836,98.69,92.2,no,yes,yes,OXA_1_Bla.231__OXA_1_Bla__OXA_1__520,100.0,140.7,no,no,NA,NA,NA,NA,no,no,NA,NA,NA,NA,no,no,NA,NA,NA,NA,no,no,NA,NA,NA,NA,yes,yes,SulI_Sul.225__SulI_Sul__SulI__1616,100.0,117.4,no,no,NA,NA,NA,NA,yes,yes,TetA_Tet.52__TetA_Tet__TetA__1545,100.0,139.8,no,no,no,NA,NA,NA,NA
./ariba_amr_results/15056_4#78/report.tsv,yes,yes,AMPH_Ecoli_Bla.89__AMPH_Ecoli_Bla__AMPH__615,97.06,73.0,yes,no,no,NA,NA,NA,yes,yes,AacAad_AGly.43__AacAad_AGly__Aac6Ib_cr__1678,99.81,77.7,yes,yes,AadA4_5_AGly.285__AadA4_5_AGly__AadA5__1497,100.0,95.6,no,no,NA,NA,NA,NA,no,NA,NA,NA,NA,no,no,NA,NA,NA,partial,no,AmpC1_Ecoli_Bla.49__AmpC1_Ecoli_Bla__AmpC1__1670,95.18,7.4,yes,yes,yes,AmpC2_Ecoli_Bla.99__AmpC2_Ecoli_Bla__AmpC2__346,97.8,81.7,yes,no,no,NA,NA,NA,yes,yes,CTX_M_1_Bla.193__CTX_M_1_Bla__CTX_M_15__150,100.0,112.4,no,no,NA,NA,NA,interrupted,CatBx_Phe.371__CatBx_Phe__CatB4__602,100.0,114.9,no,no,no,NA,NA,NA,no,no,NA,NA,NA,yes,yes,DfrA7_Tmt.433__DfrA7_Tmt__DfrA17__316,100.0,82.4,no,no,NA,NA,NA,NA,no,no,NA,NA,NA,yes,yes,MphA_MLS.158__MphA_MLS__MphA__1663,100.0,93.4,yes,yes,MrdA_Bla.16__MrdA_Bla__MrdA__836,98.69,80.1,no,yes,yes,OXA_1_Bla.231__OXA_1_Bla__OXA_1__520,100.0,93.0,no,no,NA,NA,NA,NA,no,no,NA,NA,NA,NA,no,no,NA,NA,NA,NA,no,no,NA,NA,NA,NA,yes,yes,SulI_Sul.225__SulI_Sul__SulI__1616,100.0,89.3,no,no,NA,NA,NA,NA,yes,yes,TetA_Tet.52__TetA_Tet__TetA__1545,100.0,105.9,no,no,no,NA,NA,NA,NA
./ariba_amr_results/15056_4#79/report.tsv,yes,yes,AMPH_Ecoli_Bla.89__AMPH_Ecoli_Bla__AMPH__615,97.06,62.0,yes,no,no,NA,NA,NA,yes,yes,AacAad_AGly.43__AacAad_AGly__Aac6Ib_cr__1678,99.81,81.9,yes,yes,AadA4_5_AGly.285__AadA4_5_AGly__AadA5__1497,100.0,92.5,no,no,NA,NA,NA,NA,no,NA,NA,NA,NA,no,no,NA,NA,NA,partial,no,AmpC1_Ecoli_Bla.49__AmpC1_Ecoli_Bla__AmpC1__1670,95.18,5.4,yes,yes,yes,AmpC2_Ecoli_Bla.99__AmpC2_Ecoli_Bla__AmpC2__346,97.8,65.8,yes,no,no,NA,NA,NA,yes,yes,CTX_M_1_Bla.193__CTX_M_1_Bla__CTX_M_15__150,100.0,107.2,no,no,NA,NA,NA,interrupted,CatBx_Phe.371__CatBx_Phe__CatB4__602,100.0,127.9,no,no,no,NA,NA,NA,no,no,NA,NA,NA,yes,yes,DfrA7_Tmt.433__DfrA7_Tmt__DfrA17__316,100.0,92.9,no,no,NA,NA,NA,NA,no,no,NA,NA,NA,yes,yes,MphA_MLS.158__MphA_MLS__MphA__1663,100.0,97.4,yes,yes,MrdA_Bla.16__MrdA_Bla__MrdA__836,98.69,64.5,no,yes,yes,OXA_1_Bla.231__OXA_1_Bla__OXA_1__520,100.0,123.8,no,no,NA,NA,NA,NA,no,no,NA,NA,NA,NA,no,no,NA,NA,NA,NA,no,no,NA,NA,NA,NA,yes,yes,SulI_Sul.225__SulI_Sul__SulI__1616,100.0,91.1,no,no,NA,NA,NA,NA,yes,yes,TetA_Tet.52__TetA_Tet__TetA__1545,100.0,111.2,no,no,no,NA,NA,NA,NA
./ariba_amr_results/15056_4#8/report.tsv,yes,yes,AMPH_Ecoli_Bla.89__AMPH_Ecoli_Bla__AMPH__615,97.06,49.4,yes,no,no,NA,NA,NA,yes,yes,AacAad_AGly.43__AacAad_AGly__Aac6Ib_cr__1678,99.81,59.6,yes,yes,AadA4_5_AGly.285__AadA4_5_AGly__AadA5__1497,100.0,73.0,no,no,NA,NA,NA,NA,no,NA,NA,NA,NA,no,no,NA,NA,NA,partial,no,AmpC1_Ecoli_Bla.49__AmpC1_Ecoli_Bla__AmpC1__1670,95.18,8.0,yes,yes,yes,AmpC2_Ecoli_Bla.99__AmpC2_Ecoli_Bla__AmpC2__346,97.8,56.9,yes,no,no,NA,NA,NA,yes,yes,CTX_M_1_Bla.193__CTX_M_1_Bla__CTX_M_15__150,100.0,85.1,no,no,NA,NA,NA,interrupted,CatBx_Phe.371__CatBx_Phe__CatB4__602,100.0,84.1,no,no,no,NA,NA,NA,no,no,NA,NA,NA,yes,yes,DfrA7_Tmt.433__DfrA7_Tmt__DfrA17__316,100.0,70.1,no,no,NA,NA,NA,NA,no,no,NA,NA,NA,yes,yes,MphA_MLS.158__MphA_MLS__MphA__1663,100.0,72.2,yes,yes,MrdA_Bla.16__MrdA_Bla__MrdA__836,98.69,55.6,no,yes,yes,OXA_1_Bla.231__OXA_1_Bla__OXA_1__520,100.0,70.9,no,no,NA,NA,NA,NA,no,no,NA,NA,NA,NA,no,no,NA,NA,NA,NA,no,no,NA,NA,NA,NA,yes,yes,SulI_Sul.225__SulI_Sul__SulI__1616,100.0,74.8,no,no,NA,NA,NA,NA,yes,yes,TetA_Tet.52__TetA_Tet__TetA__1545,100.0,81.7,no,no,no,NA,NA,NA,NA
./ariba_amr_results/15795_1#43/report.tsv,yes,yes,AMPH_Ecoli_Bla.89__AMPH_Ecoli_Bla__AMPH__615,97.06,110.2,yes,no,no,NA,NA,NA,yes,yes,AacAad_AGly.43__AacAad_AGly__Aac6Ib_cr__1678,99.81,141.7,no,no,NA,NA,NA,no,no,NA,NA,NA,NA,no,NA,NA,NA,NA,no,no,NA,NA,NA,partial,no,AmpC1_Ecoli_Bla.49__AmpC1_Ecoli_Bla__AmpC1__1670,95.18,9.6,yes,yes,yes,AmpC2_Ecoli_Bla.99__AmpC2_Ecoli_Bla__AmpC2__346,97.8,127.9,yes,no,no,NA,NA,NA,yes,yes,CTX_M_1_Bla.193__CTX_M_1_Bla__CTX_M_15__150,100.0,195.4,no,no,NA,NA,NA,interrupted,CatBx_Phe.371__CatBx_Phe__CatB4__602,100.0,157.8,no,no,no,NA,NA,NA,no,no,NA,NA,NA,no,no,NA,NA,NA,no,no,NA,NA,NA,NA,no,no,NA,NA,NA,yes,yes,MphA_MLS.158__MphA_MLS__MphA__1663,100.0,83.5,yes,yes,MrdA_Bla.16__MrdA_Bla__MrdA__836,98.69,128.8,no,yes,yes,OXA_1_Bla.231__OXA_1_Bla__OXA_1__520,100.0,172.5,no,no,NA,NA,NA,NA,no,no,NA,NA,NA,NA,no,no,NA,NA,NA,NA,no,no,NA,NA,NA,NA,no,no,NA,NA,NA,no,no,NA,NA,NA,NA,no,no,NA,NA,NA,NA,no,no,NA,NA,NA,NA
./ariba_amr_results/15795_1#44/report.tsv,yes,yes,AMPH_Ecoli_Bla.89__AMPH_Ecoli_Bla__AMPH__615,97.06,109.1,yes,no,no,NA,NA,NA,yes,yes,AacAad_AGly.43__AacAad_AGly__Aac6Ib_cr__1678,99.81,323.9,no,no,NA,NA,NA,no,no,NA,NA,NA,NA,no,NA,NA,NA,NA,no,no,NA,NA,NA,partial,no,AmpC1_Ecoli_Bla.49__AmpC1_Ecoli_Bla__AmpC1__1670,97.22,14.9,yes,yes,yes,AmpC2_Ecoli_Bla.99__AmpC2_Ecoli_Bla__AmpC2__346,97.8,111.4,yes,no,no,NA,NA,NA,yes,yes,CTX_M_1_Bla.193__CTX_M_1_Bla__CTX_M_15__150,100.0,405.3,no,no,NA,NA,NA,interrupted,CatBx_Phe.371__CatBx_Phe__CatB4__602,100.0,467.6,no,no,no,NA,NA,NA,no,no,NA,NA,NA,no,no,NA,NA,NA,no,no,NA,NA,NA,NA,no,no,NA,NA,NA,yes,yes,MphA_MLS.158__MphA_MLS__MphA__1663,100.0,89.4,yes,yes,MrdA_Bla.16__MrdA_Bla__MrdA__836,98.69,119.5,no,yes,yes,OXA_1_Bla.231__OXA_1_Bla__OXA_1__520,100.0,382.1,no,no,NA,NA,NA,NA,no,no,NA,NA,NA,NA,no,no,NA,NA,NA,NA,no,no,NA,NA,NA,NA,no,no,NA,NA,NA,no,no,NA,NA,NA,NA,no,no,NA,NA,NA,NA,no,no,NA,NA,NA,NA
./ariba_amr_results/15795_1#53/report.tsv,yes,yes,AMPH_Ecoli_Bla.89__AMPH_Ecoli_Bla__AMPH__615,97.06,107.9,yes,no,no,NA,NA,NA,yes,yes,AacAad_AGly.43__AacAad_AGly__Aac6Ib_cr__1678,99.81,138.1,yes,yes,AadA4_5_AGly.285__AadA4_5_AGly__AadA5__1497,100.0,141.8,no,no,NA,NA,NA,NA,no,NA,NA,NA,NA,no,no,NA,NA,NA,partial,no,AmpC1_Ecoli_Bla.49__AmpC1_Ecoli_Bla__AmpC1__1670,95.18,9.3,yes,yes,yes,AmpC2_Ecoli_Bla.99__AmpC2_Ecoli_Bla__AmpC2__346,97.8,120.8,yes,no,no,NA,NA,NA,yes,yes,CTX_M_1_Bla.193__CTX_M_1_Bla__CTX_M_15__150,100.0,153.7,no,no,NA,NA,NA,interrupted,CatBx_Phe.371__CatBx_Phe__CatB4__602,100.0,174.9,no,no,no,NA,NA,NA,no,no,NA,NA,NA,yes,yes,DfrA7_Tmt.433__DfrA7_Tmt__DfrA17__316,100.0,141.5,no,no,NA,NA,NA,NA,no,no,NA,NA,NA,yes,yes,MphA_MLS.158__MphA_MLS__MphA__1663,100.0,150.6,yes,yes,MrdA_Bla.16__MrdA_Bla__MrdA__836,98.69,140.9,no,yes,yes,OXA_1_Bla.231__OXA_1_Bla__OXA_1__520,100.0,152.7,no,no,NA,NA,NA,NA,no,no,NA,NA,NA,NA,no,no,NA,NA,NA,NA,no,no,NA,NA,NA,NA,yes,yes,SulI_Sul.225__SulI_Sul__SulI__1616,100.0,131.8,no,no,NA,NA,NA,NA,yes,yes,TetA_Tet.52__TetA_Tet__TetA__1545,100.0,162.3,no,no,no,NA,NA,NA,NA
./ariba_amr_results/15795_1#54/report.tsv,yes,yes,AMPH_Ecoli_Bla.89__AMPH_Ecoli_Bla__AMPH__615,97.06,108.3,yes,no,no,NA,NA,NA,yes,yes,AacAad_AGly.43__AacAad_AGly__Aac6Ib_cr__1678,99.81,60.0,yes,yes,AadA4_5_AGly.285__AadA4_5_AGly__AadA5__1497,100.0,82.7,no,no,NA,NA,NA,NA,no,NA,NA,NA,NA,no,no,NA,NA,NA,partial,no,AmpC1_Ecoli_Bla.49__AmpC1_Ecoli_Bla__AmpC1__1670,97.22,8.3,yes,yes,yes,AmpC2_Ecoli_Bla.99__AmpC2_Ecoli_Bla__AmpC2__346,97.8,118.5,yes,no,no,NA,NA,NA,yes,yes,CTX_M_1_Bla.193__CTX_M_1_Bla__CTX_M_15__150,100.0,89.1,no,no,NA,NA,NA,interrupted,CatBx_Phe.371__CatBx_Phe__CatB4__602,100.0,77.5,no,no,no,NA,NA,NA,no,no,NA,NA,NA,yes,yes,DfrA7_Tmt.433__DfrA7_Tmt__DfrA17__316,100.0,80.5,no,no,NA,NA,NA,NA,no,no,NA,NA,NA,yes,yes,MphA_MLS.158__MphA_MLS__MphA__1663,100.0,75.6,yes,yes,MrdA_Bla.16__MrdA_Bla__MrdA__836,98.69,115.9,no,yes,yes,OXA_1_Bla.231__OXA_1_Bla__OXA_1__520,100.0,78.7,no,no,NA,NA,NA,NA,no,no,NA,NA,NA,NA,no,no,NA,NA,NA,NA,no,no,NA,NA,NA,NA,yes,yes,SulI_Sul.225__SulI_Sul__SulI__1616,100.0,84.0,no,no,NA,NA,NA,NA,yes,yes,TetA_Tet.52__TetA_Tet__TetA__1545,100.0,84.7,no,no,no,NA,NA,NA,NA
./ariba_amr_results/15795_1#55/report.tsv,yes,yes,AMPH_Ecoli_Bla.89__AMPH_Ecoli_Bla__AMPH__615,97.06,75.5,yes,no,no,NA,NA,NA,yes,yes,AacAad_AGly.43__AacAad_AGly__Aac6Ib_cr__1678,99.81,132.1,yes,yes,AadA4_5_AGly.285__AadA4_5_AGly__AadA5__1497,100.0,180.2,no,no,NA,NA,NA,NA,no,NA,NA,NA,NA,no,no,NA,NA,NA,partial,no,AmpC1_Ecoli_Bla.49__AmpC1_Ecoli_Bla__AmpC1__1670,95.18,9.4,yes,yes,yes,AmpC2_Ecoli_Bla.99__AmpC2_Ecoli_Bla__AmpC2__346,97.8,90.7,yes,no,no,NA,NA,NA,yes,yes,CTX_M_1_Bla.193__CTX_M_1_Bla__CTX_M_15__150,100.0,150.5,no,no,NA,NA,NA,interrupted,CatBx_Phe.371__CatBx_Phe__CatB4__602,100.0,148.8,no,no,no,NA,NA,NA,no,no,NA,NA,NA,yes,yes,DfrA7_Tmt.433__DfrA7_Tmt__DfrA17__316,100.0,155.1,no,no,NA,NA,NA,NA,no,no,NA,NA,NA,yes,yes,MphA_MLS.158__MphA_MLS__MphA__1663,100.0,195.4,yes,yes,MrdA_Bla.16__MrdA_Bla__MrdA__836,98.69,86.8,no,yes,yes,OXA_1_Bla.231__OXA_1_Bla__OXA_1__520,100.0,175.8,no,no,NA,NA,NA,NA,no,no,NA,NA,NA,NA,no,no,NA,NA,NA,NA,no,no,NA,NA,NA,NA,yes,yes,SulI_Sul.225__SulI_Sul__SulI__1616,100.0,170.8,no,no,NA,NA,NA,NA,yes,yes,TetA_Tet.52__TetA_Tet__TetA__1545,100.0,219.0,no,no,no,NA,NA,NA,NA
./ariba_amr_results/15795_1#56/report.tsv,yes,yes,AMPH_Ecoli_Bla.89__AMPH_Ecoli_Bla__AMPH__615,97.06,108.2,yes,no,no,NA,NA,NA,yes,yes,AacAad_AGly.43__AacAad_AGly__Aac6Ib_cr__1678,99.81,105.4,yes,yes,AadA4_5_AGly.285__AadA4_5_AGly__AadA5__1497,100.0,117.7,no,no,NA,NA,NA,NA,no,NA,NA,NA,NA,no,no,NA,NA,NA,partial,no,AmpC1_Ecoli_Bla.49__AmpC1_Ecoli_Bla__AmpC1__1670,95.18,10.4,yes,yes,yes,AmpC2_Ecoli_Bla.99__AmpC2_Ecoli_Bla__AmpC2__346,97.8,124.4,yes,no,no,NA,NA,NA,yes,yes,CTX_M_1_Bla.193__CTX_M_1_Bla__CTX_M_15__150,100.0,126.0,no,no,NA,NA,NA,interrupted,CatBx_Phe.371__CatBx_Phe__CatB4__602,100.0,118.9,no,no,no,NA,NA,NA,no,no,NA,NA,NA,yes,yes,DfrA7_Tmt.433__DfrA7_Tmt__DfrA17__316,100.0,93.7,no,no,NA,NA,NA,NA,no,no,NA,NA,NA,yes,yes,MphA_MLS.158__MphA_MLS__MphA__1663,100.0,105.2,yes,yes,MrdA_Bla.16__MrdA_Bla__MrdA__836,98.69,131.4,no,yes,yes,OXA_1_Bla.231__OXA_1_Bla__OXA_1__520,100.0,135.6,no,no,NA,NA,NA,NA,no,no,NA,NA,NA,NA,no,no,NA,NA,NA,NA,no,no,NA,NA,NA,NA,yes,yes,SulI_Sul.225__SulI_Sul__SulI__1616,100.0,112.9,no,no,NA,NA,NA,NA,yes,yes,TetA_Tet.52__TetA_Tet__TetA__1545,100.0,114.6,no,no,no,NA,NA,NA,NA
./ariba_amr_results/15795_1#60/report.tsv,yes,yes,AMPH_Ecoli_Bla.89__AMPH_Ecoli_Bla__AMPH__615,97.06,111.3,yes,no,no,NA,NA,NA,yes,yes,AacAad_AGly.43__AacAad_AGly__Aac6Ib_cr__1678,99.81,100.0,yes,yes,AadA4_5_AGly.285__AadA4_5_AGly__AadA5__1497,100.0,113.8,no,no,NA,NA,NA,NA,no,NA,NA,NA,NA,no,no,NA,NA,NA,partial,no,AmpC1_Ecoli_Bla.49__AmpC1_Ecoli_Bla__AmpC1__1670,95.18,9.2,yes,yes,yes,AmpC2_Ecoli_Bla.99__AmpC2_Ecoli_Bla__AmpC2__346,97.8,116.0,yes,no,no,NA,NA,NA,yes,yes,CTX_M_1_Bla.193__CTX_M_1_Bla__CTX_M_15__150,100.0,128.7,no,no,NA,NA,NA,interrupted,CatBx_Phe.371__CatBx_Phe__CatB4__602,100.0,125.7,no,no,no,NA,NA,NA,no,no,NA,NA,NA,yes,yes,DfrA7_Tmt.433__DfrA7_Tmt__DfrA17__316,100.0,103.8,no,no,NA,NA,NA,NA,no,no,NA,NA,NA,yes,yes,MphA_MLS.158__MphA_MLS__MphA__1663,100.0,106.2,yes,yes,MrdA_Bla.16__MrdA_Bla__MrdA__836,98.69,111.5,no,yes,yes,OXA_1_Bla.231__OXA_1_Bla__OXA_1__520,100.0,120.3,no,no,NA,NA,NA,NA,no,no,NA,NA,NA,NA,no,no,NA,NA,NA,NA,no,no,NA,NA,NA,NA,yes,yes,SulI_Sul.225__SulI_Sul__SulI__1616,100.0,113.1,no,no,NA,NA,NA,NA,yes,yes,TetA_Tet.52__TetA_Tet__TetA__1545,100.0,131.3,no,no,no,NA,NA,NA,NA
./ariba_amr_results/15795_1#61/report.tsv,yes,yes,AMPH_Ecoli_Bla.89__AMPH_Ecoli_Bla__AMPH__615,97.06,124.1,yes,no,no,NA,NA,NA,yes,yes,AacAad_AGly.43__AacAad_AGly__Aac6Ib_cr__1678,99.81,96.7,yes,yes,AadA4_5_AGly.285__AadA4_5_AGly__AadA5__1497,100.0,169.3,no,no,NA,NA,NA,NA,no,NA,NA,NA,NA,no,no,NA,NA,NA,partial,no,AmpC1_Ecoli_Bla.49__AmpC1_Ecoli_Bla__AmpC1__1670,95.18,9.1,yes,yes,yes,AmpC2_Ecoli_Bla.99__AmpC2_Ecoli_Bla__AmpC2__346,97.8,121.7,yes,no,no,NA,NA,NA,yes,yes,CTX_M_1_Bla.193__CTX_M_1_Bla__CTX_M_15__150,100.0,253.5,no,no,NA,NA,NA,interrupted,CatBx_Phe.371__CatBx_Phe__CatB4__602,100.0,143.3,no,no,no,NA,NA,NA,no,no,NA,NA,NA,yes,yes,DfrA7_Tmt.433__DfrA7_Tmt__DfrA17__316,100.0,128.6,no,no,NA,NA,NA,NA,no,no,NA,NA,NA,yes,yes,MphA_MLS.158__MphA_MLS__MphA__1663,100.0,149.0,yes,yes,MrdA_Bla.16__MrdA_Bla__MrdA__836,98.69,133.4,no,yes,yes,OXA_1_Bla.231__OXA_1_Bla__OXA_1__520,100.0,122.3,no,no,NA,NA,NA,NA,no,no,NA,NA,NA,NA,no,no,NA,NA,NA,NA,no,no,NA,NA,NA,NA,yes,yes,SulI_Sul.225__SulI_Sul__SulI__1616,100.0,180.6,no,no,NA,NA,NA,NA,yes,yes,TetA_Tet.52__TetA_Tet__TetA__1545,100.0,179.6,no,no,no,NA,NA,NA,NA
./ariba_amr_results/15795_1#63/report.tsv,yes,yes,AMPH_Ecoli_Bla.89__AMPH_Ecoli_Bla__AMPH__615,97.06,106.4,yes,no,no,NA,NA,NA,yes,yes,AacAad_AGly.43__AacAad_AGly__Aac6Ib_cr__1678,99.81,81.9,yes,yes,AadA4_5_AGly.285__AadA4_5_AGly__AadA5__1497,100.0,97.5,no,no,NA,NA,NA,NA,no,NA,NA,NA,NA,no,no,NA,NA,NA,partial,no,AmpC1_Ecoli_Bla.49__AmpC1_Ecoli_Bla__AmpC1__1670,95.18,9.9,yes,yes,yes,AmpC2_Ecoli_Bla.99__AmpC2_Ecoli_Bla__AmpC2__346,97.8,111.1,yes,no,no,NA,NA,NA,yes,yes,CTX_M_1_Bla.193__CTX_M_1_Bla__CTX_M_15__150,100.0,199.0,no,no,NA,NA,NA,interrupted,CatBx_Phe.371__CatBx_Phe__CatB4__602,100.0,111.8,no,no,no,NA,NA,NA,no,no,NA,NA,NA,yes,yes,DfrA7_Tmt.433__DfrA7_Tmt__DfrA17__316,100.0,82.3,no,no,NA,NA,NA,NA,no,no,NA,NA,NA,yes,yes,MphA_MLS.158__MphA_MLS__MphA__1663,100.0,101.5,yes,yes,MrdA_Bla.16__MrdA_Bla__MrdA__836,98.69,117.9,no,yes,yes,OXA_1_Bla.231__OXA_1_Bla__OXA_1__520,100.0,119.4,no,no,NA,NA,NA,NA,no,no,NA,NA,NA,NA,no,no,NA,NA,NA,NA,no,no,NA,NA,NA,NA,yes,yes,SulI_Sul.225__SulI_Sul__SulI__1616,100.0,84.4,no,no,NA,NA,NA,NA,yes,yes,TetA_Tet.52__TetA_Tet__TetA__1545,100.0,124.8,no,no,no,NA,NA,NA,NA
./ariba_amr_results/15795_1#64/report.tsv,yes,yes,AMPH_Ecoli_Bla.89__AMPH_Ecoli_Bla__AMPH__615,97.06,107.3,yes,no,no,NA,NA,NA,yes,yes,AacAad_AGly.43__AacAad_AGly__Aac6Ib_cr__1678,99.81,106.8,yes,yes,AadA4_5_AGly.285__AadA4_5_AGly__AadA5__1497,100.0,139.4,no,no,NA,NA,NA,NA,no,NA,NA,NA,NA,no,no,NA,NA,NA,partial,no,AmpC1_Ecoli_Bla.49__AmpC1_Ecoli_Bla__AmpC1__1670,95.18,9.3,yes,yes,yes,AmpC2_Ecoli_Bla.99__AmpC2_Ecoli_Bla__AmpC2__346,97.8,112.7,yes,no,no,NA,NA,NA,yes,yes,CTX_M_1_Bla.193__CTX_M_1_Bla__CTX_M_15__150,100.0,123.8,no,no,NA,NA,NA,interrupted,CatBx_Phe.371__CatBx_Phe__CatB4__602,100.0,152.1,no,no,no,NA,NA,NA,no,no,NA,NA,NA,yes,yes,DfrA7_Tmt.433__DfrA7_Tmt__DfrA17__316,100.0,133.5,no,no,NA,NA,NA,NA,no,no,NA,NA,NA,yes,yes,MphA_MLS.158__MphA_MLS__MphA__1663,100.0,119.4,yes,yes,MrdA_Bla.16__MrdA_Bla__MrdA__836,98.69,135.5,no,yes,yes,OXA_1_Bla.231__OXA_1_Bla__OXA_1__520,100.0,131.5,no,no,NA,NA,NA,NA,no,no,NA,NA,NA,NA,no,no,NA,NA,NA,NA,no,no,NA,NA,NA,NA,yes,yes,SulI_Sul.225__SulI_Sul__SulI__1616,100.0,119.0,no,no,NA,NA,NA,NA,yes,yes,TetA_Tet.52__TetA_Tet__TetA__1545,100.0,152.9,no,no,no,NA,NA,NA,NA
./ariba_amr_results/6649_2#20/report.tsv,yes,yes,AMPH_Ecoli_Bla.89__AMPH_Ecoli_Bla__AMPH__615,98.7,64.9,no,no,no,NA,NA,NA,no,no,NA,NA,NA,no,no,NA,NA,NA,no,no,NA,NA,NA,NA,no,NA,NA,NA,NA,no,no,NA,NA,NA,yes,yes,AmpC1_Ecoli_Bla.49__AmpC1_Ecoli_Bla__AmpC1__1670,98.16,65.2,yes,yes,yes,AmpC2_Ecoli_Bla.99__AmpC2_Ecoli_Bla__AmpC2__346,97.62,95.0,yes,no,no,NA,NA,NA,no,no,NA,NA,NA,no,no,NA,NA,NA,partial,CatBx_Phe.371__CatBx_Phe__CatB4__602,100.0,95.9,no,no,no,NA,NA,NA,no,no,NA,NA,NA,no,no,NA,NA,NA,yes,yes,DfrA8_Tmt.416__DfrA8_Tmt__DfrA8__1079,100.0,125.8,no,no,no,NA,NA,NA,no,no,NA,NA,NA,yes,yes,MrdA_Bla.16__MrdA_Bla__MrdA__836,98.74,94.6,no,no,no,NA,NA,NA,no,no,NA,NA,NA,NA,yes,yes,StrA_AGly.263__StrA_AGly__StrA__1501,99.88,122.1,no,yes,yes,StrB_AGly.227__StrB_AGly__StrB__1614,99.88,106.3,yes,yes,yes,SulII_Sul.256__SulII_Sul__SulII__1219,100.0,68.6,no,no,no,NA,NA,NA,yes,yes,TEM_1D_Bla.205__TEM_1D_Bla__TEM_95__948,99.88,164.4,yes,no,no,NA,NA,NA,NA,yes,yes,TetB_Tet.67__TetB_Tet__TetB__1213,99.67,219.4,yes
./ariba_amr_results/6649_2#7/report.tsv,yes,yes,AMPH_Ecoli_Bla.89__AMPH_Ecoli_Bla__AMPH__615,98.7,47.2,no,no,no,NA,NA,NA,no,no,NA,NA,NA,no,no,NA,NA,NA,yes,yes,AadA_AGly.229__AadA_AGly__AadA1__1598,98.99,76.6,yes,no,NA,NA,NA,NA,no,no,NA,NA,NA,yes,yes,AmpC1_Ecoli_Bla.49__AmpC1_Ecoli_Bla__AmpC1__1670,98.08,41.0,yes,yes,yes,AmpC2_Ecoli_Bla.99__AmpC2_Ecoli_Bla__AmpC2__346,97.71,54.3,yes,no,no,NA,NA,NA,no,no,NA,NA,NA,no,no,NA,NA,NA,no,NA,NA,NA,NA,no,no,NA,NA,NA,no,no,NA,NA,NA,no,no,NA,NA,NA,no,no,NA,NA,NA,NA,no,no,NA,NA,NA,no,no,NA,NA,NA,yes,yes,MrdA_Bla.16__MrdA_Bla__MrdA__836,98.79,67.3,no,no,no,NA,NA,NA,yes,yes,Sat_2A_AGly.413__Sat_2A_AGly__Sat_2A__1088,100.0,78.6,no,no,no,NA,NA,NA,NA,no,no,NA,NA,NA,NA,yes,yes,SulII_Sul.256__SulII_Sul__SulII__1219,100.0,40.6,no,no,no,NA,NA,NA,no,no,NA,NA,NA,NA,no,no,NA,NA,NA,NA,yes,yes,TetB_Tet.67__TetB_Tet__TetB__1213,99.67,136.6,yes
./ariba_amr_results/6649_2#8/report.tsv,yes,yes,AMPH_Ecoli_Bla.89__AMPH_Ecoli_Bla__AMPH__615,98.88,92.5,yes,no,no,NA,NA,NA,no,no,NA,NA,NA,no,no,NA,NA,NA,no,no,NA,NA,NA,NA,no,NA,NA,NA,NA,no,no,NA,NA,NA,yes,yes,AmpC1_Ecoli_Bla.49__AmpC1_Ecoli_Bla__AmpC1__1670,98.62,108.0,yes,yes,yes,AmpC2_Ecoli_Bla.99__AmpC2_Ecoli_Bla__AmpC2__346,97.53,121.9,yes,no,no,NA,NA,NA,no,no,NA,NA,NA,no,no,NA,NA,NA,no,NA,NA,NA,NA,no,no,NA,NA,NA,no,no,NA,NA,NA,no,no,NA,NA,NA,no,no,NA,NA,NA,NA,no,no,NA,NA,NA,no,no,NA,NA,NA,yes,yes,MrdA_Bla.16__MrdA_Bla__MrdA__836,99.32,147.4,no,no,no,NA,NA,NA,no,no,NA,NA,NA,NA,no,no,NA,NA,NA,NA,no,no,NA,NA,NA,NA,no,no,NA,NA,NA,NA,no,no,NA,NA,NA,no,no,NA,NA,NA,NA,no,no,NA,NA,NA,NA,yes,yes,TetB_Tet.67__TetB_Tet__TetB__1213,99.67,242.8,yes
./ariba_amr_results/6711_2#21/report.tsv,yes,yes,AMPH_Ecoli_Bla.89__AMPH_Ecoli_Bla__AMPH__615,98.7,216.5,no,no,no,NA,NA,NA,no,no,NA,NA,NA,no,no,NA,NA,NA,no,no,NA,NA,NA,NA,no,NA,NA,NA,NA,no,no,NA,NA,NA,yes,yes,AmpC1_Ecoli_Bla.49__AmpC1_Ecoli_Bla__AmpC1__1670,98.16,181.6,yes,yes,yes,AmpC2_Ecoli_Bla.99__AmpC2_Ecoli_Bla__AmpC2__346,97.62,199.5,yes,no,no,NA,NA,NA,no,no,NA,NA,NA,no,no,NA,NA,NA,no,NA,NA,NA,NA,no,no,NA,NA,NA,no,no,NA,NA,NA,no,no,NA,NA,NA,no,no,NA,NA,NA,NA,no,no,NA,NA,NA,no,no,NA,NA,NA,yes,yes,MrdA_Bla.16__MrdA_Bla__MrdA__836,98.74,238.0,no,no,no,NA,NA,NA,no,no,NA,NA,NA,NA,partial,no,StrA_AGly.263__StrA_AGly__StrA__1501,100.0,2.3,no,no,no,NA,NA,NA,NA,no,no,NA,NA,NA,NA,no,no,NA,NA,NA,partial,no,TEM_1D_Bla.205__TEM_1D_Bla__TEM_1__888,99.36,1.4,yes,no,no,NA,NA,NA,NA,no,no,NA,NA,NA,NA
./ariba_amr_results/6711_2#24/report.tsv,yes,yes,AMPH_Ecoli_Bla.89__AMPH_Ecoli_Bla__AMPH__615,98.7,256.3,no,no,no,NA,NA,NA,no,no,NA,NA,NA,no,no,NA,NA,NA,no,no,NA,NA,NA,NA,no,NA,NA,NA,NA,no,no,NA,NA,NA,yes,yes,AmpC1_Ecoli_Bla.49__AmpC1_Ecoli_Bla__AmpC1__1670,98.16,234.8,yes,yes,yes,AmpC2_Ecoli_Bla.99__AmpC2_Ecoli_Bla__AmpC2__346,97.71,229.0,yes,no,no,NA,NA,NA,no,no,NA,NA,NA,no,no,NA,NA,NA,no,NA,NA,NA,NA,no,no,NA,NA,NA,no,no,NA,NA,NA,no,no,NA,NA,NA,no,no,NA,NA,NA,NA,no,no,NA,NA,NA,no,no,NA,NA,NA,yes,yes,MrdA_Bla.16__MrdA_Bla__MrdA__836,99.37,280.2,no,no,no,NA,NA,NA,no,no,NA,NA,NA,NA,no,no,NA,NA,NA,NA,no,no,NA,NA,NA,NA,partial,no,SulII_Sul.256__SulII_Sul__SulII__1219,98.89,1.2,yes,no,no,NA,NA,NA,no,no,NA,NA,NA,NA,no,no,NA,NA,NA,NA,no,no,NA,NA,NA,NA
./ariba_amr_results/6711_2#4/report.tsv,yes,yes,AMPH_Ecoli_Bla.89__AMPH_Ecoli_Bla__AMPH__615,98.88,91.2,yes,no,no,NA,NA,NA,no,no,NA,NA,NA,no,no,NA,NA,NA,no,no,NA,NA,NA,NA,no,NA,NA,NA,NA,no,no,NA,NA,NA,yes,yes,AmpC1_Ecoli_Bla.49__AmpC1_Ecoli_Bla__AmpC1__1670,99.16,95.1,yes,yes,yes,AmpC2_Ecoli_Bla.99__AmpC2_Ecoli_Bla__AmpC2__346,97.27,74.3,yes,no,no,NA,NA,NA,no,no,NA,NA,NA,no,no,NA,NA,NA,partial,CatBx_Phe.371__CatBx_Phe__CatB4__602,100.0,2.2,no,no,no,NA,NA,NA,no,no,NA,NA,NA,no,no,NA,NA,NA,no,no,NA,NA,NA,NA,no,no,NA,NA,NA,no,no,NA,NA,NA,yes,yes,MrdA_Bla.16__MrdA_Bla__MrdA__836,99.37,99.9,no,no,no,NA,NA,NA,no,no,NA,NA,NA,NA,partial,no,StrA_AGly.263__StrA_AGly__StrA__1501,100.0,1.6,no,no,no,NA,NA,NA,NA,no,no,NA,NA,NA,NA,no,no,NA,NA,NA,no,no,NA,NA,NA,NA,no,no,NA,NA,NA,NA,no,no,NA,NA,NA,NA
./ariba_amr_results/6711_2#6/report.tsv,yes,yes,AMPH_Ecoli_Bla.89__AMPH_Ecoli_Bla__AMPH__615,98.88,129.9,no,no,no,NA,NA,NA,no,no,NA,NA,NA,no,no,NA,NA,NA,no,no,NA,NA,NA,NA,no,NA,NA,NA,NA,no,no,NA,NA,NA,yes,yes,AmpC1_Ecoli_Bla.49__AmpC1_Ecoli_Bla__AmpC1__1670,97.24,102.9,yes,yes,yes,AmpC2_Ecoli_Bla.99__AmpC2_Ecoli_Bla__AmpC2__346,97.53,126.5,yes,no,no,NA,NA,NA,no,no,NA,NA,NA,no,no,NA,NA,NA,partial,CatBx_Phe.371__CatBx_Phe__CatB4__602,100.0,108.6,no,no,no,NA,NA,NA,no,no,NA,NA,NA,no,no,NA,NA,NA,no,no,NA,NA,NA,NA,no,no,NA,NA,NA,no,no,NA,NA,NA,yes,yes,MrdA_Bla.16__MrdA_Bla__MrdA__836,99.37,148.4,no,no,no,NA,NA,NA,no,no,NA,NA,NA,NA,no,no,NA,NA,NA,NA,yes,yes,StrB_AGly.227__StrB_AGly__StrB__1614,99.88,200.4,yes,no,no,NA,NA,NA,NA,no,no,NA,NA,NA,yes,yes,TEM_1D_Bla.205__TEM_1D_Bla__TEM_95__948,99.88,208.4,yes,no,no,NA,NA,NA,NA,no,no,NA,NA,NA,NA
./ariba_amr_results/6711_2#7/report.tsv,yes,yes,AMPH_Ecoli_Bla.89__AMPH_Ecoli_Bla__AMPH__615,98.7,106.6,no,no,no,NA,NA,NA,no,no,NA,NA,NA,no,no,NA,NA,NA,no,no,NA,NA,NA,NA,no,NA,NA,NA,NA,no,no,NA,NA,NA,yes,yes,AmpC1_Ecoli_Bla.49__AmpC1_Ecoli_Bla__AmpC1__1670,98.16,97.6,yes,yes,yes,AmpC2_Ecoli_Bla.99__AmpC2_Ecoli_Bla__AmpC2__346,97.62,110.3,yes,no,no,NA,NA,NA,no,no,NA,NA,NA,no,no,NA,NA,NA,no,NA,NA,NA,NA,no,no,NA,NA,NA,no,no,NA,NA,NA,no,no,NA,NA,NA,no,no,NA,NA,NA,NA,no,no,NA,NA,NA,no,no,NA,NA,NA,yes,yes,MrdA_Bla.16__MrdA_Bla__MrdA__836,98.74,112.7,no,no,no,NA,NA,NA,no,no,NA,NA,NA,NA,no,no,NA,NA,NA,NA,no,no,NA,NA,NA,NA,no,no,NA,NA,NA,NA,no,no,NA,NA,NA,no,no,NA,NA,NA,NA,no,no,NA,NA,NA,NA,no,no,NA,NA,NA,NA
./ariba_amr_results/6711_2#9/report.tsv,yes,yes,AMPH_Ecoli_Bla.89__AMPH_Ecoli_Bla__AMPH__615,98.7,115.6,no,no,no,NA,NA,NA,no,no,NA,NA,NA,no,no,NA,NA,NA,partial,no,AadA_AGly.229__AadA_AGly__AadA15__1602,99.79,121.6,no,no,NA,NA,NA,NA,no,no,NA,NA,NA,yes,yes,AmpC1_Ecoli_Bla.49__AmpC1_Ecoli_Bla__AmpC1__1670,98.16,103.9,yes,yes,yes,AmpC2_Ecoli_Bla.99__AmpC2_Ecoli_Bla__AmpC2__346,97.62,129.0,yes,no,no,NA,NA,NA,no,no,NA,NA,NA,no,no,NA,NA,NA,partial,CatBx_Phe.371__CatBx_Phe__CatB4__602,100.0,67.2,no,no,no,NA,NA,NA,yes,yes,DfrA1_Tmt.430__DfrA1_Tmt__DfrA1__319,100.0,117.7,no,no,NA,NA,NA,no,no,NA,NA,NA,NA,no,no,NA,NA,NA,no,no,NA,NA,NA,yes,yes,MrdA_Bla.16__MrdA_Bla__MrdA__836,98.74,132.0,no,no,no,NA,NA,NA,yes,yes,Sat_2A_AGly.413__Sat_2A_AGly__Sat_2A__1088,100.0,100.8,no,yes,yes,StrA_AGly.263__StrA_AGly__StrA__1501,100.0,80.9,no,yes,yes,StrB_AGly.227__StrB_AGly__StrB__1614,100.0,75.5,no,yes,yes,SulII_Sul.256__SulII_Sul__SulII__1219,100.0,85.9,no,no,no,NA,NA,NA,no,no,NA,NA,NA,NA,yes,yes,TetA_Tet.52__TetA_Tet__TetA__1545,100.0,92.8,no,no,no,NA,NA,NA,NA
./ariba_amr_results/6753_7#2/report.tsv,yes,yes,AMPH_Ecoli_Bla.89__AMPH_Ecoli_Bla__AMPH__615,98.62,76.9,yes,no,no,NA,NA,NA,no,no,NA,NA,NA,no,no,NA,NA,NA,no,no,NA,NA,NA,NA,no,NA,NA,NA,NA,no,no,NA,NA,NA,interrupted,no,AmpC1_Ecoli_Bla.49__AmpC1_Ecoli_Bla__AmpC1__1670,98.62,65.4,yes,fragmented,no,AmpC2_Ecoli_Bla.99__AmpC2_Ecoli_Bla__AmpC2__346,98.57,65.3,yes,no,no,NA,NA,NA,no,no,NA,NA,NA,no,no,NA,NA,NA,no,NA,NA,NA,NA,no,no,NA,NA,NA,no,no,NA,NA,NA,no,no,NA,NA,NA,no,no,NA,NA,NA,NA,no,no,NA,NA,NA,no,no,NA,NA,NA,yes,yes,MrdA_Bla.16__MrdA_Bla__MrdA__836,99.79,74.8,no,no,no,NA,NA,NA,no,no,NA,NA,NA,NA,no,no,NA,NA,NA,NA,no,no,NA,NA,NA,NA,no,no,NA,NA,NA,NA,no,no,NA,NA,NA,no,no,NA,NA,NA,NA,no,no,NA,NA,NA,NA,no,no,NA,NA,NA,NA
./ariba_amr_results/6753_7#22/report.tsv,yes,yes,AMPH_Ecoli_Bla.89__AMPH_Ecoli_Bla__AMPH__615,98.88,80.6,yes,no,no,NA,NA,NA,no,no,NA,NA,NA,no,no,NA,NA,NA,no,no,NA,NA,NA,NA,no,NA,NA,NA,NA,no,no,NA,NA,NA,yes,yes,AmpC1_Ecoli_Bla.49__AmpC1_Ecoli_Bla__AmpC1__1670,99.16,81.7,yes,yes,yes,AmpC2_Ecoli_Bla.99__AmpC2_Ecoli_Bla__AmpC2__346,97.27,78.0,yes,no,no,NA,NA,NA,no,no,NA,NA,NA,no,no,NA,NA,NA,no,NA,NA,NA,NA,no,no,NA,NA,NA,no,no,NA,NA,NA,no,no,NA,NA,NA,no,no,NA,NA,NA,NA,no,no,NA,NA,NA,no,no,NA,NA,NA,yes,yes,MrdA_Bla.16__MrdA_Bla__MrdA__836,99.37,89.8,no,no,no,NA,NA,NA,no,no,NA,NA,NA,NA,no,no,NA,NA,NA,NA,no,no,NA,NA,NA,NA,no,no,NA,NA,NA,NA,no,no,NA,NA,NA,no,no,NA,NA,NA,NA,no,no,NA,NA,NA,NA,no,no,NA,NA,NA,NA
./ariba_amr_results/6753_7#23/report.tsv,yes,yes,AMPH_Ecoli_Bla.89__AMPH_Ecoli_Bla__AMPH__615,99.14,75.2,yes,no,no,NA,NA,NA,no,no,NA,NA,NA,no,no,NA,NA,NA,no,no,NA,NA,NA,NA,no,NA,NA,NA,NA,no,no,NA,NA,NA,yes,yes,AmpC1_Ecoli_Bla.49__AmpC1_Ecoli_Bla__AmpC1__1670,98.16,75.3,yes,yes,yes,AmpC2_Ecoli_Bla.99__AmpC2_Ecoli_Bla__AmpC2__346,97.53,66.3,yes,no,no,NA,NA,NA,no,no,NA,NA,NA,no,no,NA,NA,NA,no,NA,NA,NA,NA,no,no,NA,NA,NA,no,no,NA,NA,NA,no,no,NA,NA,NA,no,no,NA,NA,NA,NA,no,no,NA,NA,NA,no,no,NA,NA,NA,yes,yes,MrdA_Bla.16__MrdA_Bla__MrdA__836,99.37,88.2,no,no,no,NA,NA,NA,no,no,NA,NA,NA,NA,no,no,NA,NA,NA,NA,no,no,NA,NA,NA,NA,no,no,NA,NA,NA,NA,no,no,NA,NA,NA,no,no,NA,NA,NA,NA,no,no,NA,NA,NA,NA,no,no,NA,NA,NA,NA
./ariba_amr_results/6753_7#24/report.tsv,yes,yes,AMPH_Ecoli_Bla.89__AMPH_Ecoli_Bla__AMPH__615,98.88,94.8,yes,no,no,NA,NA,NA,no,no,NA,NA,NA,no,no,NA,NA,NA,no,no,NA,NA,NA,NA,no,NA,NA,NA,NA,no,no,NA,NA,NA,yes,yes,AmpC1_Ecoli_Bla.49__AmpC1_Ecoli_Bla__AmpC1__1670,99.16,95.4,yes,yes,yes,AmpC2_Ecoli_Bla.99__AmpC2_Ecoli_Bla__AmpC2__346,97.27,87.4,yes,no,no,NA,NA,NA,no,no,NA,NA,NA,no,no,NA,NA,NA,no,NA,NA,NA,NA,no,no,NA,NA,NA,no,no,NA,NA,NA,no,no,NA,NA,NA,no,no,NA,NA,NA,NA,no,no,NA,NA,NA,no,no,NA,NA,NA,yes,yes,MrdA_Bla.16__MrdA_Bla__MrdA__836,99.32,101.1,yes,no,no,NA,NA,NA,no,no,NA,NA,NA,NA,no,no,NA,NA,NA,NA,no,no,NA,NA,NA,NA,no,no,NA,NA,NA,NA,no,no,NA,NA,NA,no,no,NA,NA,NA,NA,no,no,NA,NA,NA,NA,no,no,NA,NA,NA,NA
./ariba_amr_results/6753_7#3/report.tsv,yes,yes,AMPH_Ecoli_Bla.89__AMPH_Ecoli_Bla__AMPH__615,98.7,66.1,no,no,no,NA,NA,NA,no,no,NA,NA,NA,no,no,NA,NA,NA,no,no,NA,NA,NA,NA,no,NA,NA,NA,NA,no,no,NA,NA,NA,yes,yes,AmpC1_Ecoli_Bla.49__AmpC1_Ecoli_Bla__AmpC1__1670,98.16,61.1,yes,yes,yes,AmpC2_Ecoli_Bla.99__AmpC2_Ecoli_Bla__AmpC2__346,97.62,64.6,yes,no,no,NA,NA,NA,no,no,NA,NA,NA,no,no,NA,NA,NA,no,NA,NA,NA,NA,no,no,NA,NA,NA,no,no,NA,NA,NA,no,no,NA,NA,NA,no,no,NA,NA,NA,NA,no,no,NA,NA,NA,no,no,NA,NA,NA,yes,yes,MrdA_Bla.16__MrdA_Bla__MrdA__836,98.74,73.6,no,no,no,NA,NA,NA,no,no,NA,NA,NA,NA,no,no,NA,NA,NA,NA,no,no,NA,NA,NA,NA,no,no,NA,NA,NA,NA,no,no,NA,NA,NA,no,no,NA,NA,NA,NA,no,no,NA,NA,NA,NA,no,no,NA,NA,NA,NA
./ariba_amr_results/6753_7#4/report.tsv,yes,yes,AMPH_Ecoli_Bla.89__AMPH_Ecoli_Bla__AMPH__615,99.91,78.1,no,no,no,NA,NA,NA,no,no,NA,NA,NA,no,no,NA,NA,NA,no,no,NA,NA,NA,NA,no,NA,NA,NA,NA,no,no,NA,NA,NA,yes,yes,AmpC1_Ecoli_Bla.49__AmpC1_Ecoli_Bla__AmpC1__1670,100.0,86.7,no,yes,yes,AmpC2_Ecoli_Bla.99__AmpC2_Ecoli_Bla__AmpC2__346,100.0,90.2,no,no,no,NA,NA,NA,no,no,NA,NA,NA,no,no,NA,NA,NA,no,NA,NA,NA,NA,no,no,NA,NA,NA,no,no,NA,NA,NA,no,no,NA,NA,NA,no,no,NA,NA,NA,NA,no,no,NA,NA,NA,no,no,NA,NA,NA,yes,yes,MrdA_Bla.16__MrdA_Bla__MrdA__836,100.0,89.9,no,no,no,NA,NA,NA,no,no,NA,NA,NA,NA,no,no,NA,NA,NA,NA,no,no,NA,NA,NA,NA,no,no,NA,NA,NA,NA,no,no,NA,NA,NA,no,no,NA,NA,NA,NA,no,no,NA,NA,NA,NA,no,no,NA,NA,NA,NA
./ariba_amr_results/6753_7#9/report.tsv,yes,yes,AMPH_Ecoli_Bla.89__AMPH_Ecoli_Bla__AMPH__615,99.4,82.7,yes,no,no,NA,NA,NA,no,no,NA,NA,NA,no,no,NA,NA,NA,no,no,NA,NA,NA,NA,no,NA,NA,NA,NA,no,no,NA,NA,NA,yes,yes,AmpC1_Ecoli_Bla.49__AmpC1_Ecoli_Bla__AmpC1__1670,98.62,77.1,yes,yes,yes,AmpC2_Ecoli_Bla.99__AmpC2_Ecoli_Bla__AmpC2__346,97.53,75.8,yes,no,no,NA,NA,NA,no,no,NA,NA,NA,no,no,NA,NA,NA,no,NA,NA,NA,NA,no,no,NA,NA,NA,no,no,NA,NA,NA,no,no,NA,NA,NA,no,no,NA,NA,NA,NA,no,no,NA,NA,NA,no,no,NA,NA,NA,yes,yes,MrdA_Bla.16__MrdA_Bla__MrdA__836,99.05,87.1,no,no,no,NA,NA,NA,no,no,NA,NA,NA,NA,no,no,NA,NA,NA,NA,no,no,NA,NA,NA,NA,no,no,NA,NA,NA,NA,no,no,NA,NA,NA,no,no,NA,NA,NA,NA,no,no,NA,NA,NA,NA,no,no,NA,NA,NA,NA
./ariba_amr_results/6753_8#1/report.tsv,yes,yes,AMPH_Ecoli_Bla.89__AMPH_Ecoli_Bla__AMPH__615,98.88,78.0,yes,no,no,NA,NA,NA,no,no,NA,NA,NA,no,no,NA,NA,NA,no,no,NA,NA,NA,NA,no,NA,NA,NA,NA,no,no,NA,NA,NA,yes,yes,AmpC1_Ecoli_Bla.49__AmpC1_Ecoli_Bla__AmpC1__1670,98.31,75.7,yes,yes,yes,AmpC2_Ecoli_Bla.99__AmpC2_Ecoli_Bla__AmpC2__346,97.27,67.5,yes,no,no,NA,NA,NA,no,no,NA,NA,NA,no,no,NA,NA,NA,no,NA,NA,NA,NA,no,no,NA,NA,NA,no,no,NA,NA,NA,no,no,NA,NA,NA,no,no,NA,NA,NA,NA,no,no,NA,NA,NA,no,no,NA,NA,NA,yes,yes,MrdA_Bla.16__MrdA_Bla__MrdA__836,99.37,88.0,no,no,no,NA,NA,NA,no,no,NA,NA,NA,NA,no,no,NA,NA,NA,NA,no,no,NA,NA,NA,NA,no,no,NA,NA,NA,NA,no,no,NA,NA,NA,no,no,NA,NA,NA,NA,no,no,NA,NA,NA,NA,no,no,NA,NA,NA,NA
./ariba_amr_results/6753_8#11/report.tsv,yes,yes,AMPH_Ecoli_Bla.89__AMPH_Ecoli_Bla__AMPH__615,98.7,67.5,no,no,no,NA,NA,NA,no,no,NA,NA,NA,no,no,NA,NA,NA,no,no,NA,NA,NA,NA,no,NA,NA,NA,NA,no,no,NA,NA,NA,yes,yes,AmpC1_Ecoli_Bla.49__AmpC1_Ecoli_Bla__AmpC1__1670,98.16,56.8,yes,yes,yes,AmpC2_Ecoli_Bla.99__AmpC2_Ecoli_Bla__AmpC2__346,97.62,61.9,yes,no,no,NA,NA,NA,no,no,NA,NA,NA,no,no,NA,NA,NA,no,NA,NA,NA,NA,no,no,NA,NA,NA,no,no,NA,NA,NA,no,no,NA,NA,NA,no,no,NA,NA,NA,NA,no,no,NA,NA,NA,no,no,NA,NA,NA,yes,yes,MrdA_Bla.16__MrdA_Bla__MrdA__836,98.74,68.4,no,no,no,NA,NA,NA,no,no,NA,NA,NA,NA,no,no,NA,NA,NA,NA,no,no,NA,NA,NA,NA,no,no,NA,NA,NA,NA,no,no,NA,NA,NA,no,no,NA,NA,NA,NA,no,no,NA,NA,NA,NA,yes,yes,TetB_Tet.67__TetB_Tet__TetB__1213,99.59,72.8,yes
./ariba_amr_results/6753_8#12/report.tsv,yes,yes,AMPH_Ecoli_Bla.89__AMPH_Ecoli_Bla__AMPH__615,98.88,81.5,yes,no,no,NA,NA,NA,no,no,NA,NA,NA,no,no,NA,NA,NA,no,no,NA,NA,NA,NA,no,NA,NA,NA,NA,no,no,NA,NA,NA,yes,yes,AmpC1_Ecoli_Bla.49__AmpC1_Ecoli_Bla__AmpC1__1670,99.16,98.3,yes,yes,yes,AmpC2_Ecoli_Bla.99__AmpC2_Ecoli_Bla__AmpC2__346,97.18,74.4,yes,no,no,NA,NA,NA,no,no,NA,NA,NA,no,no,NA,NA,NA,no,NA,NA,NA,NA,no,no,NA,NA,NA,no,no,NA,NA,NA,no,no,NA,NA,NA,no,no,NA,NA,NA,NA,no,no,NA,NA,NA,no,no,NA,NA,NA,yes,yes,MrdA_Bla.16__MrdA_Bla__MrdA__836,99.37,96.2,no,no,no,NA,NA,NA,no,no,NA,NA,NA,NA,no,no,NA,NA,NA,NA,no,no,NA,NA,NA,NA,no,no,NA,NA,NA,NA,no,no,NA,NA,NA,no,no,NA,NA,NA,NA,no,no,NA,NA,NA,NA,yes,yes,TetB_Tet.67__TetB_Tet__TetB__1213,99.75,51.0,yes
./ariba_amr_results/6753_8#14/report.tsv,yes,yes,AMPH_Ecoli_Bla.89__AMPH_Ecoli_Bla__AMPH__615,98.88,73.3,yes,no,no,NA,NA,NA,no,no,NA,NA,NA,no,no,NA,NA,NA,yes,yes,AadA_AGly.229__AadA_AGly__AadA17__1603,95.83,44.5,yes,no,NA,NA,NA,NA,yes,yes,AadA_AGly.229__AadA_AGly__AadA2__1605,99.87,42.9,yes,yes,AmpC1_Ecoli_Bla.49__AmpC1_Ecoli_Bla__AmpC1__1670,98.7,67.4,yes,yes,yes,AmpC2_Ecoli_Bla.99__AmpC2_Ecoli_Bla__AmpC2__346,97.44,70.1,yes,no,no,NA,NA,NA,no,no,NA,NA,NA,no,no,NA,NA,NA,partial,CatBx_Phe.371__CatBx_Phe__CatB4__602,100.0,80.1,no,no,no,NA,NA,NA,no,no,NA,NA,NA,no,no,NA,NA,NA,no,no,NA,NA,NA,NA,yes,yes,DfrA_Tmt.418__DfrA_Tmt__DfrA12__1089,100.0,40.1,yes,yes,MphA_MLS.158__MphA_MLS__MphA__1663,100.0,37.9,yes,yes,MrdA_Bla.16__MrdA_Bla__MrdA__836,99.0,79.9,no,no,no,NA,NA,NA,no,no,NA,NA,NA,NA,yes,yes,StrA_AGly.263__StrA_AGly__StrA__1501,100.0,47.1,no,yes,yes,StrB_AGly.227__StrB_AGly__StrB__1614,100.0,48.8,no,no,no,NA,NA,NA,NA,yes,yes,SulI_Sul.225__SulI_Sul__SulI__1616,100.0,41.0,yes_nonunique,yes,TEM_1D_Bla.205__TEM_1D_Bla__TEM_95__948,99.88,227.9,yes,no,no,NA,NA,NA,NA,yes,yes,TetB_Tet.67__TetB_Tet__TetB__1213,99.67,56.4,yes
./ariba_amr_results/6753_8#15/report.tsv,yes,yes,AMPH_Ecoli_Bla.89__AMPH_Ecoli_Bla__AMPH__615,98.7,87.2,no,no,no,NA,NA,NA,no,no,NA,NA,NA,no,no,NA,NA,NA,no,no,NA,NA,NA,NA,no,NA,NA,NA,NA,no,no,NA,NA,NA,yes,yes,AmpC1_Ecoli_Bla.49__AmpC1_Ecoli_Bla__AmpC1__1670,98.08,93.4,yes,yes,yes,AmpC2_Ecoli_Bla.99__AmpC2_Ecoli_Bla__AmpC2__346,97.71,84.2,yes,no,no,NA,NA,NA,no,no,NA,NA,NA,no,no,NA,NA,NA,no,NA,NA,NA,NA,no,no,NA,NA,NA,no,no,NA,NA,NA,no,no,NA,NA,NA,no,no,NA,NA,NA,NA,no,no,NA,NA,NA,no,no,NA,NA,NA,yes,yes,MrdA_Bla.16__MrdA_Bla__MrdA__836,98.79,104.0,no,no,no,NA,NA,NA,no,no,NA,NA,NA,NA,no,no,NA,NA,NA,NA,no,no,NA,NA,NA,NA,no,no,NA,NA,NA,NA,no,no,NA,NA,NA,no,no,NA,NA,NA,NA,no,no,NA,NA,NA,NA,no,no,NA,NA,NA,NA
./ariba_amr_results/6753_8#16/report.tsv,yes,yes,AMPH_Ecoli_Bla.89__AMPH_Ecoli_Bla__AMPH__615,98.7,81.2,no,no,no,NA,NA,NA,no,no,NA,NA,NA,no,no,NA,NA,NA,no,no,NA,NA,NA,NA,no,NA,NA,NA,NA,no,no,NA,NA,NA,yes,yes,AmpC1_Ecoli_Bla.49__AmpC1_Ecoli_Bla__AmpC1__1670,98.16,68.9,yes,yes,yes,AmpC2_Ecoli_Bla.99__AmpC2_Ecoli_Bla__AmpC2__346,97.62,71.1,yes,no,no,NA,NA,NA,no,no,NA,NA,NA,no,no,NA,NA,NA,partial,CatBx_Phe.371__CatBx_Phe__CatB4__602,100.0,101.5,no,no,no,NA,NA,NA,no,no,NA,NA,NA,no,no,NA,NA,NA,yes,yes,DfrA8_Tmt.416__DfrA8_Tmt__DfrA8__1079,100.0,356.1,no,no,no,NA,NA,NA,no,no,NA,NA,NA,yes,yes,MrdA_Bla.16__MrdA_Bla__MrdA__836,98.74,81.5,no,no,no,NA,NA,NA,no,no,NA,NA,NA,NA,yes,yes,StrA_AGly.263__StrA_AGly__StrA__1501,99.88,88.8,no,yes,yes,StrB_AGly.227__StrB_AGly__StrB__1614,99.88,79.4,yes,yes,yes,SulII_Sul.256__SulII_Sul__SulII__1219,100.0,90.3,no,no,no,NA,NA,NA,yes,yes,TEM_1D_Bla.205__TEM_1D_Bla__TEM_95__948,99.88,95.1,yes,no,no,NA,NA,NA,NA,yes,yes,TetB_Tet.67__TetB_Tet__TetB__1213,99.59,103.2,yes
./ariba_amr_results/6753_8#17/report.tsv,yes,yes,AMPH_Ecoli_Bla.89__AMPH_Ecoli_Bla__AMPH__615,96.8,67.9,yes,no,no,NA,NA,NA,no,no,NA,NA,NA,no,no,NA,NA,NA,no,no,NA,NA,NA,NA,no,NA,NA,NA,NA,no,no,NA,NA,NA,yes,yes,AmpC1_Ecoli_Bla.49__AmpC1_Ecoli_Bla__AmpC1__1670,96.46,62.1,yes,yes,yes,AmpC2_Ecoli_Bla.99__AmpC2_Ecoli_Bla__AmpC2__346,98.5,89.3,yes,no,no,NA,NA,NA,no,no,NA,NA,NA,no,no,NA,NA,NA,partial,CatBx_Phe.371__CatBx_Phe__CatB4__602,100.0,66.6,no,no,no,NA,NA,NA,no,no,NA,NA,NA,no,no,NA,NA,NA,yes,yes,DfrA8_Tmt.416__DfrA8_Tmt__DfrA8__1079,100.0,87.0,no,no,no,NA,NA,NA,no,no,NA,NA,NA,yes,yes,MrdA_Bla.16__MrdA_Bla__MrdA__836,98.79,95.2,no,no,no,NA,NA,NA,no,no,NA,NA,NA,NA,yes,yes,StrA_AGly.263__StrA_AGly__StrA__1501,99.88,100.0,no,yes,yes,StrB_AGly.227__StrB_AGly__StrB__1614,99.88,90.5,yes,yes,yes,SulII_Sul.256__SulII_Sul__SulII__1219,100.0,93.6,no,no,no,NA,NA,NA,yes,yes,TEM_1D_Bla.205__TEM_1D_Bla__TEM_95__948,99.88,113.4,yes,no,no,NA,NA,NA,NA,yes,yes,TetB_Tet.67__TetB_Tet__TetB__1213,99.59,118.6,yes
./ariba_amr_results/6753_8#19/report.tsv,yes,yes,AMPH_Ecoli_Bla.89__AMPH_Ecoli_Bla__AMPH__615,98.7,74.8,no,no,no,NA,NA,NA,no,no,NA,NA,NA,no,no,NA,NA,NA,no,no,NA,NA,NA,NA,no,NA,NA,NA,NA,no,no,NA,NA,NA,yes,yes,AmpC1_Ecoli_Bla.49__AmpC1_Ecoli_Bla__AmpC1__1670,98.16,63.5,yes,yes,yes,AmpC2_Ecoli_Bla.99__AmpC2_Ecoli_Bla__AmpC2__346,97.71,63.4,yes,no,no,NA,NA,NA,no,no,NA,NA,NA,no,no,NA,NA,NA,no,NA,NA,NA,NA,no,no,NA,NA,NA,no,no,NA,NA,NA,no,no,NA,NA,NA,no,no,NA,NA,NA,NA,no,no,NA,NA,NA,no,no,NA,NA,NA,yes,yes,MrdA_Bla.16__MrdA_Bla__MrdA__836,99.26,76.6,yes,no,no,NA,NA,NA,no,no,NA,NA,NA,NA,no,no,NA,NA,NA,NA,no,no,NA,NA,NA,NA,no,no,NA,NA,NA,NA,no,no,NA,NA,NA,no,no,NA,NA,NA,NA,no,no,NA,NA,NA,NA,yes,yes,TetB_Tet.67__TetB_Tet__TetB__1213,99.67,255.5,yes
./ariba_amr_results/6753_8#2/report.tsv,yes,yes,AMPH_Ecoli_Bla.89__AMPH_Ecoli_Bla__AMPH__615,98.88,80.3,yes,no,no,NA,NA,NA,no,no,NA,NA,NA,no,no,NA,NA,NA,no,no,NA,NA,NA,NA,no,NA,NA,NA,NA,no,no,NA,NA,NA,yes,yes,AmpC1_Ecoli_Bla.49__AmpC1_Ecoli_Bla__AmpC1__1670,99.92,85.6,yes,yes,yes,AmpC2_Ecoli_Bla.99__AmpC2_Ecoli_Bla__AmpC2__346,97.35,68.1,yes,no,no,NA,NA,NA,no,no,NA,NA,NA,yes,yes,CatA1_Phe.352__CatA1_Phe__CatA1__1470,99.85,89.4,no,NA,NA,NA,NA,no,no,NA,NA,NA,no,no,NA,NA,NA,no,no,NA,NA,NA,no,no,NA,NA,NA,NA,no,no,NA,NA,NA,no,no,NA,NA,NA,yes,yes,MrdA_Bla.16__MrdA_Bla__MrdA__836,100.0,90.3,no,no,no,NA,NA,NA,no,no,NA,NA,NA,NA,no,no,NA,NA,NA,NA,no,no,NA,NA,NA,NA,no,no,NA,NA,NA,NA,no,no,NA,NA,NA,no,no,NA,NA,NA,NA,no,no,NA,NA,NA,NA,yes,yes,TetB_Tet.67__TetB_Tet__TetB__1213,99.67,92.5,yes
./ariba_amr_results/6753_8#20/report.tsv,yes,yes,AMPH_Ecoli_Bla.89__AMPH_Ecoli_Bla__AMPH__615,98.7,75.6,no,no,no,NA,NA,NA,no,no,NA,NA,NA,no,no,NA,NA,NA,no,no,NA,NA,NA,NA,no,NA,NA,NA,NA,no,no,NA,NA,NA,yes,yes,AmpC1_Ecoli_Bla.49__AmpC1_Ecoli_Bla__AmpC1__1670,98.16,58.9,yes,yes,yes,AmpC2_Ecoli_Bla.99__AmpC2_Ecoli_Bla__AmpC2__346,97.71,63.2,yes,no,no,NA,NA,NA,no,no,NA,NA,NA,no,no,NA,NA,NA,partial,CatBx_Phe.371__CatBx_Phe__CatB4__602,100.0,34.0,no,no,no,NA,NA,NA,no,no,NA,NA,NA,no,no,NA,NA,NA,yes,yes,DfrA8_Tmt.416__DfrA8_Tmt__DfrA8__1079,100.0,54.0,no,no,no,NA,NA,NA,no,no,NA,NA,NA,yes,yes,MrdA_Bla.16__MrdA_Bla__MrdA__836,99.21,80.6,yes,no,no,NA,NA,NA,no,no,NA,NA,NA,NA,yes,yes,StrA_AGly.263__StrA_AGly__StrA__1501,99.88,55.8,no,yes,yes,StrB_AGly.227__StrB_AGly__StrB__1614,100.0,54.0,no,yes,yes,SulII_Sul.256__SulII_Sul__SulII__1219,100.0,58.8,no,no,no,NA,NA,NA,no,no,NA,NA,NA,NA,no,no,NA,NA,NA,NA,yes,yes,TetB_Tet.67__TetB_Tet__TetB__1213,99.67,74.8,yes
./ariba_amr_results/6753_8#21/report.tsv,yes,yes,AMPH_Ecoli_Bla.89__AMPH_Ecoli_Bla__AMPH__615,98.88,65.5,no,no,no,NA,NA,NA,no,no,NA,NA,NA,no,no,NA,NA,NA,no,no,NA,NA,NA,NA,no,NA,NA,NA,NA,no,no,NA,NA,NA,yes,yes,AmpC1_Ecoli_Bla.49__AmpC1_Ecoli_Bla__AmpC1__1670,98.16,64.4,yes,yes,yes,AmpC2_Ecoli_Bla.99__AmpC2_Ecoli_Bla__AmpC2__346,97.71,63.8,yes,no,no,NA,NA,NA,no,no,NA,NA,NA,no,no,NA,NA,NA,partial,CatBx_Phe.371__CatBx_Phe__CatB4__602,100.0,24.7,no,no,no,NA,NA,NA,no,no,NA,NA,NA,yes,yes,DfrA7_Tmt.433__DfrA7_Tmt__DfrA7__318,100.0,79.6,no,no,NA,NA,NA,NA,no,no,NA,NA,NA,no,no,NA,NA,NA,yes,yes,MrdA_Bla.16__MrdA_Bla__MrdA__836,99.32,74.7,no,no,no,NA,NA,NA,no,no,NA,NA,NA,NA,yes,yes,StrA_AGly.263__StrA_AGly__StrA__1501,99.88,80.3,no,yes,yes,StrB_AGly.227__StrB_AGly__StrB__1614,99.88,81.0,yes,yes,yes,SulII_Sul.256__SulII_Sul__SulII__1219,100.0,86.0,no,yes,yes,SulI_Sul.225__SulI_Sul__SulI__1616,100.0,79.1,yes,yes,TEM_1D_Bla.205__TEM_1D_Bla__TEM_95__948,99.88,87.6,yes,yes,yes,TetA_Tet.52__TetA_Tet__TetA__1545,100.0,89.4,no,no,no,NA,NA,NA,NA
./ariba_amr_results/6753_8#22/report.tsv,yes,yes,AMPH_Ecoli_Bla.89__AMPH_Ecoli_Bla__AMPH__615,98.96,82.4,no,no,no,NA,NA,NA,no,no,NA,NA,NA,no,no,NA,NA,NA,no,no,NA,NA,NA,NA,no,NA,NA,NA,NA,no,no,NA,NA,NA,yes,yes,AmpC1_Ecoli_Bla.49__AmpC1_Ecoli_Bla__AmpC1__1670,99.23,87.5,yes,yes,yes,AmpC2_Ecoli_Bla.99__AmpC2_Ecoli_Bla__AmpC2__346,98.32,75.9,yes,no,no,NA,NA,NA,no,no,NA,NA,NA,no,no,NA,NA,NA,partial,CatBx_Phe.371__CatBx_Phe__CatB4__602,100.0,77.6,no,no,no,NA,NA,NA,no,no,NA,NA,NA,no,no,NA,NA,NA,yes,yes,DfrA8_Tmt.416__DfrA8_Tmt__DfrA8__1079,100.0,99.3,no,no,no,NA,NA,NA,no,no,NA,NA,NA,yes,yes,MrdA_Bla.16__MrdA_Bla__MrdA__836,99.37,87.0,no,no,no,NA,NA,NA,no,no,NA,NA,NA,NA,yes,yes,StrA_AGly.263__StrA_AGly__StrA__1501,99.88,113.2,no,yes,yes,StrB_AGly.227__StrB_AGly__StrB__1614,99.88,107.1,yes,yes,yes,SulII_Sul.256__SulII_Sul__SulII__1219,100.0,113.0,no,no,no,NA,NA,NA,yes,yes,TEM_1D_Bla.205__TEM_1D_Bla__TEM_95__948,99.88,121.0,yes,no,no,NA,NA,NA,NA,no,no,NA,NA,NA,NA
./ariba_amr_results/7114_1#8/report.tsv,yes,yes,AMPH_Ecoli_Bla.89__AMPH_Ecoli_Bla__AMPH__615,98.7,61.5,no,no,no,NA,NA,NA,no,no,NA,NA,NA,no,no,NA,NA,NA,no,no,NA,NA,NA,NA,no,NA,NA,NA,NA,no,no,NA,NA,NA,yes,yes,AmpC1_Ecoli_Bla.49__AmpC1_Ecoli_Bla__AmpC1__1670,98.16,52.5,yes,yes,yes,AmpC2_Ecoli_Bla.99__AmpC2_Ecoli_Bla__AmpC2__346,97.71,54.5,yes,no,no,NA,NA,NA,no,no,NA,NA,NA,no,no,NA,NA,NA,no,NA,NA,NA,NA,no,no,NA,NA,NA,no,no,NA,NA,NA,no,no,NA,NA,NA,no,no,NA,NA,NA,NA,no,no,NA,NA,NA,no,no,NA,NA,NA,yes,yes,MrdA_Bla.16__MrdA_Bla__MrdA__836,98.95,66.3,no,no,no,NA,NA,NA,no,no,NA,NA,NA,NA,no,no,NA,NA,NA,NA,no,no,NA,NA,NA,NA,no,no,NA,NA,NA,NA,no,no,NA,NA,NA,no,no,NA,NA,NA,NA,no,no,NA,NA,NA,NA,no,no,NA,NA,NA,NA
./ariba_amr_results/7114_1#9/report.tsv,yes,yes,AMPH_Ecoli_Bla.89__AMPH_Ecoli_Bla__AMPH__615,99.31,51.6,yes,no,no,NA,NA,NA,no,no,NA,NA,NA,no,no,NA,NA,NA,no,no,NA,NA,NA,NA,no,NA,NA,NA,NA,no,no,NA,NA,NA,yes,yes,AmpC1_Ecoli_Bla.49__AmpC1_Ecoli_Bla__AmpC1__1670,98.62,48.3,yes,yes,yes,AmpC2_Ecoli_Bla.99__AmpC2_Ecoli_Bla__AmpC2__346,97.53,47.7,yes,no,no,NA,NA,NA,no,no,NA,NA,NA,no,no,NA,NA,NA,partial,CatBx_Phe.371__CatBx_Phe__CatB4__602,100.0,112.2,no,no,no,NA,NA,NA,no,no,NA,NA,NA,no,no,NA,NA,NA,yes,yes,DfrA8_Tmt.416__DfrA8_Tmt__DfrA8__1079,100.0,149.7,no,no,no,NA,NA,NA,no,no,NA,NA,NA,yes,yes,MrdA_Bla.16__MrdA_Bla__MrdA__836,99.05,56.8,no,no,no,NA,NA,NA,no,no,NA,NA,NA,NA,yes,yes,StrA_AGly.263__StrA_AGly__StrA__1501,99.88,156.8,no,yes,yes,StrB_AGly.227__StrB_AGly__StrB__1614,99.88,141.0,yes,yes,yes,SulII_Sul.256__SulII_Sul__SulII__1219,100.0,147.9,no,no,no,NA,NA,NA,yes,yes,TEM_1D_Bla.205__TEM_1D_Bla__TEM_95__948,99.88,167.3,yes,no,no,NA,NA,NA,NA,yes,yes,TetB_Tet.67__TetB_Tet__TetB__1213,99.67,166.1,yes
./ariba_amr_results/7521_1#1/report.tsv,yes,yes,AMPH_Ecoli_Bla.89__AMPH_Ecoli_Bla__AMPH__615,99.22,39.3,no,no,no,NA,NA,NA,no,no,NA,NA,NA,no,no,NA,NA,NA,no,no,NA,NA,NA,NA,no,NA,NA,NA,NA,no,no,NA,NA,NA,yes,yes,AmpC1_Ecoli_Bla.49__AmpC1_Ecoli_Bla__AmpC1__1670,98.16,37.8,yes,yes,yes,AmpC2_Ecoli_Bla.99__AmpC2_Ecoli_Bla__AmpC2__346,97.53,40.8,yes,no,no,NA,NA,NA,no,no,NA,NA,NA,no,no,NA,NA,NA,no,NA,NA,NA,NA,no,no,NA,NA,NA,no,no,NA,NA,NA,no,no,NA,NA,NA,no,no,NA,NA,NA,NA,no,no,NA,NA,NA,no,no,NA,NA,NA,yes,yes,MrdA_Bla.16__MrdA_Bla__MrdA__836,99.37,43.0,no,no,no,NA,NA,NA,no,no,NA,NA,NA,NA,no,no,NA,NA,NA,NA,no,no,NA,NA,NA,NA,no,no,NA,NA,NA,NA,no,no,NA,NA,NA,no,no,NA,NA,NA,NA,no,no,NA,NA,NA,NA,no,no,NA,NA,NA,NA
./ariba_amr_results/7521_1#15/report.tsv,yes,yes,AMPH_Ecoli_Bla.89__AMPH_Ecoli_Bla__AMPH__615,99.31,42.6,no,no,no,NA,NA,NA,no,no,NA,NA,NA,no,no,NA,NA,NA,no,no,NA,NA,NA,NA,no,NA,NA,NA,NA,no,no,NA,NA,NA,yes,yes,AmpC1_Ecoli_Bla.49__AmpC1_Ecoli_Bla__AmpC1__1670,98.16,44.8,yes,yes,yes,AmpC2_Ecoli_Bla.99__AmpC2_Ecoli_Bla__AmpC2__346,97.53,36.7,yes,no,no,NA,NA,NA,no,no,NA,NA,NA,no,no,NA,NA,NA,partial,CatBx_Phe.371__CatBx_Phe__CatB4__602,100.0,188.8,no,no,no,NA,NA,NA,no,no,NA,NA,NA,no,no,NA,NA,NA,no,no,NA,NA,NA,NA,no,no,NA,NA,NA,yes,yes,MphA_MLS.158__MphA_MLS__MphA__1663,100.0,468.7,yes,yes,MrdA_Bla.16__MrdA_Bla__MrdA__836,99.37,44.6,no,no,no,NA,NA,NA,no,no,NA,NA,NA,NA,no,no,NA,NA,NA,NA,no,no,NA,NA,NA,NA,no,no,NA,NA,NA,NA,no,no,NA,NA,NA,yes,yes,TEM_1D_Bla.205__TEM_1D_Bla__TEM_95__948,99.88,580.1,yes,no,no,NA,NA,NA,NA,no,no,NA,NA,NA,NA
./ariba_amr_results/7521_1#17/report.tsv,yes,yes,AMPH_Ecoli_Bla.89__AMPH_Ecoli_Bla__AMPH__615,98.7,48.0,no,no,no,NA,NA,NA,no,no,NA,NA,NA,no,no,NA,NA,NA,no,no,NA,NA,NA,NA,no,NA,NA,NA,NA,no,no,NA,NA,NA,yes,yes,AmpC1_Ecoli_Bla.49__AmpC1_Ecoli_Bla__AmpC1__1670,98.16,47.8,yes,yes,yes,AmpC2_Ecoli_Bla.99__AmpC2_Ecoli_Bla__AmpC2__346,97.53,50.3,yes,no,no,NA,NA,NA,no,no,NA,NA,NA,no,no,NA,NA,NA,partial,CatBx_Phe.371__CatBx_Phe__CatB4__602,100.0,64.4,no,no,no,NA,NA,NA,no,no,NA,NA,NA,no,no,NA,NA,NA,yes,yes,DfrA8_Tmt.416__DfrA8_Tmt__DfrA8__1079,100.0,94.5,no,no,no,NA,NA,NA,no,no,NA,NA,NA,yes,yes,MrdA_Bla.16__MrdA_Bla__MrdA__836,98.69,51.6,no,no,no,NA,NA,NA,no,no,NA,NA,NA,NA,yes,yes,StrA_AGly.263__StrA_AGly__StrA__1501,99.88,99.0,no,yes,yes,StrB_AGly.227__StrB_AGly__StrB__1614,99.88,106.7,yes,yes,yes,SulII_Sul.256__SulII_Sul__SulII__1219,100.0,110.2,no,no,no,NA,NA,NA,yes,yes,TEM_1D_Bla.205__TEM_1D_Bla__TEM_95__948,99.88,110.3,yes,no,no,NA,NA,NA,NA,no,no,NA,NA,NA,NA
./ariba_amr_results/7521_1#2/report.tsv,yes,yes,AMPH_Ecoli_Bla.89__AMPH_Ecoli_Bla__AMPH__615,98.88,41.9,yes,no,no,NA,NA,NA,no,no,NA,NA,NA,no,no,NA,NA,NA,no,no,NA,NA,NA,NA,no,NA,NA,NA,NA,no,no,NA,NA,NA,yes,yes,AmpC1_Ecoli_Bla.49__AmpC1_Ecoli_Bla__AmpC1__1670,99.08,47.1,yes,yes,yes,AmpC2_Ecoli_Bla.99__AmpC2_Ecoli_Bla__AmpC2__346,97.27,43.9,yes,no,no,NA,NA,NA,no,no,NA,NA,NA,no,no,NA,NA,NA,partial,CatBx_Phe.371__CatBx_Phe__CatB4__602,100.0,96.3,no,no,no,NA,NA,NA,no,no,NA,NA,NA,no,no,NA,NA,NA,partial,no,DfrA8_Tmt.416__DfrA8_Tmt__DfrA8__1079,98.54,1.2,yes,no,no,NA,NA,NA,no,no,NA,NA,NA,yes,yes,MrdA_Bla.16__MrdA_Bla__MrdA__836,99.37,55.4,no,no,no,NA,NA,NA,no,no,NA,NA,NA,NA,no,no,NA,NA,NA,NA,no,no,NA,NA,NA,NA,no,no,NA,NA,NA,NA,no,no,NA,NA,NA,no,no,NA,NA,NA,NA,no,no,NA,NA,NA,NA,no,no,NA,NA,NA,NA
./ariba_amr_results/7521_1#22/report.tsv,yes,yes,AMPH_Ecoli_Bla.89__AMPH_Ecoli_Bla__AMPH__615,99.4,53.1,yes,no,no,NA,NA,NA,no,no,NA,NA,NA,no,no,NA,NA,NA,no,no,NA,NA,NA,NA,no,NA,NA,NA,NA,no,no,NA,NA,NA,yes,yes,AmpC1_Ecoli_Bla.49__AmpC1_Ecoli_Bla__AmpC1__1670,98.62,56.6,yes,yes,yes,AmpC2_Ecoli_Bla.99__AmpC2_Ecoli_Bla__AmpC2__346,97.53,52.3,yes,no,no,NA,NA,NA,no,no,NA,NA,NA,no,no,NA,NA,NA,no,NA,NA,NA,NA,no,no,NA,NA,NA,no,no,NA,NA,NA,no,no,NA,NA,NA,no,no,NA,NA,NA,NA,no,no,NA,NA,NA,no,no,NA,NA,NA,yes,yes,MrdA_Bla.16__MrdA_Bla__MrdA__836,99.05,56.5,no,no,no,NA,NA,NA,no,no,NA,NA,NA,NA,no,no,NA,NA,NA,NA,no,no,NA,NA,NA,NA,no,no,NA,NA,NA,NA,no,no,NA,NA,NA,no,no,NA,NA,NA,NA,no,no,NA,NA,NA,NA,no,no,NA,NA,NA,NA
./ariba_amr_results/7521_1#25/report.tsv,yes,yes,AMPH_Ecoli_Bla.89__AMPH_Ecoli_Bla__AMPH__615,100.0,64.5,no,no,no,NA,NA,NA,no,no,NA,NA,NA,no,no,NA,NA,NA,no,no,NA,NA,NA,NA,no,NA,NA,NA,NA,no,no,NA,NA,NA,yes,yes,AmpC1_Ecoli_Bla.49__AmpC1_Ecoli_Bla__AmpC1__1670,100.0,66.7,no,yes,yes,AmpC2_Ecoli_Bla.99__AmpC2_Ecoli_Bla__AmpC2__346,100.0,62.5,no,no,no,NA,NA,NA,no,no,NA,NA,NA,no,no,NA,NA,NA,no,NA,NA,NA,NA,no,no,NA,NA,NA,no,no,NA,NA,NA,no,no,NA,NA,NA,no,no,NA,NA,NA,NA,no,no,NA,NA,NA,no,no,NA,NA,NA,yes,yes,MrdA_Bla.16__MrdA_Bla__MrdA__836,100.0,70.3,no,no,no,NA,NA,NA,no,no,NA,NA,NA,NA,yes,yes,StrA_AGly.263__StrA_AGly__StrA__1501,99.88,147.5,yes,yes,yes,StrB_AGly.227__StrB_AGly__StrB__1614,100.0,150.9,no,no,no,NA,NA,NA,NA,no,no,NA,NA,NA,yes,yes,TEM_1D_Bla.205__TEM_1D_Bla__TEM_95__948,99.88,167.2,yes,yes,yes,TetA_Tet.52__TetA_Tet__TetA__1545,100.0,187.0,no,no,no,NA,NA,NA,NA
./ariba_amr_results/7521_1#26/report.tsv,yes,yes,AMPH_Ecoli_Bla.89__AMPH_Ecoli_Bla__AMPH__615,98.7,36.3,no,no,no,NA,NA,NA,no,no,NA,NA,NA,no,no,NA,NA,NA,no,no,NA,NA,NA,NA,no,NA,NA,NA,NA,no,no,NA,NA,NA,yes,yes,AmpC1_Ecoli_Bla.49__AmpC1_Ecoli_Bla__AmpC1__1670,98.16,40.0,yes,yes,yes,AmpC2_Ecoli_Bla.99__AmpC2_Ecoli_Bla__AmpC2__346,97.53,46.1,yes,no,no,NA,NA,NA,no,no,NA,NA,NA,no,no,NA,NA,NA,no,NA,NA,NA,NA,no,no,NA,NA,NA,no,no,NA,NA,NA,no,no,NA,NA,NA,no,no,NA,NA,NA,NA,no,no,NA,NA,NA,no,no,NA,NA,NA,yes,yes,MrdA_Bla.16__MrdA_Bla__MrdA__836,98.69,46.7,no,no,no,NA,NA,NA,no,no,NA,NA,NA,NA,no,no,NA,NA,NA,NA,no,no,NA,NA,NA,NA,no,no,NA,NA,NA,NA,no,no,NA,NA,NA,no,no,NA,NA,NA,NA,no,no,NA,NA,NA,NA,no,no,NA,NA,NA,NA
./ariba_amr_results/7521_1#27/report.tsv,yes,yes,AMPH_Ecoli_Bla.89__AMPH_Ecoli_Bla__AMPH__615,98.88,56.5,yes,no,no,NA,NA,NA,no,no,NA,NA,NA,no,no,NA,NA,NA,no,no,NA,NA,NA,NA,no,NA,NA,NA,NA,no,no,NA,NA,NA,yes,yes,AmpC1_Ecoli_Bla.49__AmpC1_Ecoli_Bla__AmpC1__1670,98.62,45.1,yes,yes,yes,AmpC2_Ecoli_Bla.99__AmpC2_Ecoli_Bla__AmpC2__346,97.53,42.5,yes,no,no,NA,NA,NA,no,no,NA,NA,NA,no,no,NA,NA,NA,no,NA,NA,NA,NA,no,no,NA,NA,NA,no,no,NA,NA,NA,no,no,NA,NA,NA,no,no,NA,NA,NA,NA,no,no,NA,NA,NA,no,no,NA,NA,NA,yes,yes,MrdA_Bla.16__MrdA_Bla__MrdA__836,99.32,51.4,no,no,no,NA,NA,NA,no,no,NA,NA,NA,NA,no,no,NA,NA,NA,NA,no,no,NA,NA,NA,NA,no,no,NA,NA,NA,NA,no,no,NA,NA,NA,no,no,NA,NA,NA,NA,no,no,NA,NA,NA,NA,yes,yes,TetB_Tet.67__TetB_Tet__TetB__1213,99.67,54.1,yes
./ariba_amr_results/7521_1#28/report.tsv,yes,yes,AMPH_Ecoli_Bla.89__AMPH_Ecoli_Bla__AMPH__615,97.24,34.2,yes,no,no,NA,NA,NA,no,no,NA,NA,NA,no,no,NA,NA,NA,yes,yes,AadA_AGly.229__AadA_AGly__AadA17__1603,96.09,37.0,yes,no,NA,NA,NA,NA,yes,yes,AadA_AGly.229__AadA_AGly__AadA2__1605,100.0,36.5,no,no,NA,NA,NA,NA,yes,yes,AmpC2_Ecoli_Bla.99__AmpC2_Ecoli_Bla__AmpC2__346,97.97,36.0,yes,no,no,NA,NA,NA,no,no,NA,NA,NA,no,no,NA,NA,NA,no,NA,NA,NA,NA,no,no,NA,NA,NA,no,no,NA,NA,NA,no,no,NA,NA,NA,no,no,NA,NA,NA,NA,no,no,NA,NA,NA,no,no,NA,NA,NA,yes,yes,MrdA_Bla.16__MrdA_Bla__MrdA__836,98.37,40.2,no,no,no,NA,NA,NA,no,no,NA,NA,NA,NA,no,no,NA,NA,NA,NA,no,no,NA,NA,NA,NA,no,no,NA,NA,NA,NA,yes,yes,SulI_Sul.225__SulI_Sul__SulI__1616,100.0,30.2,no,no,NA,NA,NA,NA,yes,yes,TetA_Tet.52__TetA_Tet__TetA__1545,100.0,39.3,no,no,no,NA,NA,NA,NA
./ariba_amr_results/7521_1#29/report.tsv,yes,yes,AMPH_Ecoli_Bla.89__AMPH_Ecoli_Bla__AMPH__615,98.7,36.4,no,no,no,NA,NA,NA,no,no,NA,NA,NA,no,no,NA,NA,NA,partial,no,AadA_AGly.229__AadA_AGly__AadA24__1688,100.0,2.2,no,no,NA,NA,NA,NA,no,no,NA,NA,NA,yes,yes,AmpC1_Ecoli_Bla.49__AmpC1_Ecoli_Bla__AmpC1__1670,98.16,37.1,yes,yes,yes,AmpC2_Ecoli_Bla.99__AmpC2_Ecoli_Bla__AmpC2__346,97.53,36.5,yes,no,no,NA,NA,NA,no,no,NA,NA,NA,no,no,NA,NA,NA,no,NA,NA,NA,NA,no,no,NA,NA,NA,no,no,NA,NA,NA,no,no,NA,NA,NA,no,no,NA,NA,NA,NA,no,no,NA,NA,NA,no,no,NA,NA,NA,yes,yes,MrdA_Bla.16__MrdA_Bla__MrdA__836,98.69,42.0,no,no,no,NA,NA,NA,no,no,NA,NA,NA,NA,no,no,NA,NA,NA,NA,no,no,NA,NA,NA,NA,no,no,NA,NA,NA,NA,no,no,NA,NA,NA,no,no,NA,NA,NA,NA,no,no,NA,NA,NA,NA,partial,no,TetB_Tet.67__TetB_Tet__TetB__1213,98.8,1.9,yes
./ariba_amr_results/7521_1#3/report.tsv,yes,yes,AMPH_Ecoli_Bla.89__AMPH_Ecoli_Bla__AMPH__615,96.8,53.4,yes,no,no,NA,NA,NA,no,no,NA,NA,NA,no,no,NA,NA,NA,no,no,NA,NA,NA,NA,no,NA,NA,NA,NA,no,no,NA,NA,NA,yes,yes,AmpC1_Ecoli_Bla.49__AmpC1_Ecoli_Bla__AmpC1__1670,96.46,45.4,yes,yes,yes,AmpC2_Ecoli_Bla.99__AmpC2_Ecoli_Bla__AmpC2__346,98.06,64.3,yes,no,no,NA,NA,NA,no,no,NA,NA,NA,no,no,NA,NA,NA,no,NA,NA,NA,NA,no,no,NA,NA,NA,no,no,NA,NA,NA,no,no,NA,NA,NA,no,no,NA,NA,NA,NA,no,no,NA,NA,NA,no,no,NA,NA,NA,yes,yes,MrdA_Bla.16__MrdA_Bla__MrdA__836,98.74,65.9,no,no,no,NA,NA,NA,no,no,NA,NA,NA,NA,no,no,NA,NA,NA,NA,no,no,NA,NA,NA,NA,no,no,NA,NA,NA,NA,no,no,NA,NA,NA,no,no,NA,NA,NA,NA,no,no,NA,NA,NA,NA,no,no,NA,NA,NA,NA
./ariba_amr_results/7521_1#30/report.tsv,yes,yes,AMPH_Ecoli_Bla.89__AMPH_Ecoli_Bla__AMPH__615,98.7,38.6,no,no,no,NA,NA,NA,no,no,NA,NA,NA,no,no,NA,NA,NA,no,no,NA,NA,NA,NA,no,NA,NA,NA,NA,no,no,NA,NA,NA,yes,yes,AmpC1_Ecoli_Bla.49__AmpC1_Ecoli_Bla__AmpC1__1670,98.16,32.3,yes,yes,yes,AmpC2_Ecoli_Bla.99__AmpC2_Ecoli_Bla__AmpC2__346,97.53,33.5,yes,no,no,NA,NA,NA,no,no,NA,NA,NA,no,no,NA,NA,NA,no,NA,NA,NA,NA,no,no,NA,NA,NA,no,no,NA,NA,NA,no,no,NA,NA,NA,no,no,NA,NA,NA,NA,no,no,NA,NA,NA,no,no,NA,NA,NA,yes,yes,MrdA_Bla.16__MrdA_Bla__MrdA__836,98.69,37.1,no,no,no,NA,NA,NA,no,no,NA,NA,NA,NA,no,no,NA,NA,NA,NA,no,no,NA,NA,NA,NA,no,no,NA,NA,NA,NA,no,no,NA,NA,NA,no,no,NA,NA,NA,NA,no,no,NA,NA,NA,NA,no,no,NA,NA,NA,NA
./ariba_amr_results/7521_1#31/report.tsv,yes,yes,AMPH_Ecoli_Bla.89__AMPH_Ecoli_Bla__AMPH__615,98.88,41.9,yes,no,no,NA,NA,NA,no,no,NA,NA,NA,no,no,NA,NA,NA,no,no,NA,NA,NA,NA,no,NA,NA,NA,NA,no,no,NA,NA,NA,yes,yes,AmpC1_Ecoli_Bla.49__AmpC1_Ecoli_Bla__AmpC1__1670,99.08,36.1,yes,yes,yes,AmpC2_Ecoli_Bla.99__AmpC2_Ecoli_Bla__AmpC2__346,97.35,35.9,yes,no,no,NA,NA,NA,no,no,NA,NA,NA,no,no,NA,NA,NA,no,NA,NA,NA,NA,no,no,NA,NA,NA,no,no,NA,NA,NA,no,no,NA,NA,NA,no,no,NA,NA,NA,NA,no,no,NA,NA,NA,no,no,NA,NA,NA,yes,yes,MrdA_Bla.16__MrdA_Bla__MrdA__836,99.37,39.4,no,no,no,NA,NA,NA,no,no,NA,NA,NA,NA,no,no,NA,NA,NA,NA,no,no,NA,NA,NA,NA,no,no,NA,NA,NA,NA,no,no,NA,NA,NA,no,no,NA,NA,NA,NA,no,no,NA,NA,NA,NA,no,no,NA,NA,NA,NA
./ariba_amr_results/7521_1#32/report.tsv,yes,yes,AMPH_Ecoli_Bla.89__AMPH_Ecoli_Bla__AMPH__615,98.88,44.8,yes,no,no,NA,NA,NA,no,no,NA,NA,NA,no,no,NA,NA,NA,no,no,NA,NA,NA,NA,no,NA,NA,NA,NA,no,no,NA,NA,NA,yes,yes,AmpC1_Ecoli_Bla.49__AmpC1_Ecoli_Bla__AmpC1__1670,98.62,53.9,yes,yes,yes,AmpC2_Ecoli_Bla.99__AmpC2_Ecoli_Bla__AmpC2__346,98.41,44.8,yes,no,no,NA,NA,NA,no,no,NA,NA,NA,no,no,NA,NA,NA,partial,CatBx_Phe.371__CatBx_Phe__CatB4__602,100.0,81.2,no,no,no,NA,NA,NA,no,no,NA,NA,NA,no,no,NA,NA,NA,yes,yes,DfrA8_Tmt.416__DfrA8_Tmt__DfrA8__1079,100.0,107.3,no,no,no,NA,NA,NA,no,no,NA,NA,NA,yes,yes,MrdA_Bla.16__MrdA_Bla__MrdA__836,100.0,57.0,no,no,no,NA,NA,NA,no,no,NA,NA,NA,NA,yes,yes,StrA_AGly.263__StrA_AGly__StrA__1501,99.88,9.1,no,yes,yes,StrB_AGly.227__StrB_AGly__StrB__1614,99.88,7.7,yes,yes,yes,SulII_Sul.256__SulII_Sul__SulII__1219,100.0,7.0,no,no,no,NA,NA,NA,yes,yes,TEM_1D_Bla.205__TEM_1D_Bla__TEM_95__948,99.88,7.8,yes,no,no,NA,NA,NA,NA,yes,yes,TetB_Tet.67__TetB_Tet__TetB__1213,99.67,172.0,yes
./ariba_amr_results/7521_1#33/report.tsv,yes,yes,AMPH_Ecoli_Bla.89__AMPH_Ecoli_Bla__AMPH__615,98.88,27.1,yes,no,no,NA,NA,NA,no,no,NA,NA,NA,no,no,NA,NA,NA,no,no,NA,NA,NA,NA,no,NA,NA,NA,NA,no,no,NA,NA,NA,yes,yes,AmpC1_Ecoli_Bla.49__AmpC1_Ecoli_Bla__AmpC1__1670,98.62,25.2,yes,yes,yes,AmpC2_Ecoli_Bla.99__AmpC2_Ecoli_Bla__AmpC2__346,98.41,27.0,yes,no,no,NA,NA,NA,no,no,NA,NA,NA,no,no,NA,NA,NA,partial,CatBx_Phe.371__CatBx_Phe__CatB4__602,100.0,78.6,no,no,no,NA,NA,NA,no,no,NA,NA,NA,no,no,NA,NA,NA,yes,yes,DfrA8_Tmt.416__DfrA8_Tmt__DfrA8__1079,100.0,52.6,no,no,no,NA,NA,NA,no,no,NA,NA,NA,yes,yes,MrdA_Bla.16__MrdA_Bla__MrdA__836,100.0,31.7,no,no,no,NA,NA,NA,no,no,NA,NA,NA,NA,yes,yes,StrA_AGly.263__StrA_AGly__StrA__1501,99.88,71.8,no,partial,no,StrB_AGly.227__StrB_AGly__StrB__1614,99.36,43.1,yes,yes,yes,SulII_Sul.256__SulII_Sul__SulII__1219,99.88,69.5,no,no,no,NA,NA,NA,yes,yes,TEM_1D_Bla.205__TEM_1D_Bla__TEM_95__948,99.88,79.2,yes,no,no,NA,NA,NA,NA,yes,yes,TetB_Tet.67__TetB_Tet__TetB__1213,99.67,89.4,yes
./ariba_amr_results/7521_1#34/report.tsv,yes,yes,AMPH_Ecoli_Bla.89__AMPH_Ecoli_Bla__AMPH__615,98.88,64.9,no,no,no,NA,NA,NA,no,no,NA,NA,NA,no,no,NA,NA,NA,no,no,NA,NA,NA,NA,no,NA,NA,NA,NA,no,no,NA,NA,NA,yes,yes,AmpC1_Ecoli_Bla.49__AmpC1_Ecoli_Bla__AmpC1__1670,98.54,61.9,yes,yes,yes,AmpC2_Ecoli_Bla.99__AmpC2_Ecoli_Bla__AmpC2__346,97.71,57.9,yes,no,no,NA,NA,NA,no,no,NA,NA,NA,no,no,NA,NA,NA,partial,CatBx_Phe.371__CatBx_Phe__CatB4__602,99.07,120.3,yes,no,no,NA,NA,NA,no,no,NA,NA,NA,no,no,NA,NA,NA,no,no,NA,NA,NA,NA,no,no,NA,NA,NA,no,no,NA,NA,NA,yes,yes,MrdA_Bla.16__MrdA_Bla__MrdA__836,99.37,73.4,no,no,no,NA,NA,NA,no,no,NA,NA,NA,NA,no,no,NA,NA,NA,NA,no,no,NA,NA,NA,NA,no,no,NA,NA,NA,NA,no,no,NA,NA,NA,no,no,NA,NA,NA,NA,no,no,NA,NA,NA,NA,no,no,NA,NA,NA,NA
./ariba_amr_results/7521_1#35/report.tsv,yes,yes,AMPH_Ecoli_Bla.89__AMPH_Ecoli_Bla__AMPH__615,98.88,24.3,yes,no,no,NA,NA,NA,no,no,NA,NA,NA,no,no,NA,NA,NA,no,no,NA,NA,NA,NA,no,NA,NA,NA,NA,no,no,NA,NA,NA,yes,yes,AmpC1_Ecoli_Bla.49__AmpC1_Ecoli_Bla__AmpC1__1670,99.46,26.5,yes,yes,yes,AmpC2_Ecoli_Bla.99__AmpC2_Ecoli_Bla__AmpC2__346,98.5,26.6,yes,no,no,NA,NA,NA,no,no,NA,NA,NA,no,no,NA,NA,NA,no,NA,NA,NA,NA,no,no,NA,NA,NA,no,no,NA,NA,NA,no,no,NA,NA,NA,no,no,NA,NA,NA,NA,no,no,NA,NA,NA,no,no,NA,NA,NA,yes,yes,MrdA_Bla.16__MrdA_Bla__MrdA__836,99.79,27.7,no,no,no,NA,NA,NA,no,no,NA,NA,NA,NA,no,no,NA,NA,NA,NA,no,no,NA,NA,NA,NA,no,no,NA,NA,NA,NA,no,no,NA,NA,NA,no,no,NA,NA,NA,NA,no,no,NA,NA,NA,NA,no,no,NA,NA,NA,NA
./ariba_amr_results/7521_1#37/report.tsv,yes,yes,AMPH_Ecoli_Bla.89__AMPH_Ecoli_Bla__AMPH__615,98.7,43.3,no,no,no,NA,NA,NA,no,no,NA,NA,NA,no,no,NA,NA,NA,yes,yes,AadA_AGly.229__AadA_AGly__AadA1__1598,95.71,56.7,yes,no,NA,NA,NA,NA,no,no,NA,NA,NA,yes,yes,AmpC1_Ecoli_Bla.49__AmpC1_Ecoli_Bla__AmpC1__1670,98.16,42.1,yes,yes,yes,AmpC2_Ecoli_Bla.99__AmpC2_Ecoli_Bla__AmpC2__346,97.71,40.2,yes,no,no,NA,NA,NA,no,no,NA,NA,NA,no,no,NA,NA,NA,no,NA,NA,NA,NA,yes,yes,DfrA1_Tmt.430__DfrA1_Tmt__DfrA15__320,100.0,44.8,no,no,NA,NA,NA,no,no,NA,NA,NA,no,no,NA,NA,NA,NA,no,no,NA,NA,NA,no,no,NA,NA,NA,yes,yes,MrdA_Bla.16__MrdA_Bla__MrdA__836,99.37,53.8,no,no,no,NA,NA,NA,no,no,NA,NA,NA,NA,partial,no,StrA_AGly.263__StrA_AGly__StrA__1501,99.71,2.3,yes,partial,no,StrB_AGly.227__StrB_AGly__StrB__1614,100.0,3.2,no,no,no,NA,NA,NA,NA,yes,yes,SulI_Sul.225__SulI_Sul__SulI__1616,100.0,48.5,yes,yes,TEM_1D_Bla.205__TEM_1D_Bla__TEM_95__948,99.88,57.0,yes,yes,yes,TetA_Tet.52__TetA_Tet__TetA__1545,100.0,58.4,no,no,no,NA,NA,NA,NA
./ariba_amr_results/7521_1#38/report.tsv,yes,yes,AMPH_Ecoli_Bla.89__AMPH_Ecoli_Bla__AMPH__615,98.88,40.2,yes,no,no,NA,NA,NA,no,no,NA,NA,NA,no,no,NA,NA,NA,no,no,NA,NA,NA,NA,no,NA,NA,NA,NA,no,no,NA,NA,NA,yes,yes,AmpC1_Ecoli_Bla.49__AmpC1_Ecoli_Bla__AmpC1__1670,99.46,45.2,yes,yes,yes,AmpC2_Ecoli_Bla.99__AmpC2_Ecoli_Bla__AmpC2__346,98.5,44.4,yes,no,no,NA,NA,NA,no,no,NA,NA,NA,no,no,NA,NA,NA,no,NA,NA,NA,NA,no,no,NA,NA,NA,no,no,NA,NA,NA,no,no,NA,NA,NA,no,no,NA,NA,NA,NA,no,no,NA,NA,NA,no,no,NA,NA,NA,yes,yes,MrdA_Bla.16__MrdA_Bla__MrdA__836,99.79,47.7,no,no,no,NA,NA,NA,no,no,NA,NA,NA,NA,no,no,NA,NA,NA,NA,no,no,NA,NA,NA,NA,no,no,NA,NA,NA,NA,no,no,NA,NA,NA,no,no,NA,NA,NA,NA,no,no,NA,NA,NA,NA,no,no,NA,NA,NA,NA
./ariba_amr_results/7521_1#39/report.tsv,yes,yes,AMPH_Ecoli_Bla.89__AMPH_Ecoli_Bla__AMPH__615,98.88,53.2,yes,no,no,NA,NA,NA,no,no,NA,NA,NA,no,no,NA,NA,NA,no,no,NA,NA,NA,NA,no,NA,NA,NA,NA,no,no,NA,NA,NA,yes,yes,AmpC1_Ecoli_Bla.49__AmpC1_Ecoli_Bla__AmpC1__1670,98.62,51.7,yes,yes,yes,AmpC2_Ecoli_Bla.99__AmpC2_Ecoli_Bla__AmpC2__346,98.41,54.9,yes,no,no,NA,NA,NA,no,no,NA,NA,NA,no,no,NA,NA,NA,partial,CatBx_Phe.371__CatBx_Phe__CatB4__602,100.0,160.1,no,no,no,NA,NA,NA,no,no,NA,NA,NA,no,no,NA,NA,NA,yes,yes,DfrA8_Tmt.416__DfrA8_Tmt__DfrA8__1079,100.0,115.3,no,no,no,NA,NA,NA,no,no,NA,NA,NA,yes,yes,MrdA_Bla.16__MrdA_Bla__MrdA__836,100.0,64.6,no,no,no,NA,NA,NA,no,no,NA,NA,NA,NA,yes,yes,StrA_AGly.263__StrA_AGly__StrA__1501,99.88,140.7,no,partial,no,StrB_AGly.227__StrB_AGly__StrB__1614,99.36,82.7,yes,yes,yes,SulII_Sul.256__SulII_Sul__SulII__1219,99.88,138.9,no,no,no,NA,NA,NA,yes,yes,TEM_1D_Bla.205__TEM_1D_Bla__TEM_95__948,99.88,150.7,yes,no,no,NA,NA,NA,NA,yes,yes,TetB_Tet.67__TetB_Tet__TetB__1213,99.67,171.9,yes
./ariba_amr_results/7521_1#7/report.tsv,yes,yes,AMPH_Ecoli_Bla.89__AMPH_Ecoli_Bla__AMPH__615,99.22,146.9,no,no,no,NA,NA,NA,no,no,NA,NA,NA,no,no,NA,NA,NA,no,no,NA,NA,NA,NA,no,NA,NA,NA,NA,no,no,NA,NA,NA,yes,yes,AmpC1_Ecoli_Bla.49__AmpC1_Ecoli_Bla__AmpC1__1670,98.16,156.6,yes,yes,yes,AmpC2_Ecoli_Bla.99__AmpC2_Ecoli_Bla__AmpC2__346,97.53,130.5,yes,no,no,NA,NA,NA,no,no,NA,NA,NA,no,no,NA,NA,NA,no,NA,NA,NA,NA,no,no,NA,NA,NA,no,no,NA,NA,NA,no,no,NA,NA,NA,no,no,NA,NA,NA,NA,no,no,NA,NA,NA,no,no,NA,NA,NA,yes,yes,MrdA_Bla.16__MrdA_Bla__MrdA__836,99.37,159.8,no,no,no,NA,NA,NA,no,no,NA,NA,NA,NA,no,no,NA,NA,NA,NA,no,no,NA,NA,NA,NA,no,no,NA,NA,NA,NA,no,no,NA,NA,NA,no,no,NA,NA,NA,NA,no,no,NA,NA,NA,NA,no,no,NA,NA,NA,NA
./ariba_amr_results/7521_1#8/report.tsv,yes,yes,AMPH_Ecoli_Bla.89__AMPH_Ecoli_Bla__AMPH__615,99.22,30.2,no,no,no,NA,NA,NA,no,no,NA,NA,NA,no,no,NA,NA,NA,no,no,NA,NA,NA,NA,no,NA,NA,NA,NA,no,no,NA,NA,NA,yes,yes,AmpC1_Ecoli_Bla.49__AmpC1_Ecoli_Bla__AmpC1__1670,98.16,22.2,yes,yes,yes,AmpC2_Ecoli_Bla.99__AmpC2_Ecoli_Bla__AmpC2__346,97.53,24.1,yes,no,no,NA,NA,NA,no,no,NA,NA,NA,no,no,NA,NA,NA,no,NA,NA,NA,NA,no,no,NA,NA,NA,no,no,NA,NA,NA,no,no,NA,NA,NA,no,no,NA,NA,NA,NA,no,no,NA,NA,NA,no,no,NA,NA,NA,yes,yes,MrdA_Bla.16__MrdA_Bla__MrdA__836,99.37,29.2,no,no,no,NA,NA,NA,no,no,NA,NA,NA,NA,no,no,NA,NA,NA,NA,no,no,NA,NA,NA,NA,no,no,NA,NA,NA,NA,no,no,NA,NA,NA,no,no,NA,NA,NA,NA,no,no,NA,NA,NA,NA,no,no,NA,NA,NA,NA
./ariba_amr_results/7521_2#49/report.tsv,yes,yes,AMPH_Ecoli_Bla.89__AMPH_Ecoli_Bla__AMPH__615,98.7,69.3,no,no,no,NA,NA,NA,no,no,NA,NA,NA,no,no,NA,NA,NA,no,no,NA,NA,NA,NA,no,NA,NA,NA,NA,no,no,NA,NA,NA,yes,yes,AmpC1_Ecoli_Bla.49__AmpC1_Ecoli_Bla__AmpC1__1670,98.16,59.9,yes,yes,yes,AmpC2_Ecoli_Bla.99__AmpC2_Ecoli_Bla__AmpC2__346,97.53,65.0,yes,no,no,NA,NA,NA,no,no,NA,NA,NA,no,no,NA,NA,NA,partial,CatBx_Phe.371__CatBx_Phe__CatB4__602,100.0,231.1,no,no,no,NA,NA,NA,no,no,NA,NA,NA,no,no,NA,NA,NA,yes,yes,DfrA8_Tmt.416__DfrA8_Tmt__DfrA8__1079,100.0,129.8,no,no,no,NA,NA,NA,no,no,NA,NA,NA,yes,yes,MrdA_Bla.16__MrdA_Bla__MrdA__836,98.69,71.8,no,no,no,NA,NA,NA,no,no,NA,NA,NA,NA,yes,yes,StrA_AGly.263__StrA_AGly__StrA__1501,99.88,142.7,no,yes,yes,StrB_AGly.227__StrB_AGly__StrB__1614,99.88,140.5,yes,yes,yes,SulII_Sul.256__SulII_Sul__SulII__1219,100.0,150.2,no,no,no,NA,NA,NA,yes,yes,TEM_1D_Bla.205__TEM_1D_Bla__TEM_95__948,99.88,151.1,yes,no,no,NA,NA,NA,NA,yes,yes,TetB_Tet.67__TetB_Tet__TetB__1213,99.67,171.5,yes
./ariba_amr_results/7521_2#50/report.tsv,yes,yes,AMPH_Ecoli_Bla.89__AMPH_Ecoli_Bla__AMPH__615,98.7,51.1,no,no,no,NA,NA,NA,no,no,NA,NA,NA,no,no,NA,NA,NA,yes,yes,AadA_AGly.229__AadA_AGly__AadA1__1598,95.71,149.4,yes,no,NA,NA,NA,NA,no,no,NA,NA,NA,yes,yes,AmpC1_Ecoli_Bla.49__AmpC1_Ecoli_Bla__AmpC1__1670,98.16,52.2,yes,yes,yes,AmpC2_Ecoli_Bla.99__AmpC2_Ecoli_Bla__AmpC2__346,97.53,50.5,yes,no,no,NA,NA,NA,no,no,NA,NA,NA,no,no,NA,NA,NA,partial,CatBx_Phe.371__CatBx_Phe__CatB4__602,100.0,72.3,no,yes,yes,DfrA1_Tmt.430__DfrA1_Tmt__DfrA15__320,100.0,127.4,no,no,NA,NA,NA,no,no,NA,NA,NA,no,no,NA,NA,NA,NA,no,no,NA,NA,NA,no,no,NA,NA,NA,yes,yes,MrdA_Bla.16__MrdA_Bla__MrdA__836,98.69,58.0,no,no,no,NA,NA,NA,no,no,NA,NA,NA,NA,no,no,NA,NA,NA,NA,no,no,NA,NA,NA,NA,no,no,NA,NA,NA,NA,yes,yes,SulI_Sul.225__SulI_Sul__SulI__1616,100.0,149.9,yes,yes,TEM_1D_Bla.205__TEM_1D_Bla__TEM_95__948,99.88,150.0,yes,yes,yes,TetA_Tet.52__TetA_Tet__TetA__1545,100.0,154.6,no,no,no,NA,NA,NA,NA
./ariba_amr_results/7521_2#52/report.tsv,yes,yes,AMPH_Ecoli_Bla.89__AMPH_Ecoli_Bla__AMPH__615,100.0,85.3,no,no,no,NA,NA,NA,no,no,NA,NA,NA,no,no,NA,NA,NA,no,no,NA,NA,NA,NA,no,NA,NA,NA,NA,no,no,NA,NA,NA,yes,yes,AmpC1_Ecoli_Bla.49__AmpC1_Ecoli_Bla__AmpC1__1670,100.0,87.9,no,yes,yes,AmpC2_Ecoli_Bla.99__AmpC2_Ecoli_Bla__AmpC2__346,100.0,91.2,no,no,no,NA,NA,NA,no,no,NA,NA,NA,yes,yes,CatA1_Phe.352__CatA1_Phe__CatA1__1470,99.85,88.4,partial,CatBx_Phe.371__CatBx_Phe__CatB4__602,100.0,31.4,no,no,no,NA,NA,NA,no,no,NA,NA,NA,no,no,NA,NA,NA,no,no,NA,NA,NA,NA,no,no,NA,NA,NA,no,no,NA,NA,NA,yes,yes,MrdA_Bla.16__MrdA_Bla__MrdA__836,100.0,105.9,no,no,no,NA,NA,NA,no,no,NA,NA,NA,NA,no,no,NA,NA,NA,NA,partial,no,StrB_AGly.227__StrB_AGly__StrB__1614,98.75,1.2,yes,no,no,NA,NA,NA,NA,no,no,NA,NA,NA,no,no,NA,NA,NA,NA,no,no,NA,NA,NA,NA,no,no,NA,NA,NA,NA
./ariba_amr_results/7521_2#53/report.tsv,yes,yes,AMPH_Ecoli_Bla.89__AMPH_Ecoli_Bla__AMPH__615,98.7,86.2,no,no,no,NA,NA,NA,no,no,NA,NA,NA,no,no,NA,NA,NA,no,no,NA,NA,NA,NA,no,NA,NA,NA,NA,no,no,NA,NA,NA,yes,yes,AmpC1_Ecoli_Bla.49__AmpC1_Ecoli_Bla__AmpC1__1670,98.16,82.0,yes,yes,yes,AmpC2_Ecoli_Bla.99__AmpC2_Ecoli_Bla__AmpC2__346,97.53,71.0,yes,no,no,NA,NA,NA,no,no,NA,NA,NA,no,no,NA,NA,NA,partial,CatBx_Phe.371__CatBx_Phe__CatB4__602,100.0,117.4,no,no,no,NA,NA,NA,no,no,NA,NA,NA,no,no,NA,NA,NA,yes,yes,DfrA8_Tmt.416__DfrA8_Tmt__DfrA8__1079,100.0,180.4,no,no,no,NA,NA,NA,no,no,NA,NA,NA,yes,yes,MrdA_Bla.16__MrdA_Bla__MrdA__836,98.69,96.0,no,no,no,NA,NA,NA,no,no,NA,NA,NA,NA,yes,yes,StrA_AGly.263__StrA_AGly__StrA__1501,99.75,182.6,yes,yes,yes,StrB_AGly.227__StrB_AGly__StrB__1614,99.88,187.2,yes,yes,yes,SulII_Sul.256__SulII_Sul__SulII__1219,100.0,155.5,no,no,no,NA,NA,NA,yes,yes,TEM_1D_Bla.205__TEM_1D_Bla__TEM_95__948,99.88,170.8,yes,no,no,NA,NA,NA,NA,yes,yes,TetB_Tet.67__TetB_Tet__TetB__1213,99.67,215.0,yes
./ariba_amr_results/7521_2#55/report.tsv,yes,yes,AMPH_Ecoli_Bla.89__AMPH_Ecoli_Bla__AMPH__615,98.88,61.8,yes,no,no,NA,NA,NA,no,no,NA,NA,NA,no,no,NA,NA,NA,no,no,NA,NA,NA,NA,no,NA,NA,NA,NA,no,no,NA,NA,NA,yes,yes,AmpC1_Ecoli_Bla.49__AmpC1_Ecoli_Bla__AmpC1__1670,98.62,72.3,yes,yes,yes,AmpC2_Ecoli_Bla.99__AmpC2_Ecoli_Bla__AmpC2__346,98.41,70.7,yes,no,no,NA,NA,NA,no,no,NA,NA,NA,no,no,NA,NA,NA,no,NA,NA,NA,NA,no,no,NA,NA,NA,no,no,NA,NA,NA,no,no,NA,NA,NA,no,no,NA,NA,NA,NA,no,no,NA,NA,NA,no,no,NA,NA,NA,yes,yes,MrdA_Bla.16__MrdA_Bla__MrdA__836,100.0,78.9,no,no,no,NA,NA,NA,no,no,NA,NA,NA,NA,no,no,NA,NA,NA,NA,no,no,NA,NA,NA,NA,no,no,NA,NA,NA,NA,no,no,NA,NA,NA,no,no,NA,NA,NA,NA,partial,no,TetA_Tet.52__TetA_Tet__TetA__1545,100.0,1.1,no,no,no,NA,NA,NA,NA
./ariba_amr_results/7521_2#56/report.tsv,yes,yes,AMPH_Ecoli_Bla.89__AMPH_Ecoli_Bla__AMPH__615,98.88,40.5,yes,no,no,NA,NA,NA,no,no,NA,NA,NA,no,no,NA,NA,NA,no,no,NA,NA,NA,NA,no,NA,NA,NA,NA,no,no,NA,NA,NA,yes,yes,AmpC1_Ecoli_Bla.49__AmpC1_Ecoli_Bla__AmpC1__1670,99.16,53.4,yes,yes,yes,AmpC2_Ecoli_Bla.99__AmpC2_Ecoli_Bla__AmpC2__346,97.18,45.0,yes,no,no,NA,NA,NA,no,no,NA,NA,NA,no,no,NA,NA,NA,partial,CatBx_Phe.371__CatBx_Phe__CatB4__602,100.0,2.5,no,no,no,NA,NA,NA,no,no,NA,NA,NA,no,no,NA,NA,NA,partial,no,DfrA8_Tmt.416__DfrA8_Tmt__DfrA8__1079,100.0,1.6,no,no,no,NA,NA,NA,no,no,NA,NA,NA,yes,yes,MrdA_Bla.16__MrdA_Bla__MrdA__836,99.37,51.2,no,no,no,NA,NA,NA,no,no,NA,NA,NA,NA,partial,no,StrA_AGly.263__StrA_AGly__StrA__1501,100.0,5.2,no,partial,no,StrB_AGly.227__StrB_AGly__StrB__1614,100.0,2.3,no,partial,no,SulII_Sul.256__SulII_Sul__SulII__1219,99.68,1.8,yes,no,no,NA,NA,NA,partial,no,TEM_1D_Bla.205__TEM_1D_Bla__TEM_1__888,99.57,1.9,yes,no,no,NA,NA,NA,NA,yes,yes,TetB_Tet.67__TetB_Tet__TetB__1213,99.75,69.3,yes
./ariba_amr_results/7521_2#57/report.tsv,yes,yes,AMPH_Ecoli_Bla.89__AMPH_Ecoli_Bla__AMPH__615,98.7,54.0,no,no,no,NA,NA,NA,no,no,NA,NA,NA,no,no,NA,NA,NA,no,no,NA,NA,NA,NA,no,NA,NA,NA,NA,no,no,NA,NA,NA,yes,yes,AmpC1_Ecoli_Bla.49__AmpC1_Ecoli_Bla__AmpC1__1670,98.16,56.8,yes,yes,yes,AmpC2_Ecoli_Bla.99__AmpC2_Ecoli_Bla__AmpC2__346,97.62,48.3,yes,no,no,NA,NA,NA,no,no,NA,NA,NA,no,no,NA,NA,NA,partial,CatBx_Phe.371__CatBx_Phe__CatB4__602,100.0,92.5,no,no,no,NA,NA,NA,no,no,NA,NA,NA,no,no,NA,NA,NA,yes,yes,DfrA8_Tmt.416__DfrA8_Tmt__DfrA8__1079,100.0,165.2,no,no,no,NA,NA,NA,no,no,NA,NA,NA,yes,yes,MrdA_Bla.16__MrdA_Bla__MrdA__836,98.74,61.7,no,no,no,NA,NA,NA,no,no,NA,NA,NA,NA,yes,yes,StrA_AGly.263__StrA_AGly__StrA__1501,99.88,187.7,no,yes,yes,StrB_AGly.227__StrB_AGly__StrB__1614,99.88,193.2,yes,yes,yes,SulII_Sul.256__SulII_Sul__SulII__1219,100.0,184.6,no,no,no,NA,NA,NA,yes,yes,TEM_1D_Bla.205__TEM_1D_Bla__TEM_95__948,99.88,200.9,yes,partial,no,TetA_Tet.52__TetA_Tet__TetA__1545,100.0,1.5,no,yes,yes,TetB_Tet.67__TetB_Tet__TetB__1213,99.59,242.9,yes
./ariba_amr_results/7521_2#58/report.tsv,yes,yes,AMPH_Ecoli_Bla.89__AMPH_Ecoli_Bla__AMPH__615,99.31,113.7,no,no,no,NA,NA,NA,no,no,NA,NA,NA,no,no,NA,NA,NA,yes,yes,AadA_AGly.229__AadA_AGly__AadA1__1598,95.71,241.3,yes,interrupted,AadA_AGly.229__AadA_AGly__AadA13__1601,90.97,70.8,yes,no,no,NA,NA,NA,yes,yes,AmpC1_Ecoli_Bla.49__AmpC1_Ecoli_Bla__AmpC1__1670,98.16,103.6,yes,yes,yes,AmpC2_Ecoli_Bla.99__AmpC2_Ecoli_Bla__AmpC2__346,97.53,102.6,yes,no,no,NA,NA,NA,no,no,NA,NA,NA,no,no,NA,NA,NA,partial,CatBx_Phe.371__CatBx_Phe__CatB4__602,100.0,92.0,no,yes,yes,DfrA1_Tmt.430__DfrA1_Tmt__DfrA15__320,100.0,217.1,no,no,NA,NA,NA,no,no,NA,NA,NA,no,no,NA,NA,NA,NA,no,no,NA,NA,NA,no,no,NA,NA,NA,yes,yes,MrdA_Bla.16__MrdA_Bla__MrdA__836,99.37,125.3,no,no,no,NA,NA,NA,no,no,NA,NA,NA,NA,no,no,NA,NA,NA,NA,no,no,NA,NA,NA,NA,no,no,NA,NA,NA,NA,yes,yes,SulI_Sul.225__SulI_Sul__SulI__1616,100.0,183.5,yes,yes,TEM_1D_Bla.205__TEM_1D_Bla__TEM_95__948,99.88,216.0,yes,yes,yes,TetA_Tet.52__TetA_Tet__TetA__1545,100.0,236.9,no,no,no,NA,NA,NA,NA
./ariba_amr_results/7521_2#59/report.tsv,yes,yes,AMPH_Ecoli_Bla.89__AMPH_Ecoli_Bla__AMPH__615,98.88,52.8,yes,no,no,NA,NA,NA,no,no,NA,NA,NA,no,no,NA,NA,NA,partial,no,AadA_AGly.229__AadA_AGly__AadA1_pm__1597,100.0,2.2,no,no,NA,NA,NA,NA,no,no,NA,NA,NA,yes_nonunique,yes,AmpC1_Ecoli_Bla.49__AmpC1_Ecoli_Bla__AmpC1__1670,99.16,48.5,yes,yes_nonunique,yes,AmpC2_Ecoli_Bla.99__AmpC2_Ecoli_Bla__AmpC2__346,97.35,51.8,yes,no,no,NA,NA,NA,no,no,NA,NA,NA,no,no,NA,NA,NA,no,NA,NA,NA,NA,no,no,NA,NA,NA,no,no,NA,NA,NA,no,no,NA,NA,NA,no,no,NA,NA,NA,NA,no,no,NA,NA,NA,no,no,NA,NA,NA,yes,yes,MrdA_Bla.16__MrdA_Bla__MrdA__836,99.37,57.1,no,no,no,NA,NA,NA,interrupted,no,Sat_2A_AGly.413__Sat_2A_AGly__Sat_2A__1088,99.55,2.3,yes,partial,no,StrA_AGly.263__StrA_AGly__StrA__1501,100.0,3.7,no,partial,no,StrB_AGly.227__StrB_AGly__StrB__1614,100.0,3.7,no,yes,yes,SulII_Sul.256__SulII_Sul__SulII__1219,100.0,5.2,no,no,no,NA,NA,NA,yes,yes,TEM_1D_Bla.205__TEM_1D_Bla__TEM_95__948,99.88,49.5,yes,partial,no,TetA_Tet.52__TetA_Tet__TetA__1545,100.0,2.3,no,yes,yes,TetB_Tet.67__TetB_Tet__TetB__1213,99.67,59.5,yes
./ariba_amr_results/7521_2#60/report.tsv,yes,yes,AMPH_Ecoli_Bla.89__AMPH_Ecoli_Bla__AMPH__615,99.31,123.1,no,no,no,NA,NA,NA,no,no,NA,NA,NA,no,no,NA,NA,NA,yes,yes,AadA_AGly.229__AadA_AGly__AadA1__1598,95.71,223.5,yes,no,NA,NA,NA,NA,no,no,NA,NA,NA,yes,yes,AmpC1_Ecoli_Bla.49__AmpC1_Ecoli_Bla__AmpC1__1670,98.16,119.7,yes,yes,yes,AmpC2_Ecoli_Bla.99__AmpC2_Ecoli_Bla__AmpC2__346,97.53,104.6,yes,no,no,NA,NA,NA,no,no,NA,NA,NA,no,no,NA,NA,NA,partial,CatBx_Phe.371__CatBx_Phe__CatB4__602,100.0,67.1,no,yes,yes,DfrA1_Tmt.430__DfrA1_Tmt__DfrA15__320,100.0,229.2,no,no,NA,NA,NA,no,no,NA,NA,NA,no,no,NA,NA,NA,NA,no,no,NA,NA,NA,no,no,NA,NA,NA,yes,yes,MrdA_Bla.16__MrdA_Bla__MrdA__836,99.37,142.0,no,no,no,NA,NA,NA,no,no,NA,NA,NA,NA,no,no,NA,NA,NA,NA,partial,no,StrB_AGly.227__StrB_AGly__StrB__1614,99.06,1.9,yes,no,no,NA,NA,NA,NA,yes,yes,SulI_Sul.225__SulI_Sul__SulI__1616,100.0,220.0,yes,yes,TEM_1D_Bla.205__TEM_1D_Bla__TEM_95__948,99.88,268.5,yes,yes,yes,TetA_Tet.52__TetA_Tet__TetA__1545,100.0,240.9,no,no,no,NA,NA,NA,NA
./ariba_amr_results/7521_2#62/report.tsv,yes,yes,AMPH_Ecoli_Bla.89__AMPH_Ecoli_Bla__AMPH__615,98.7,37.3,no,no,no,NA,NA,NA,no,no,NA,NA,NA,no,no,NA,NA,NA,yes,yes,AadA_AGly.229__AadA_AGly__AadA1__1598,95.71,78.9,yes,interrupted,AadA_AGly.229__AadA_AGly__AadA13__1601,90.01,21.7,yes,no,no,NA,NA,NA,yes,yes,AmpC1_Ecoli_Bla.49__AmpC1_Ecoli_Bla__AmpC1__1670,98.16,37.8,yes,yes,yes,AmpC2_Ecoli_Bla.99__AmpC2_Ecoli_Bla__AmpC2__346,97.71,39.9,yes,no,no,NA,NA,NA,no,no,NA,NA,NA,no,no,NA,NA,NA,no,NA,NA,NA,NA,yes,yes,DfrA1_Tmt.430__DfrA1_Tmt__DfrA15__320,100.0,73.7,no,no,NA,NA,NA,no,no,NA,NA,NA,no,no,NA,NA,NA,NA,no,no,NA,NA,NA,no,no,NA,NA,NA,yes,yes,MrdA_Bla.16__MrdA_Bla__MrdA__836,99.37,44.1,no,no,no,NA,NA,NA,no,no,NA,NA,NA,NA,no,no,NA,NA,NA,NA,no,no,NA,NA,NA,NA,no,no,NA,NA,NA,NA,yes,yes,SulI_Sul.225__SulI_Sul__SulI__1616,100.0,64.3,yes,yes,TEM_1D_Bla.205__TEM_1D_Bla__TEM_95__948,99.88,84.6,yes,yes,yes,TetA_Tet.52__TetA_Tet__TetA__1545,100.0,78.3,no,no,no,NA,NA,NA,NA
./ariba_amr_results/7521_2#63/report.tsv,yes,yes,AMPH_Ecoli_Bla.89__AMPH_Ecoli_Bla__AMPH__615,98.7,60.1,no,no,no,NA,NA,NA,no,no,NA,NA,NA,no,no,NA,NA,NA,no,no,NA,NA,NA,NA,no,NA,NA,NA,NA,no,no,NA,NA,NA,yes,yes,AmpC1_Ecoli_Bla.49__AmpC1_Ecoli_Bla__AmpC1__1670,98.16,66.9,yes,yes,yes,AmpC2_Ecoli_Bla.99__AmpC2_Ecoli_Bla__AmpC2__346,97.53,52.1,yes,no,no,NA,NA,NA,no,no,NA,NA,NA,no,no,NA,NA,NA,partial,CatBx_Phe.371__CatBx_Phe__CatB4__602,100.0,225.9,no,no,no,NA,NA,NA,no,no,NA,NA,NA,no,no,NA,NA,NA,yes,yes,DfrA8_Tmt.416__DfrA8_Tmt__DfrA8__1079,100.0,303.8,no,no,no,NA,NA,NA,no,no,NA,NA,NA,yes,yes,MrdA_Bla.16__MrdA_Bla__MrdA__836,98.63,67.3,no,no,no,NA,NA,NA,no,no,NA,NA,NA,NA,yes,yes,StrA_AGly.263__StrA_AGly__StrA__1501,99.88,290.3,no,yes,yes,StrB_AGly.227__StrB_AGly__StrB__1614,99.88,269.6,yes,yes,yes,SulII_Sul.256__SulII_Sul__SulII__1219,100.0,258.9,no,no,no,NA,NA,NA,yes,yes,TEM_1D_Bla.205__TEM_1D_Bla__TEM_95__948,99.88,295.5,yes,yes,yes,TetA_Tet.52__TetA_Tet__TetA__1545,100.0,303.8,no,partial,no,TetB_Tet.67__TetB_Tet__TetB__1213,99.08,3.2,yes
./ariba_amr_results/7521_2#64/report.tsv,yes,yes,AMPH_Ecoli_Bla.89__AMPH_Ecoli_Bla__AMPH__615,98.88,40.3,no,no,no,NA,NA,NA,no,no,NA,NA,NA,no,no,NA,NA,NA,no,no,NA,NA,NA,NA,no,NA,NA,NA,NA,no,no,NA,NA,NA,yes,yes,AmpC1_Ecoli_Bla.49__AmpC1_Ecoli_Bla__AmpC1__1670,98.54,37.1,yes,yes,yes,AmpC2_Ecoli_Bla.99__AmpC2_Ecoli_Bla__AmpC2__346,97.71,32.7,yes,no,no,NA,NA,NA,no,no,NA,NA,NA,no,no,NA,NA,NA,no,NA,NA,NA,NA,no,no,NA,NA,NA,no,no,NA,NA,NA,no,no,NA,NA,NA,no,no,NA,NA,NA,NA,no,no,NA,NA,NA,no,no,NA,NA,NA,yes,yes,MrdA_Bla.16__MrdA_Bla__MrdA__836,99.42,45.8,no,no,no,NA,NA,NA,no,no,NA,NA,NA,NA,partial,no,StrA_AGly.263__StrA_AGly__StrA__1501,100.0,2.4,no,no,no,NA,NA,NA,NA,partial,no,SulII_Sul.256__SulII_Sul__SulII__1219,100.0,2.4,no,no,no,NA,NA,NA,no,no,NA,NA,NA,NA,partial,no,TetA_Tet.52__TetA_Tet__TetA__1545,99.61,1.2,yes,no,no,NA,NA,NA,NA
./ariba_amr_results/7521_2#65/report.tsv,yes,yes,AMPH_Ecoli_Bla.89__AMPH_Ecoli_Bla__AMPH__615,98.79,58.5,no,no,no,NA,NA,NA,no,no,NA,NA,NA,no,no,NA,NA,NA,yes,yes,AadA_AGly.229__AadA_AGly__AadA1__1598,99.37,59.7,yes,partial,AadA_AGly.229__AadA_AGly__AadA13__1601,90.08,10.5,yes,no,no,NA,NA,NA,yes,yes,AmpC1_Ecoli_Bla.49__AmpC1_Ecoli_Bla__AmpC1__1670,98.16,58.7,yes,yes,yes,AmpC2_Ecoli_Bla.99__AmpC2_Ecoli_Bla__AmpC2__346,97.62,60.4,yes,no,no,NA,NA,NA,no,no,NA,NA,NA,yes,yes,CatA1_Phe.352__CatA1_Phe__CatA1__1470,99.85,49.9,no,NA,NA,NA,NA,no,no,NA,NA,NA,no,no,NA,NA,NA,no,no,NA,NA,NA,no,no,NA,NA,NA,NA,no,no,NA,NA,NA,no,no,NA,NA,NA,yes,yes,MrdA_Bla.16__MrdA_Bla__MrdA__836,99.32,66.6,yes,no,no,NA,NA,NA,no,no,NA,NA,NA,NA,no,no,NA,NA,NA,NA,no,no,NA,NA,NA,NA,no,no,NA,NA,NA,NA,yes,yes,SulI_Sul.225__SulI_Sul__SulI__1616,100.0,50.6,yes,yes,TEM_1D_Bla.205__TEM_1D_Bla__TEM_95__948,99.88,59.7,yes,yes,yes,TetA_Tet.52__TetA_Tet__TetA__1545,100.0,66.5,no,no,no,NA,NA,NA,NA
./ariba_amr_results/7521_2#66/report.tsv,yes,yes,AMPH_Ecoli_Bla.89__AMPH_Ecoli_Bla__AMPH__615,98.62,44.6,yes,no,no,NA,NA,NA,no,no,NA,NA,NA,no,no,NA,NA,NA,yes,yes,AadA_AGly.229__AadA_AGly__AadA1__1598,98.99,52.4,yes,no,NA,NA,NA,NA,no,no,NA,NA,NA,yes,yes,AmpC1_Ecoli_Bla.49__AmpC1_Ecoli_Bla__AmpC1__1670,98.46,44.2,yes,yes,yes,AmpC2_Ecoli_Bla.99__AmpC2_Ecoli_Bla__AmpC2__346,97.53,39.6,yes,no,no,NA,NA,NA,no,no,NA,NA,NA,yes,yes,CatA1_Phe.352__CatA1_Phe__CatA1__1470,99.85,101.0,partial,CatBx_Phe.371__CatBx_Phe__CatB4__602,100.0,43.6,no,no,no,NA,NA,NA,yes,yes,DfrA1_Tmt.430__DfrA1_Tmt__DfrA1__319,100.0,44.6,no,no,NA,NA,NA,no,no,NA,NA,NA,NA,no,no,NA,NA,NA,no,no,NA,NA,NA,yes,yes,MrdA_Bla.16__MrdA_Bla__MrdA__836,98.69,50.8,no,no,no,NA,NA,NA,yes,yes,Sat_2A_AGly.413__Sat_2A_AGly__Sat_2A__1088,100.0,40.2,no,yes,yes,StrA_AGly.263__StrA_AGly__StrA__1501,99.88,606.9,no,yes,yes,StrB_AGly.227__StrB_AGly__StrB__1614,100.0,627.9,no,yes,yes,SulII_Sul.256__SulII_Sul__SulII__1219,100.0,646.2,no,no,no,NA,NA,NA,yes,yes,TEM_1D_Bla.205__TEM_1D_Bla__TEM_95__948,99.88,108.8,yes,no,no,NA,NA,NA,NA,yes,yes,TetB_Tet.67__TetB_Tet__TetB__1213,99.67,133.7,yes
./ariba_amr_results/7521_2#68/report.tsv,yes,yes,AMPH_Ecoli_Bla.89__AMPH_Ecoli_Bla__AMPH__615,98.88,36.8,no,no,no,NA,NA,NA,no,no,NA,NA,NA,no,no,NA,NA,NA,no,no,NA,NA,NA,NA,no,NA,NA,NA,NA,no,no,NA,NA,NA,yes,yes,AmpC1_Ecoli_Bla.49__AmpC1_Ecoli_Bla__AmpC1__1670,98.54,41.5,yes,yes,yes,AmpC2_Ecoli_Bla.99__AmpC2_Ecoli_Bla__AmpC2__346,97.71,33.0,yes,no,no,NA,NA,NA,no,no,NA,NA,NA,no,no,NA,NA,NA,no,NA,NA,NA,NA,no,no,NA,NA,NA,no,no,NA,NA,NA,no,no,NA,NA,NA,no,no,NA,NA,NA,NA,no,no,NA,NA,NA,no,no,NA,NA,NA,yes,yes,MrdA_Bla.16__MrdA_Bla__MrdA__836,99.42,42.6,no,no,no,NA,NA,NA,no,no,NA,NA,NA,NA,no,no,NA,NA,NA,NA,no,no,NA,NA,NA,NA,no,no,NA,NA,NA,NA,no,no,NA,NA,NA,no,no,NA,NA,NA,NA,no,no,NA,NA,NA,NA,no,no,NA,NA,NA,NA
./ariba_amr_results/7521_2#69/report.tsv,yes,yes,AMPH_Ecoli_Bla.89__AMPH_Ecoli_Bla__AMPH__615,98.79,48.7,no,no,no,NA,NA,NA,no,no,NA,NA,NA,no,no,NA,NA,NA,no,no,NA,NA,NA,NA,no,NA,NA,NA,NA,no,no,NA,NA,NA,yes,yes,AmpC1_Ecoli_Bla.49__AmpC1_Ecoli_Bla__AmpC1__1670,98.16,49.3,yes,yes,yes,AmpC2_Ecoli_Bla.99__AmpC2_Ecoli_Bla__AmpC2__346,97.62,46.4,yes,no,no,NA,NA,NA,no,no,NA,NA,NA,no,no,NA,NA,NA,no,NA,NA,NA,NA,no,no,NA,NA,NA,no,no,NA,NA,NA,no,no,NA,NA,NA,no,no,NA,NA,NA,NA,no,no,NA,NA,NA,no,no,NA,NA,NA,yes,yes,MrdA_Bla.16__MrdA_Bla__MrdA__836,99.37,61.8,no,no,no,NA,NA,NA,no,no,NA,NA,NA,NA,no,no,NA,NA,NA,NA,no,no,NA,NA,NA,NA,no,no,NA,NA,NA,NA,no,no,NA,NA,NA,no,no,NA,NA,NA,NA,no,no,NA,NA,NA,NA,no,no,NA,NA,NA,NA
./ariba_amr_results/7521_2#71/report.tsv,yes,yes,AMPH_Ecoli_Bla.89__AMPH_Ecoli_Bla__AMPH__615,98.7,78.6,no,no,no,NA,NA,NA,no,no,NA,NA,NA,no,no,NA,NA,NA,yes,yes,AadA_AGly.229__AadA_AGly__AadA17__1603,95.83,134.8,yes,no,NA,NA,NA,NA,yes,yes,AadA_AGly.229__AadA_AGly__AadA2__1605,99.87,136.8,yes,yes,AmpC1_Ecoli_Bla.49__AmpC1_Ecoli_Bla__AmpC1__1670,98.16,62.0,yes,yes,yes,AmpC2_Ecoli_Bla.99__AmpC2_Ecoli_Bla__AmpC2__346,97.53,60.0,yes,yes,yes,Aph3__Ia_AGly.251__Aph3__Ia_AGly__Aph3_Ia__1218,99.88,159.2,no,no,NA,NA,NA,no,no,NA,NA,NA,partial,CatBx_Phe.371__CatBx_Phe__CatB4__602,100.0,562.6,no,no,no,NA,NA,NA,no,no,NA,NA,NA,no,no,NA,NA,NA,yes,yes,DfrA8_Tmt.416__DfrA8_Tmt__DfrA8__1079,100.0,447.6,no,yes,yes,DfrA_Tmt.418__DfrA_Tmt__DfrA12__1089,100.0,122.9,no,no,NA,NA,NA,yes,yes,MrdA_Bla.16__MrdA_Bla__MrdA__836,98.69,71.6,no,no,no,NA,NA,NA,no,no,NA,NA,NA,NA,yes,yes,StrA_AGly.263__StrA_AGly__StrA__1501,99.88,490.4,no,yes,yes,StrB_AGly.227__StrB_AGly__StrB__1614,99.88,447.0,yes,yes_nonunique,yes,SulII_Sul.256__SulII_Sul__SulII__1219,99.88,652.2,no,no,no,NA,NA,NA,yes,yes,TEM_1D_Bla.205__TEM_1D_Bla__TEM_95__948,99.88,505.5,yes,no,no,NA,NA,NA,NA,yes,yes,TetB_Tet.67__TetB_Tet__TetB__1213,99.59,585.1,yes
./ariba_amr_results/NC_011745/report.tsv,yes,yes,AMPH_Ecoli_Bla.89__AMPH_Ecoli_Bla__AMPH__615,97.32,41.1,yes,no,no,NA,NA,NA,no,no,NA,NA,NA,no,no,NA,NA,NA,no,no,NA,NA,NA,NA,no,NA,NA,NA,NA,no,no,NA,NA,NA,no,no,NA,NA,NA,NA,yes,yes,AmpC2_Ecoli_Bla.99__AmpC2_Ecoli_Bla__AmpC2__346,97.53,37.8,yes,no,no,NA,NA,NA,no,no,NA,NA,NA,no,no,NA,NA,NA,no,NA,NA,NA,NA,no,no,NA,NA,NA,no,no,NA,NA,NA,no,no,NA,NA,NA,no,no,NA,NA,NA,NA,no,no,NA,NA,NA,no,no,NA,NA,NA,yes,yes,MrdA_Bla.16__MrdA_Bla__MrdA__836,98.58,45.5,no,no,no,NA,NA,NA,no,no,NA,NA,NA,NA,no,no,NA,NA,NA,NA,no,no,NA,NA,NA,NA,no,no,NA,NA,NA,NA,no,no,NA,NA,NA,no,no,NA,NA,NA,NA,no,no,NA,NA,NA,NA,no,no,NA,NA,NA,NA
./ariba_amr_results/SRR1314218_trimmed/report.tsv,yes,yes,AMPH_Ecoli_Bla.89__AMPH_Ecoli_Bla__AMPH__615,97.5,45.9,yes,no,no,NA,NA,NA,no,no,NA,NA,NA,no,no,NA,NA,NA,yes,yes,AadA_AGly.229__AadA_AGly__AadA1__1598,99.37,24.8,yes,no,NA,NA,NA,NA,no,no,NA,NA,NA,partial,no,AmpC1_Ecoli_Bla.49__AmpC1_Ecoli_Bla__AmpC1__1670,97.59,10.7,yes,yes,yes,AmpC2_Ecoli_Bla.99__AmpC2_Ecoli_Bla__AmpC2__346,98.15,39.4,yes,no,no,NA,NA,NA,no,no,NA,NA,NA,no,no,NA,NA,NA,partial,CatBx_Phe.371__CatBx_Phe__CatB4__602,100.0,24.2,no,no,no,NA,NA,NA,no,no,NA,NA,NA,no,no,NA,NA,NA,no,no,NA,NA,NA,NA,no,no,NA,NA,NA,no,no,NA,NA,NA,yes,yes,MrdA_Bla.16__MrdA_Bla__MrdA__836,98.26,38.6,no,yes,yes,OXA_1_Bla.231__OXA_1_Bla__OXA_1__520,100.0,26.3,no,no,NA,NA,NA,NA,no,no,NA,NA,NA,NA,no,no,NA,NA,NA,NA,no,no,NA,NA,NA,NA,yes,yes,SulI_Sul.225__SulI_Sul__SulI__1616,100.0,14.1,no,no,NA,NA,NA,NA,no,no,NA,NA,NA,NA,yes,yes,TetB_Tet.67__TetB_Tet__TetB__1213,99.67,38.0,yes
./ariba_amr_results/SRR1314248_trimmed/report.tsv,yes,yes,AMPH_Ecoli_Bla.89__AMPH_Ecoli_Bla__AMPH__615,98.01,36.8,yes,yes,yes,Aac3_IIa_AGly.203__Aac3_IIa_AGly__Aac3_IIa__882,99.77,24.3,yes,yes,AacAad_AGly.43__AacAad_AGly__Aac6Ib_cr__1678,99.81,35.4,yes,yes,AadA4_5_AGly.285__AadA4_5_AGly__AadA5__1497,100.0,26.8,no,no,NA,NA,NA,NA,no,NA,NA,NA,NA,no,no,NA,NA,NA,yes,yes,AmpC1_Ecoli_Bla.49__AmpC1_Ecoli_Bla__AmpC1__1670,96.07,18.1,yes,yes,yes,AmpC2_Ecoli_Bla.99__AmpC2_Ecoli_Bla__AmpC2__346,97.97,31.7,yes,no,no,NA,NA,NA,yes,yes,CTX_M_1_Bla.193__CTX_M_1_Bla__CTX_M_15__150,100.0,35.7,no,no,NA,NA,NA,interrupted,CatBx_Phe.371__CatBx_Phe__CatB4__602,100.0,38.0,no,no,no,NA,NA,NA,no,no,NA,NA,NA,yes,yes,DfrA7_Tmt.433__DfrA7_Tmt__DfrA17__316,100.0,31.2,no,no,NA,NA,NA,NA,no,no,NA,NA,NA,yes,yes,MphA_MLS.158__MphA_MLS__MphA__1663,100.0,23.0,yes,yes,MrdA_Bla.16__MrdA_Bla__MrdA__836,98.95,30.7,no,yes,yes,OXA_1_Bla.231__OXA_1_Bla__OXA_1__520,100.0,39.0,no,no,NA,NA,NA,NA,yes,yes,StrA_AGly.263__StrA_AGly__StrA__1501,99.88,24.4,no,yes,yes,StrB_AGly.227__StrB_AGly__StrB__1614,99.88,29.8,yes,yes,yes,SulII_Sul.256__SulII_Sul__SulII__1219,100.0,23.9,no,yes,yes,SulI_Sul.225__SulI_Sul__SulI__1616,100.0,20.7,no,no,NA,NA,NA,NA,yes,yes,TetA_Tet.52__TetA_Tet__TetA__1545,100.0,24.1,no,yes,yes,TetB_Tet.67__TetB_Tet__TetB__1213,99.67,56.5,yes
./ariba_amr_results/SRR1314291_trimmed/report.tsv,yes,yes,AMPH_Ecoli_Bla.89__AMPH_Ecoli_Bla__AMPH__615,97.5,41.7,yes,no,no,NA,NA,NA,no,no,NA,NA,NA,no,no,NA,NA,NA,no,no,NA,NA,NA,NA,no,NA,NA,NA,NA,no,no,NA,NA,NA,partial,no,AmpC1_Ecoli_Bla.49__AmpC1_Ecoli_Bla__AmpC1__1670,97.59,11.2,yes,yes,yes,AmpC2_Ecoli_Bla.99__AmpC2_Ecoli_Bla__AmpC2__346,98.15,38.9,yes,no,no,NA,NA,NA,no,no,NA,NA,NA,no,no,NA,NA,NA,no,NA,NA,NA,NA,no,no,NA,NA,NA,no,no,NA,NA,NA,no,no,NA,NA,NA,no,no,NA,NA,NA,NA,no,no,NA,NA,NA,no,no,NA,NA,NA,yes,yes,MrdA_Bla.16__MrdA_Bla__MrdA__836,98.21,41.9,yes,no,no,NA,NA,NA,no,no,NA,NA,NA,NA,no,no,NA,NA,NA,NA,no,no,NA,NA,NA,NA,no,no,NA,NA,NA,NA,no,no,NA,NA,NA,yes,yes,TEM_1D_Bla.205__TEM_1D_Bla__TEM_95__948,99.88,57.5,yes,no,no,NA,NA,NA,NA,no,no,NA,NA,NA,NA
./ariba_amr_results/SRR4788195_trimmed/report.tsv,yes,yes,AMPH_Ecoli_Bla.89__AMPH_Ecoli_Bla__AMPH__615,99.48,32.7,no,no,no,NA,NA,NA,no,no,NA,NA,NA,no,no,NA,NA,NA,no,no,NA,NA,NA,NA,no,NA,NA,NA,NA,no,no,NA,NA,NA,yes,yes,AmpC1_Ecoli_Bla.49__AmpC1_Ecoli_Bla__AmpC1__1670,96.93,23.2,yes,yes,yes,AmpC2_Ecoli_Bla.99__AmpC2_Ecoli_Bla__AmpC2__346,97.35,26.0,yes,no,no,NA,NA,NA,no,no,NA,NA,NA,no,no,NA,NA,NA,no,NA,NA,NA,NA,no,no,NA,NA,NA,no,no,NA,NA,NA,no,no,NA,NA,NA,no,no,NA,NA,NA,NA,no,no,NA,NA,NA,no,no,NA,NA,NA,yes,yes,MrdA_Bla.16__MrdA_Bla__MrdA__836,99.0,34.0,no,no,no,NA,NA,NA,no,no,NA,NA,NA,NA,no,no,NA,NA,NA,NA,no,no,NA,NA,NA,NA,no,no,NA,NA,NA,NA,no,no,NA,NA,NA,no,no,NA,NA,NA,NA,no,no,NA,NA,NA,NA,no,no,NA,NA,NA,NA
./ariba_amr_results/SRR4897461_trimmed/report.tsv,yes,yes,AMPH_Ecoli_Bla.89__AMPH_Ecoli_Bla__AMPH__615,99.48,64.9,no,no,no,NA,NA,NA,no,no,NA,NA,NA,no,no,NA,NA,NA,no,no,NA,NA,NA,NA,no,NA,NA,NA,NA,no,no,NA,NA,NA,yes,yes,AmpC1_Ecoli_Bla.49__AmpC1_Ecoli_Bla__AmpC1__1670,96.93,45.3,yes,yes,yes,AmpC2_Ecoli_Bla.99__AmpC2_Ecoli_Bla__AmpC2__346,97.35,53.4,yes,no,no,NA,NA,NA,no,no,NA,NA,NA,no,no,NA,NA,NA,no,NA,NA,NA,NA,no,no,NA,NA,NA,no,no,NA,NA,NA,no,no,NA,NA,NA,no,no,NA,NA,NA,NA,no,no,NA,NA,NA,no,no,NA,NA,NA,yes,yes,MrdA_Bla.16__MrdA_Bla__MrdA__836,99.0,73.3,no,no,no,NA,NA,NA,no,no,NA,NA,NA,NA,no,no,NA,NA,NA,NA,no,no,NA,NA,NA,NA,no,no,NA,NA,NA,NA,no,no,NA,NA,NA,no,no,NA,NA,NA,NA,no,no,NA,NA,NA,NA,no,no,NA,NA,NA,NA
./ariba_amr_results/SRR4897463_trimmed/report.tsv,yes,yes,AMPH_Ecoli_Bla.89__AMPH_Ecoli_Bla__AMPH__615,100.0,30.1,no,no,no,NA,NA,NA,no,no,NA,NA,NA,no,no,NA,NA,NA,no,no,NA,NA,NA,NA,no,NA,NA,NA,NA,no,no,NA,NA,NA,yes,yes,AmpC1_Ecoli_Bla.49__AmpC1_Ecoli_Bla__AmpC1__1670,100.0,35.1,no,yes,yes,AmpC2_Ecoli_Bla.99__AmpC2_Ecoli_Bla__AmpC2__346,99.91,33.5,yes,no,no,NA,NA,NA,no,no,NA,NA,NA,no,no,NA,NA,NA,no,NA,NA,NA,NA,no,no,NA,NA,NA,no,no,NA,NA,NA,no,no,NA,NA,NA,no,no,NA,NA,NA,NA,no,no,NA,NA,NA,no,no,NA,NA,NA,yes,yes,MrdA_Bla.16__MrdA_Bla__MrdA__836,99.95,31.8,no,no,no,NA,NA,NA,no,no,NA,NA,NA,NA,no,no,NA,NA,NA,NA,no,no,NA,NA,NA,NA,no,no,NA,NA,NA,NA,no,no,NA,NA,NA,no,no,NA,NA,NA,NA,no,no,NA,NA,NA,NA,no,no,NA,NA,NA,NA
./ariba_amr_results/SRR7163924_trimmed/report.tsv,yes,yes,AMPH_Ecoli_Bla.89__AMPH_Ecoli_Bla__AMPH__615,98.7,45.2,no,no,no,NA,NA,NA,no,no,NA,NA,NA,no,no,NA,NA,NA,no,no,NA,NA,NA,NA,no,NA,NA,NA,NA,no,no,NA,NA,NA,yes,yes,AmpC1_Ecoli_Bla.49__AmpC1_Ecoli_Bla__AmpC1__1670,98.16,30.5,yes,yes,yes,AmpC2_Ecoli_Bla.99__AmpC2_Ecoli_Bla__AmpC2__346,97.53,55.3,yes,no,no,NA,NA,NA,no,no,NA,NA,NA,no,no,NA,NA,NA,no,NA,NA,NA,NA,no,no,NA,NA,NA,no,no,NA,NA,NA,no,no,NA,NA,NA,no,no,NA,NA,NA,NA,no,no,NA,NA,NA,no,no,NA,NA,NA,yes,yes,MrdA_Bla.16__MrdA_Bla__MrdA__836,98.69,51.5,no,no,no,NA,NA,NA,no,no,NA,NA,NA,NA,no,no,NA,NA,NA,NA,no,no,NA,NA,NA,NA,no,no,NA,NA,NA,NA,no,no,NA,NA,NA,no,no,NA,NA,NA,NA,no,no,NA,NA,NA,NA,no,no,NA,NA,NA,NA
./ariba_amr_results/SRR7191720_trimmed/report.tsv,yes,yes,AMPH_Ecoli_Bla.89__AMPH_Ecoli_Bla__AMPH__615,99.05,43.3,yes,no,no,NA,NA,NA,no,no,NA,NA,NA,no,no,NA,NA,NA,no,no,NA,NA,NA,NA,no,NA,NA,NA,NA,no,no,NA,NA,NA,interrupted,no,AmpC1_Ecoli_Bla.49__AmpC1_Ecoli_Bla__AmpC1__1670,98.08,26.6,yes,yes,yes,AmpC2_Ecoli_Bla.99__AmpC2_Ecoli_Bla__AmpC2__346,97.71,39.0,yes,no,no,NA,NA,NA,no,no,NA,NA,NA,no,no,NA,NA,NA,no,NA,NA,NA,NA,no,no,NA,NA,NA,no,no,NA,NA,NA,no,no,NA,NA,NA,no,no,NA,NA,NA,NA,no,no,NA,NA,NA,no,no,NA,NA,NA,yes,yes,MrdA_Bla.16__MrdA_Bla__MrdA__836,98.69,48.7,no,no,no,NA,NA,NA,no,no,NA,NA,NA,NA,yes,yes,StrA_AGly.263__StrA_AGly__StrA__1501,99.88,297.4,no,yes,yes,StrB_AGly.227__StrB_AGly__StrB__1614,100.0,412.2,no,yes,yes,SulII_Sul.256__SulII_Sul__SulII__1219,100.0,247.1,no,no,no,NA,NA,NA,no,no,NA,NA,NA,NA,yes,yes,TetA_Tet.52__TetA_Tet__TetA__1545,100.0,319.2,no,no,no,NA,NA,NA,NA
./ariba_amr_results/SRR7204400_trimmed/report.tsv,yes,yes,AMPH_Ecoli_Bla.89__AMPH_Ecoli_Bla__AMPH__615,99.05,24.9,no,no,no,NA,NA,NA,no,no,NA,NA,NA,no,no,NA,NA,NA,no,no,NA,NA,NA,NA,no,NA,NA,NA,NA,no,no,NA,NA,NA,yes,yes,AmpC1_Ecoli_Bla.49__AmpC1_Ecoli_Bla__AmpC1__1670,98.7,16.4,yes,yes,yes,AmpC2_Ecoli_Bla.99__AmpC2_Ecoli_Bla__AmpC2__346,97.53,21.0,yes,no,no,NA,NA,NA,no,no,NA,NA,NA,no,no,NA,NA,NA,no,NA,NA,NA,NA,no,no,NA,NA,NA,no,no,NA,NA,NA,no,no,NA,NA,NA,no,no,NA,NA,NA,NA,no,no,NA,NA,NA,no,no,NA,NA,NA,yes,yes,MrdA_Bla.16__MrdA_Bla__MrdA__836,99.37,20.5,yes,no,no,NA,NA,NA,no,no,NA,NA,NA,NA,no,no,NA,NA,NA,NA,no,no,NA,NA,NA,NA,no,no,NA,NA,NA,NA,no,no,NA,NA,NA,no,no,NA,NA,NA,NA,no,no,NA,NA,NA,NA,no,no,NA,NA,NA,NA
./ariba_amr_results/SRR7215905_trimmed/report.tsv,yes,yes,AMPH_Ecoli_Bla.89__AMPH_Ecoli_Bla__AMPH__615,98.88,46.0,yes,no,no,NA,NA,NA,no,no,NA,NA,NA,no,no,NA,NA,NA,no,no,NA,NA,NA,NA,no,NA,NA,NA,NA,no,no,NA,NA,NA,yes,yes,AmpC1_Ecoli_Bla.49__AmpC1_Ecoli_Bla__AmpC1__1670,95.17,25.7,yes,yes,yes,AmpC2_Ecoli_Bla.99__AmpC2_Ecoli_Bla__AmpC2__346,97.09,30.1,yes,no,no,NA,NA,NA,no,no,NA,NA,NA,no,no,NA,NA,NA,no,NA,NA,NA,NA,no,no,NA,NA,NA,no,no,NA,NA,NA,no,no,NA,NA,NA,no,no,NA,NA,NA,NA,no,no,NA,NA,NA,no,no,NA,NA,NA,yes,yes,MrdA_Bla.16__MrdA_Bla__MrdA__836,99.42,48.5,no,no,no,NA,NA,NA,no,no,NA,NA,NA,NA,no,no,NA,NA,NA,NA,no,no,NA,NA,NA,NA,no,no,NA,NA,NA,NA,no,no,NA,NA,NA,no,no,NA,NA,NA,NA,no,no,NA,NA,NA,NA,no,no,NA,NA,NA,NA
./ariba_amr_results/SRR7249697_trimmed/report.tsv,yes,yes,AMPH_Ecoli_Bla.89__AMPH_Ecoli_Bla__AMPH__615,97.06,54.6,yes,no,no,NA,NA,NA,no,no,NA,NA,NA,no,no,NA,NA,NA,no,no,NA,NA,NA,NA,no,NA,NA,NA,NA,no,no,NA,NA,NA,partial,no,AmpC1_Ecoli_Bla.49__AmpC1_Ecoli_Bla__AmpC1__1670,97.59,11.0,yes,yes,yes,AmpC2_Ecoli_Bla.99__AmpC2_Ecoli_Bla__AmpC2__346,97.88,32.2,yes,no,no,NA,NA,NA,no,no,NA,NA,NA,no,no,NA,NA,NA,no,NA,NA,NA,NA,no,no,NA,NA,NA,no,no,NA,NA,NA,no,no,NA,NA,NA,no,no,NA,NA,NA,NA,no,no,NA,NA,NA,no,no,NA,NA,NA,yes,yes,MrdA_Bla.16__MrdA_Bla__MrdA__836,98.69,71.9,no,no,no,NA,NA,NA,no,no,NA,NA,NA,NA,no,no,NA,NA,NA,NA,no,no,NA,NA,NA,NA,no,no,NA,NA,NA,NA,no,no,NA,NA,NA,no,no,NA,NA,NA,NA,no,no,NA,NA,NA,NA,no,no,NA,NA,NA,NA
./ariba_amr_results/SRR7265860_trimmed/report.tsv,yes,yes,AMPH_Ecoli_Bla.89__AMPH_Ecoli_Bla__AMPH__615,99.48,28.6,no,no,no,NA,NA,NA,no,no,NA,NA,NA,no,no,NA,NA,NA,no,no,NA,NA,NA,NA,no,NA,NA,NA,NA,no,no,NA,NA,NA,yes,yes,AmpC1_Ecoli_Bla.49__AmpC1_Ecoli_Bla__AmpC1__1670,96.93,19.0,yes,yes,yes,AmpC2_Ecoli_Bla.99__AmpC2_Ecoli_Bla__AmpC2__346,97.35,26.5,yes,no,no,NA,NA,NA,no,no,NA,NA,NA,no,no,NA,NA,NA,no,NA,NA,NA,NA,no,no,NA,NA,NA,no,no,NA,NA,NA,no,no,NA,NA,NA,no,no,NA,NA,NA,NA,no,no,NA,NA,NA,no,no,NA,NA,NA,yes,yes,MrdA_Bla.16__MrdA_Bla__MrdA__836,99.0,31.4,no,no,no,NA,NA,NA,no,no,NA,NA,NA,NA,no,no,NA,NA,NA,NA,no,no,NA,NA,NA,NA,no,no,NA,NA,NA,NA,no,no,NA,NA,NA,no,no,NA,NA,NA,NA,no,no,NA,NA,NA,NA,no,no,NA,NA,NA,NA
./ariba_amr_results/SRR7285424_trimmed/report.tsv,yes,yes,AMPH_Ecoli_Bla.89__AMPH_Ecoli_Bla__AMPH__615,99.48,30.3,no,no,no,NA,NA,NA,no,no,NA,NA,NA,no,no,NA,NA,NA,no,no,NA,NA,NA,NA,no,NA,NA,NA,NA,no,no,NA,NA,NA,yes,yes,AmpC1_Ecoli_Bla.49__AmpC1_Ecoli_Bla__AmpC1__1670,96.93,22.2,yes,yes,yes,AmpC2_Ecoli_Bla.99__AmpC2_Ecoli_Bla__AmpC2__346,97.35,19.0,yes,no,no,NA,NA,NA,no,no,NA,NA,NA,no,no,NA,NA,NA,no,NA,NA,NA,NA,no,no,NA,NA,NA,no,no,NA,NA,NA,no,no,NA,NA,NA,no,no,NA,NA,NA,NA,no,no,NA,NA,NA,no,no,NA,NA,NA,yes,yes,MrdA_Bla.16__MrdA_Bla__MrdA__836,99.0,30.6,no,no,no,NA,NA,NA,no,no,NA,NA,NA,NA,no,no,NA,NA,NA,NA,no,no,NA,NA,NA,NA,no,no,NA,NA,NA,NA,no,no,NA,NA,NA,no,no,NA,NA,NA,NA,no,no,NA,NA,NA,NA,no,no,NA,NA,NA,NA
./ariba_amr_results/SRR7501141_trimmed/report.tsv,yes,yes,AMPH_Ecoli_Bla.89__AMPH_Ecoli_Bla__AMPH__615,99.83,63.0,yes,no,no,NA,NA,NA,no,no,NA,NA,NA,no,no,NA,NA,NA,no,no,NA,NA,NA,NA,no,NA,NA,NA,NA,no,no,NA,NA,NA,yes,yes,AmpC1_Ecoli_Bla.49__AmpC1_Ecoli_Bla__AmpC1__1670,100.0,53.2,no,yes,yes,AmpC2_Ecoli_Bla.99__AmpC2_Ecoli_Bla__AmpC2__346,100.0,54.4,no,no,no,NA,NA,NA,no,no,NA,NA,NA,no,no,NA,NA,NA,no,NA,NA,NA,NA,no,no,NA,NA,NA,no,no,NA,NA,NA,no,no,NA,NA,NA,no,no,NA,NA,NA,NA,no,no,NA,NA,NA,no,no,NA,NA,NA,yes,yes,MrdA_Bla.16__MrdA_Bla__MrdA__836,100.0,73.7,no,no,no,NA,NA,NA,no,no,NA,NA,NA,NA,no,no,NA,NA,NA,NA,no,no,NA,NA,NA,NA,no,no,NA,NA,NA,NA,no,no,NA,NA,NA,no,no,NA,NA,NA,NA,no,no,NA,NA,NA,NA,no,no,NA,NA,NA,NA
